title,category,price,rating,num_reviews,num_subscribers
Detailed Study of GST using 100 Practical Question & Answers,IT & Software,1280.0,0.0,0,1
Minimal GDPR and IT security,Finance & Accounting,1280.0,4.35,5,20
Life Coach Certification: Life Purpose & Happiness Coaching,Business,8640.0,3.82,72,3628
Retrieving Data from Oracle Database with SQL,Development,7040.0,3.68,18,1694
SAP Customer Credit and Debit Memo Processing,Lifestyle,2240.0,4.54,20,186
El pequeño curso de la inversión paciente y racional,IT & Software,8640.0,4.44,561,2203
Fostering Inclusive Workplace Climates,Finance & Accounting,1920.0,4.46,9,29
Day Trading Forex 101,Business,12800.0,4.87,7,20
Master vi / vim Linux Command Line Text Editor,Development,1280.0,4.13,50,14565
Curso Completo de Excel. Do Básico ao Avançado. (LANÇAMENTO),Lifestyle,2560.0,0.0,0,2
Blue Prism Foundation Course,IT & Software,1280.0,4.43,1901,10089
New! Raise funds for your innovative business with EU grants,Finance & Accounting,9600.0,5.0,28,2233
RideShare Driving Secrets: How I Earn 28 Dollars per hour,Business,8640.0,4.58,6,120
Learn to code in Java from Scratch,Development,8640.0,4.4,16,1436
BeyondFormulas: Complete MS Excel Techniques & Modeling,Lifestyle,1280.0,4.09,256,2261
Splunk Core User Practice Test,IT & Software,1920.0,3.34,103,242
Craigslist Mastery: Comprehensive Guide to Offline Arbitrage,Finance & Accounting,1280.0,4.88,13,966
99 SCHOOL MANAGEMENT STRATEGIES,Business,1280.0,3.45,15,1506
Learn To Create An RPG Game In Unity,Development,8640.0,4.43,2884,15201
Study Skills - Improvement And Development,Lifestyle,8640.0,3.94,91,1280
【日商簿記対応・プロが教える・最速】会計・簿記の基礎知識をわかりやすく、 図・動画・グラフィックを駆使して学ぶ講座,IT & Software,8640.0,4.15,29,159
Visualizing data using Stata,Finance & Accounting,1600.0,4.51,26,2729
How to Sell on Amazon and Walmart - Go From Beginner to Pro,Business,1920.0,3.4,10,546
JAVA GUI Programming with Swing,Development,1280.0,3.58,21,2307
Microsoft Word 2019 Essentials,Lifestyle,0.0,4.18,505,7452
Pajak Pertambahan Nilai (PPN) di Indonesia,IT & Software,0.0,4.54,24,486
實戰選飆股,Finance & Accounting,12800.0,4.76,6,22
Invest in Stocks Like a Pro Investor by a Pro Investor!,Business,8640.0,4.45,1267,16753
Spring AOP Crash Course,Development,1280.0,3.01,8,1404
Basics of Photoshop in 35 mins (for Absolute Beginners),Lifestyle,8640.0,4.33,620,25199
LPI Linux Essentials (010-160) Complete Course and Exams,IT & Software,8640.0,4.7,933,3990
Income Tax Preparation When You're Self-Employed,Finance & Accounting,6400.0,4.11,38,193
Agile PM 401 - Advanced Agile Project Management,Business,8640.0,4.44,807,5021
Learn Java the Easy Way: Build Desktop & Android Mobile Apps,Development,2560.0,4.38,502,3234
"NEW WORLD WHISKEY -  Bourbon, Rye, Canadian & more...",Lifestyle,1920.0,4.35,16,818
Principles of Stock Trading,IT & Software,8640.0,3.79,21,1267
Be A Better Manager 3 - Team Building Management Training,Finance & Accounting,8000.0,4.26,410,1801
Restaurant Management - Pricing your menu items using data,Business,2560.0,3.66,26,5051
HTML and CSS for complete Beginners,Development,1280.0,4.47,154,3504
花はじめ　ワンコインのお花で創るお洒落なおうち空間,Lifestyle,12800.0,0.0,0,0
Comprehensive Cardano Vol.2: Beginner to Cardano Expert,IT & Software,8640.0,3.17,13,50
Vocal Presentation Skills From Hollywood Legends,Finance & Accounting,12800.0,4.14,72,6513
A Fool's Guide to EUR/USD Trading Success,Business,1280.0,3.69,14,49
Android Game Development : Build & Monetize Complete 3D Game,Development,8640.0,3.99,23,220
V-ray para Sketchup: renderize imagens incríveis,Lifestyle,4800.0,4.63,240,965
Volatility Trading Via Quantitative Modeling in Excel,IT & Software,8640.0,4.62,10,40
Option Trading - How To Earn If You Can't Predict The Market,Finance & Accounting,8640.0,3.97,30,2413
Learn 23 Ways to Make Money Online with Your Smartphone!,Business,8640.0,3.35,127,9934
SQL Server Performance Tuning Part 2,Development,1280.0,4.26,404,3769
Learn SEO:  A Simple (But Complete) Guide for 2020,Lifestyle,1280.0,3.88,44,1268
ePLAN Electric P8 - The Essentials - For Beginners,IT & Software,5120.0,4.7,144,359
Understand SWOT Analysis in 30 minutes,Finance & Accounting,1280.0,4.11,3108,23932
Grow Your Tarot Business: Professional Tarot Card Success,Business,8640.0,3.94,75,887
React Native Design Patterns,Development,8000.0,4.06,20,108
Rock Painting and Beyond - Decorative Stone Art,Lifestyle,1600.0,4.24,8,88
Financial Statements: Learn Accounting. Unlock the Numbers.,IT & Software,3200.0,4.36,30,338
Business Analysis: Become a Business Analyst,Finance & Accounting,6400.0,4.6,55,805
Learn about Telecom Operations,Business,1280.0,3.23,7,50
ASP.NET Core 2.0 Vue.JS Starter Guide,Development,8640.0,3.44,48,325
Primavera P6 Professional Training,Lifestyle,6400.0,4.21,285,1050
PMI-ACP - PMI Agile Certified Practitioner practice exams,IT & Software,2240.0,3.88,8,50
Mastering Global Financial Markets,Finance & Accounting,1600.0,4.51,12,68
Kanban Exam Challenge for Lean Practitioners & Aspirants,Business,1600.0,3.32,6,1914
Learn Advanced Python Programming,Development,8640.0,3.71,440,6109
Der ultimative Twitch Streamer Videokurs - KnowledgePower,Lifestyle,8640.0,4.31,39,206
How to Win Over Investors | Finance for Entrepreneurs,IT & Software,1280.0,3.95,30,3040
How to Buy Probate Real Estate,Finance & Accounting,1920.0,4.47,104,939
Data Mining with RapidMiner,Business,8640.0,3.24,22,582
Mastering Java SE programming from Beginner to Master,Development,8640.0,4.73,226,1115
Hypnose lernen Intensiv & professionell -  Zertifiziert,Lifestyle,6400.0,4.79,8,83
Earning passive income in crypto market,IT & Software,0.0,4.27,21,3695
Leadership | How to Set Yourself up for Success,Finance & Accounting,1920.0,3.84,78,404
HR Analytics - Advanced Analytics,Business,1280.0,4.21,56,230
Modern Freelancing Website In PHP&MYSQLI With Bootstrap 4,Development,6400.0,4.3,94,792
Word 2007 - Intermediate,Lifestyle,2560.0,4.71,3,21
Stock Fundamental Analysis with Excel,IT & Software,1600.0,4.04,154,1118
Fast Track Retail Buying and Merchandising,Finance & Accounting,4800.0,4.31,917,3450
Customer Service - Conflict Resolution,Business,2560.0,3.96,78,435
"Create Complete Sign up System using PHP, jQuery and Ajax",Development,8640.0,4.5,61,4112
After Effectsでロゴアニメーションを作ってブランディングを強化しよう。,Lifestyle,8640.0,3.86,15,212
6 Steps to Manifesting an Income Goal in Your Business,IT & Software,3200.0,4.67,11,139
Masterclass: Start a Profitable Restaurant Business,Finance & Accounting,6400.0,4.54,47,1466
Amazon FBA Arbitrage: Make Money Without Private Labeling,Business,2560.0,4.56,43,538
Augmented Reality Portal using Apple ARKit framework for AR,Development,1920.0,4.23,192,942
"Master 3D, de Cero a Héroe Vol.7: Crea a ""Batman""",Lifestyle,7680.0,4.61,73,389
Writing That Moves: Write Novels That Keep Pages Turning,IT & Software,1280.0,4.77,315,3147
How to Earn Passive Income As A Fashion Entrepreneur,Finance & Accounting,1600.0,3.65,27,4276
Become Independent Nail Art Tech with Home manicure Business,Business,1280.0,4.48,34,314
Locking and Unlocking Levels in Your Solar2D Games,Development,1280.0,4.55,11,85
Microsoft 365 PowerApps,Lifestyle,2560.0,4.15,524,1828
R Programming,IT & Software,6400.0,3.7,189,42750
Cost Reduction: Cut Costs and Maximise Profits,Finance & Accounting,8640.0,4.34,281,1063
QuickBooks Vendors And Accounts Payable,Business,1280.0,4.25,99,744
Cocos2d-x v3 JavaScript - Game Development Series,Development,4800.0,3.48,49,26434
Mudras for Beginners: Self Healing Techniques,Lifestyle,0.0,4.45,21,1025
21 Strategies to Build GREAT Credit!,IT & Software,1280.0,5.0,1,8
"Mastering Your Industry: Competitors, Products, & Suppliers",Finance & Accounting,3200.0,4.13,496,1399
The Top Three Things That Sell Most Kindle Nonfiction Books,Business,8640.0,3.99,81,5881
Database Management System from scratch - Part 1,Development,1280.0,2.79,30,3168
"Change Your Handwriting, Change Your Life",Lifestyle,1600.0,3.38,41,4193
Cryptocurrency Investment in 2020,IT & Software,8640.0,3.89,9,197
FinTech - Practitioner course on Payment Gateway and QR Code,Finance & Accounting,8640.0,3.97,23,550
Self-Publishing: Beginner to Advanced - The Complete Course,Business,1280.0,4.09,75,9064
Learn Python From Scratch,Development,8640.0,2.69,47,6050
How to Draw Like a Master. Drawing a Hand.,Lifestyle,1920.0,3.32,27,587
Bitcoin dalla teoria alla pratica - sezione Transazioni,IT & Software,3200.0,0.0,0,2
Microsoft Excel for Business Professionals,Finance & Accounting,8640.0,4.55,465,5558
How to Sell Goods and Services to the Government of Canada,Business,8640.0,5.0,5,31
WordPress E-commerce: Build Two Stores and a Membership Site,Development,8640.0,4.38,537,4633
Improve Your Reading Speed and Comprehension,Lifestyle,2880.0,4.34,20,107
HR Analytics & People Analytics 101 - Beginner,IT & Software,6400.0,4.28,102,313
Create innovative ideas quickly using technology,Finance & Accounting,6400.0,3.43,10,1052
Start Business with low cost and good Strategy,Business,8640.0,3.19,11,3971
Build an 8-bit website using Bootstrap and Javascript.,Development,1280.0,4.14,17,5861
Typografie - Die besten Schriftarten im Geschäftsalltag,Lifestyle,4800.0,3.8,31,326
"Oracle Apps R12 Technical Training Bundle (Technical, D2K..)",IT & Software,5760.0,3.04,7,19
Text Mining -  Learn it from Scratch Using Case Study in R!,Finance & Accounting,8640.0,3.57,11,538
Improve your Handwriting - Improve your Life,Business,4800.0,4.5,789,6759
Mastering Flutter,Development,8000.0,3.99,23,112
How to make a first person view (FPV) drone,Lifestyle,1920.0,4.03,2,63
Course 4: MCSA Windows Server 2019 Enterprise Network,IT & Software,8640.0,4.29,15,442
"How to set up an IRS Payment Plan,Instructed by Ex-IRS Agent",Finance & Accounting,1280.0,4.39,3,11
Brand Identity Breakthrough: Make Your Products Irresistible,Business,1280.0,4.66,24,655
Learn C as your first programming language,Development,6400.0,3.98,30,405
Twitter - JavaScript Quick Reply ChatBot & 100% automation,Lifestyle,1280.0,5.0,3,8
Diagnosis Evolution: The ICD-9 to ICD-10 Transition,IT & Software,4800.0,4.26,51,279
Goal Setting for Business Success,Finance & Accounting,2560.0,4.39,4,533
Complete Machine Learning and Deep Learning With H2O in R,Business,8640.0,4.35,39,343
MySQL 101 for beginners,Development,6400.0,4.24,19,1301
Autism Parents’ Starter Kit: Tips & Tools for Your 1st Year,Lifestyle,1280.0,3.92,3,19
Forex Trading Profitably,IT & Software,1280.0,3.11,16,523
Story-Selling: Email & Content Marketing That'll Boost Sales,Finance & Accounting,3200.0,3.22,28,6139
The Complete Public Speaking Certification Program (Part 3),Business,8640.0,4.57,109,1008
Streaming Big Data with Spark Streaming & Scala - Hands On!,Development,8960.0,4.63,2730,19709
Marketing Relacional,Lifestyle,1280.0,4.47,10,81
Time Management Public Speaking - Drastically Reduce Prep,IT & Software,8640.0,4.4,122,5720
Sarbanes-Oxley (SOX) General and Applications Controls,Finance & Accounting,6400.0,4.19,77,286
Launch a Subscription Business,Business,1280.0,3.13,50,3602
Fundamentals of image processing using Python and opencv,Development,1600.0,4.09,19,52
Arm Your Child To Be Drug Free with 5 Simple Actions,Lifestyle,8640.0,5.0,2,800
CCT Routing & Switching exam (RSTECH) : Practice Tests,IT & Software,1920.0,3.83,11,51
Forex Trading: Technical Analysis Mastery For Daily Profit,Finance & Accounting,8640.0,4.33,73,707
Master Business Writing and Editing,Business,6400.0,4.33,1532,6001
Shell Scripting: Discover How to Automate Command Line Tasks,Development,6080.0,4.39,5841,37009
How do you make your Boss work for you,Lifestyle,1600.0,0.0,0,0
Complete NMAP: Learn Ethical Hacking with NMAP,IT & Software,8640.0,4.67,21,116
"Trilha da Riqueza - Finanças, Investimentos e Mindset",Finance & Accounting,1920.0,4.41,3,5
Create your business plan with StratPad,Business,6080.0,4.41,29,4779
How to create Really Profesional Free website on Blogger,Development,1280.0,4.1,20,2481
OpenToonz 101: drawing tools demystified,Lifestyle,3840.0,4.09,65,2929
AWS Security Speciality(SCS-C01) 2020 with Explanations,IT & Software,1280.0,3.55,8,51
Launch Your Startup Entrepreneur Business,Finance & Accounting,1280.0,3.83,812,6109
How to Win US Federal Government Contracts,Business,6080.0,4.69,45,1374
OpenCV: Master OpenCV 3 Application Development Using Python,Development,8640.0,2.83,26,235
Positive Psychology: A Short Course in Habits and Happiness,Lifestyle,1280.0,4.82,73,3731
Closing More Sales - 'Your Customer Can Sell to Themselves'!,IT & Software,6400.0,4.35,10,48
Selling at the C-Level,Finance & Accounting,3200.0,3.94,7,32
Entrepreneurship Secret-How to start successful business,Business,8640.0,3.79,23,2285
Gatsby JS & Shopify: Gatsby ecommerce sites [Gatsby 2020],Development,1920.0,4.68,9,82
Create Contemporary Owl Art With Acrylic And Collage,Lifestyle,2560.0,4.26,11,1074
CCNP SWITCH 300-115 Video Boot Camp With Chris Bryant,IT & Software,1280.0,4.5,750,3876
Pricing your Home Staging Services,Finance & Accounting,2240.0,4.48,19,573
Exceptional Customer Service,Business,2880.0,3.4,4,12
HTML5 & CSS3 ♦ Build responsive website from scratch,Development,1280.0,3.9,11,163
Débuter avec Adwords,Lifestyle,3200.0,4.47,64,439
Cloudera CCA 175 Spark Developer Certification: Hadoop Based,IT & Software,8640.0,4.79,143,2811
"Advance Stock Trading (Short term, Swing and Long term)",Finance & Accounting,1280.0,2.91,22,1614
Understanding and developing Emotional Intelligence,Business,3200.0,4.14,5177,13396
3D Modeling in Blender 2.8 for Unity Video Game Developers,Development,2880.0,4.7,193,1112
YouTube Masterclass - Your Complete Guide to YouTube,Lifestyle,11520.0,4.38,7990,157937
Informal and formal disciplinary meetings and investigations,IT & Software,3200.0,3.84,6,587
Economics - Super Simple Education,Finance & Accounting,1280.0,3.86,3,15
Business Data Mining Using Python : Discovering Knowledge.,Business,8640.0,5.0,4,1028
Practical CSS Grid: Learn Grid Layout in under 2 hours!,Development,3200.0,4.93,25,127
Crea una Academia Online en Tiempo Record,Lifestyle,2240.0,4.0,1,8
Cisco 200-101 (ICND2) Exam Training Made Easy,IT & Software,3200.0,4.41,46,932
Make A Bundle Selling Amazon Bundles!,Finance & Accounting,1600.0,4.66,77,1747
10 Online Business Models That Make Me 6-Figures,Business,6400.0,4.55,83,716
Learn Socket to Create Multiplayer Games with Unity,Development,8640.0,3.51,40,298
Oracle 11g PL/SQL Fundamentals II,Lifestyle,6400.0,4.61,320,1744
How to Create a WordPress Website - 2018,IT & Software,1280.0,4.34,119,8971
How to Set Up a Translation Agency: The Complete Guide,Finance & Accounting,3200.0,4.62,49,1400
Learning IBM SPSS Statistics,Business,8000.0,4.45,12,63
Modern Multi Vendors E-Commerce Store In PHP,Development,6400.0,4.4,421,2150
"Marketing e Propaganda, o passo a passo para iniciantes",Lifestyle,2560.0,4.17,11,23
PCB Design And Manufacturing: The Complete Guide,IT & Software,1280.0,4.14,14,68
Bitcoin Trading Using Machine Learning with R,Finance & Accounting,8640.0,3.58,5,40
Business Education: Guide to Blockchain and Cryptocurrencies,Business,1920.0,4.21,119,25295
Learn C# Programming For Absolute Beginners  From Scratch,Development,8640.0,4.03,35,1533
Adobe Illustrator for Children's Books: Watercolor Style,Lifestyle,8640.0,4.69,58,444
Learn Microsoft T-SQL The Easy Way,IT & Software,2560.0,4.84,29,1881
How to Understand Your Workplace Rights to Get an Upper Hand,Finance & Accounting,1920.0,4.56,8,55
Learn SuiteCRM / SugarCRM CE For Beginners,Business,4160.0,2.1,4,30
Learn To Program Tic-Tac-Toe with C# and Visual Studio,Development,2240.0,4.27,59,1719
Truck Driving - An Introduction to Professional Trucking,Lifestyle,1920.0,4.46,15,84
Writers Workshop: Start Writing Your First Book,IT & Software,4160.0,4.42,4,21
The ProForma - The First Tool in Business,Finance & Accounting,1280.0,3.21,10,41
"Deliver Powerful, Painless Feedback to Motivate vs Frustrate",Business,3200.0,4.07,288,1168
Beginning C++ Programming - From Beginner to Beyond,Development,8640.0,4.59,28514,106093
How to Get a Job at Google - Insights from Former Employees,Lifestyle,6720.0,4.25,31,3942
Sales Objection Jiu-jitsu,IT & Software,1600.0,4.18,6,21
The Real Estate Development Modeling Master Class,Finance & Accounting,8640.0,4.56,668,3568
Speak on camera with confidence,Business,1280.0,4.69,16,142
AWS - Building Intelligent Data Driven Applications with AWS,Development,8640.0,3.75,9,98
Videos machen mit dem Smartphone,Lifestyle,8640.0,4.51,15,70
Product Cost and Pricing Strategy,IT & Software,1280.0,0.0,0,0
"power trader 2,0",Finance & Accounting,1280.0,0.0,0,0
Launching a Web Hosting Business from Scratch,Business,1280.0,4.53,37,1080
Test your HTML skills | All Versions Standard,Development,1280.0,4.01,57,4556
Learn Solidworks by examples,Lifestyle,8640.0,3.58,62,961
Wireless Hacking and Security,IT & Software,2560.0,3.82,5,90
Domain Flipping: Make Money Online,Finance & Accounting,6400.0,4.49,20,73
SMCG for Management Consultants and Business Analysts,Business,8640.0,4.7,24,1192
HTML CSS Bootstrap jQuery Website from Scratch to Production,Development,1280.0,3.71,326,10787
Learn Illustrator CC: Create Vector Graphic Illustration,Lifestyle,0.0,3.89,12,1915
Oracle Unified Directory (OUD) Administration,IT & Software,12800.0,4.09,19,74
Project Finance Modeling for Renewable Energy,Finance & Accounting,8640.0,4.48,58,204
Developing an Employee Onboarding Program,Business,6720.0,4.34,52,447
Learn How To Do Amazing Cloth Animation In Unreal Engine 4!,Development,8640.0,4.11,126,1476
Lavorare da casa,Lifestyle,1600.0,0.0,0,1
The Science of Teams (TSoT) - Theory,IT & Software,3200.0,5.0,4,6
Introduction to Health Financing,Finance & Accounting,8640.0,4.71,29,134
The Real Estate Financial Modeling Interview Exam Guide,Business,8640.0,4.76,306,1728
Learn 30 JavaScript Methods in 12 days!,Development,6400.0,4.75,11,43
Guest Blogging Blueprint: Multiply Your Traffic & Influence,Lifestyle,3520.0,4.55,68,3712
EIQ2 - Partnering for Peak Customer Growth & Success,IT & Software,8640.0,3.99,3,2556
Giving and Receiving Effective Feedback,Finance & Accounting,2240.0,3.99,10,36
PMP PMBOK 6 Practice Exams: Set Two for PMP Candidates,Business,6400.0,4.18,342,3096
The complete JavaScript developer: MEAN stack zero-to-hero,Development,5440.0,3.84,1860,8515
Get Creative with Clay!,Lifestyle,1920.0,5.0,1,48
The Most Comprehensive Dropshipping Guide Ever Created,IT & Software,12800.0,4.48,230,6354
The Essential Guide to Entrepreneurship by Guy Kawasaki,Finance & Accounting,6080.0,4.51,2885,19740
How To Write A Movie Script : Movie Script Writing Basics,Business,3200.0,4.48,150,4869
Productive coding with WebStorm,Development,1600.0,4.56,199,828
PTSD: Cleaning and Clearing Shock and Trauma,Lifestyle,8000.0,4.51,149,805
Financial Mathematics: Simple&Compound Interest Calculations,IT & Software,1600.0,0.0,0,3
How to Succeed In Your First Management Job,Finance & Accounting,8640.0,4.43,288,1387
Certified Lean Management Professional,Business,2880.0,4.26,480,2515
Modern JavaScript For Developers,Development,2560.0,3.85,9,70
Start and Market Your Online Business:,Lifestyle,8640.0,3.83,12,3034
How Do Customers See Your Hospitality Property? Updated 2020,IT & Software,3200.0,4.38,15,66
ISO31000 Integrating Risk Management into Decision Making,Finance & Accounting,8640.0,4.06,14,96
Youtube Vlogging: Secrets of Youtube Success,Business,3840.0,4.14,200,1057
Scala for Spark - The Most Important Parts,Development,2560.0,3.23,16,56
Youtube Ads 2020 COMPLETO (4 Campanhas em 1) + Remarketing,Lifestyle,8640.0,4.59,32,147
Aspen Plus - Intermediate Process Modeling,IT & Software,1280.0,4.23,153,1646
Short Sell & Day Trading (2 Course Bundle) 21 Hours,Finance & Accounting,1280.0,4.56,78,8357
The Gig Economy Preparation Guide,Business,6080.0,4.0,4,30
Exploring Alexa Voice Services and Alexa Gadgets,Development,8640.0,4.94,16,112
Illustratorでポストカード・名刺・フライヤーを作ろう,Lifestyle,1280.0,4.21,16,99
PowerShell Universal Dashboard,IT & Software,1280.0,4.16,22,88
Manage Change Through Collaboration and Team Work,Finance & Accounting,6400.0,4.33,1423,4361
Management Accounting A Complete Study,Business,8640.0,3.97,66,753
Inverters Design (SVPWM) MATLAB/Simulink,Development,4480.0,3.33,31,474
Pinterest Marketing:How to use Pinterest for Business Growth,Lifestyle,8320.0,3.7,43,4018
First Steps to Trading the Forexmarkets : Technical Analysis,IT & Software,1280.0,3.97,24,1786
Controlando as Finanças Pessoais com o ORGANIZZE,Finance & Accounting,0.0,4.41,186,5865
Options Trading for Rookies: Make & Manage Profitable Trades,Business,6080.0,4.67,425,4759
The Amazing iOS9 Course - Over 84 hours of Content!,Development,8640.0,4.13,23,955
Rock Painting for Beginners,Lifestyle,0.0,4.72,165,5129
Beginners guide to successfully day trading Bitcoin,IT & Software,2880.0,4.34,34,1038
MYOB Bookkeeping Software,Finance & Accounting,2880.0,3.74,45,185
Format Professional Kindle Books Easily and Quickly,Business,8000.0,4.76,54,4602
Server Side Rendering with React and Redux,Development,2560.0,4.75,2821,18492
EFT Your Fear of Public Speaking,Lifestyle,8640.0,3.88,50,8845
Activities and Tools Used for Business (IIBA - ECBA),IT & Software,6400.0,4.5,23,5926
PMI-ACP Agile Principles and Mindset,Finance & Accounting,5440.0,4.54,28,130
Kid Entrepreneurship - Business Launch Plan (3rd-5th grade),Business,6400.0,4.24,192,4337
DevOps CI CD with Jenkins,Development,4480.0,3.82,286,2886
Digital Marketing:  Simulador e Material de Estudo,Lifestyle,1280.0,0.0,0,4
Anonymity Guide For Ethical Hackers,IT & Software,8640.0,3.05,261,22708
High Impact Presentation Skills,Finance & Accounting,1280.0,4.52,7,48
Talent Management and Succession Planning,Business,4800.0,3.72,113,345
Going beyond Dashboards with IBM Cognos Analytics,Development,8000.0,4.12,51,330
Teams в образовании: как настроить и провести занятия,Lifestyle,0.0,4.86,5,61
Sales and Business Case Development,IT & Software,8640.0,4.66,92,1618
Ethics Review for CFA® Level 1 (2020),Finance & Accounting,3840.0,4.58,121,1811
Complete Tableau 2020 Training for Absolute Beginners,Business,8640.0,4.51,1691,22015
Beginning Jenkins,Development,8640.0,3.75,31,92
"Creation, texture and hair for a character in Maya",Lifestyle,8640.0,0.0,0,15
Start And Build a Graphic Design Home Business,IT & Software,1920.0,3.57,27,2089
Team Management - Getting More Done with the Least Friction,Finance & Accounting,8640.0,3.88,26,862
8. Amortization Schedules,Business,1280.0,4.67,3,240
Build Real World Websites from Scratch using HTML5 and CSS3,Development,8640.0,4.37,390,28830
Marketing de conteúdo: como encantar sua audiência,Lifestyle,2560.0,3.2,23,79
Windows Server 2016 Administration Masterclass: 2-In-1,IT & Software,8640.0,4.0,18,166
How To Start & Run A UK Telephone Answering Service Business,Finance & Accounting,1600.0,5.0,3,40
Applied Analytics (business application - non mathematical),Business,1280.0,4.01,157,4620
Assembly Language Adventures: Complete Course,Development,2880.0,4.35,992,8170
Aprende a pintar un lindo cuadro sobre lienzo con acrílicos.,Lifestyle,1600.0,4.68,4,26
Media Training and Interview Fundamentals,IT & Software,3200.0,4.29,12,530
確定拠出年金ほったらかし運用術,Finance & Accounting,8640.0,4.51,26,251
Work from Home from 0 budget to 6 figures success in 8 weeks,Business,8640.0,4.41,113,11177
Golang: Intro to REST APIs with Go programming lang (Golang),Development,1280.0,3.93,256,1535
Cigars - From novice to expert in one course,Lifestyle,1920.0,4.69,152,857
Understanding Financial Derivatives,IT & Software,3840.0,4.34,111,392
"Price Action avançado, seja um trader profissional",Finance & Accounting,8640.0,3.87,24,86
Advanced Trading Analysis with Python,Business,1600.0,4.37,20,500
Build a Task Scheduler Admin Panel with Laravel,Development,1280.0,4.28,21,83
Trello Productivity: Master your productivity,Lifestyle,1280.0,0.0,0,12
Fundamentals Of Telemarketing Workshop,IT & Software,3200.0,4.03,25,94
Master 12 Common Network Marketing Objections Every Time,Finance & Accounting,4800.0,4.82,7,90
Create A Thriving Independent Massage Therapy Business,Business,3200.0,4.79,16,93
Build your first Chatbot using RASA ( from ZERO to HERO ),Development,8640.0,3.91,126,17648
No More Resolutions!,Lifestyle,1280.0,4.89,3,1516
How to Invest during COVID-19 crisis,IT & Software,1280.0,3.88,6,13
Handle difficult questions the bank manager will ask you,Finance & Accounting,1280.0,0.0,0,2
Accounts Payable Operations Responsibilities,Business,4800.0,4.33,74,241
Introduction to programming: Visual Basic.Net - Beginners,Development,1920.0,4.67,216,4632
Cómo Viajar y Vivir con 300€ al Mes,Lifestyle,6400.0,3.82,33,127
"Part 2: AWS Certified Solutions Architect SAA C01,C02 - 2020",IT & Software,6080.0,4.48,407,4441
Get Your Fiction Manuscript Past the Gatekeeper,Finance & Accounting,3840.0,4.91,3,3042
Business and Sales Presentations to Captivate Your Audience,Business,4160.0,4.57,16,82
AJAX JavaScript XHR and Fetch,Development,8640.0,4.19,48,3343
Curso de Copywriting COMPLETO do básico ao avançado - 2020,Lifestyle,1280.0,3.31,74,204
Project Management: How to create a complete Plan in 1h,IT & Software,1600.0,4.11,102,11145
Basics of the stock market and investing,Finance & Accounting,1920.0,4.59,6,30
How To Trade RSI Pullback Strategy: Entry To Exit (Forex),Business,8640.0,4.03,44,285
Software Design Patterns Skills Test (Interview Questions),Development,1280.0,3.99,15,353
Curso iniciación - SAP ABAP Web Dynpro,Lifestyle,1280.0,4.19,5,19
How To Raise Private Money For Your Real Estate Deals,IT & Software,3520.0,3.93,14,104
Trade Forex with Modified Harmonic Scanner with Trendlines,Finance & Accounting,2240.0,4.24,10,15
CFA Corporate Finance Level 2,Business,8640.0,3.87,20,3112
Master CMake for Cross-Platform C++ Project Building,Development,1280.0,4.38,318,1358
From Sex-Obsessed To Creative Genius,Lifestyle,6080.0,3.88,52,265
Automated Financial Reporting In Excel: One-Click Reports,IT & Software,3200.0,3.67,28,119
Technical Analysis Elliott Wave Theory for Financial Trading,Finance & Accounting,7680.0,4.28,472,2525
Audacity Professional Vocals for Courses Video & More Part 2,Business,1280.0,4.57,72,624
Build REST APIs with PHP 7 and Laravel 5,Development,8640.0,4.31,12,60
Google Assistant生活自動化應用,Lifestyle,5120.0,5.0,2,24
CCNA Service Provider - PART 3/4,IT & Software,1280.0,4.65,19,200
Stock Options Day Trading Mindset for Success,Finance & Accounting,8640.0,4.15,93,13062
Hotel Management - How to Maximise Restaurant Profitability,Business,5440.0,3.89,16,58
Boost Your C# With Behavioural Design Patterns,Development,7680.0,4.38,266,3448
Kā uzveikt suņa prātu un atrisināt uzvedības problēmas,Lifestyle,1280.0,5.0,13,51
Certification in Renko Chart Trading & Taj Mahal Strategy,IT & Software,1280.0,2.93,105,10940
DropShip Niche Mastery: How to Discover DropShipping Niches,Finance & Accounting,8640.0,3.52,254,1299
Fiverr Animation Best Selling Gig: Sell Animation on Fiverr,Business,7040.0,4.69,71,1870
Real World Rails 5 Programming for Web Developers,Development,2560.0,4.09,10,96
Blender: how to create the tiny k-2SO STAR WAR Robot,Lifestyle,3840.0,4.61,22,288
Cisco Packet Tracer How To Guide,IT & Software,1600.0,3.58,266,5495
CDCS ULTIMATE TEST GUIDE TO SUCCESS  955 Q WITH EXPLANATION,Finance & Accounting,3200.0,3.44,9,60
Event Planning - Creating Sales for Your Business,Business,1280.0,3.53,16,569
Learn PHP and MySQL for Beginners the Easy Way - 13 Hours,Development,8640.0,3.82,36,3990
Curso de Bolo Caseiro - Para Iniciante - Aprenda do Zero,Lifestyle,1280.0,5.0,3,5
Start a successful part-time content writing Home business,IT & Software,8640.0,4.42,40,1272
Smart Contracts In Plain English,Finance & Accounting,2240.0,0.0,0,1
Optimize Your Ecommerce Homepage to Increase Sales,Business,8640.0,3.58,18,77
Maven Crash Course: Step-by-Step Introduction for Beginners,Development,3200.0,4.28,618,4872
Vegan Dinner Recipes,Lifestyle,2560.0,0.0,0,7
BPO Financeiro na prática. Módulo 2,IT & Software,1600.0,2.0,1,9
Make Money With High Ticket Sales (Even If You're A Newbie),Finance & Accounting,6720.0,3.62,90,2462
Etsy Digital Products Blueprint: Etsy Marketing Strategies,Business,8640.0,4.16,71,2406
Using Modern JavaScript Today,Development,3200.0,4.55,227,2199
Anger Management Skills for the Modern World: Be Anger Free,Lifestyle,1280.0,3.59,10,451
Forex Trading desde Cero: Aprende a Invertir con MetaTrader,IT & Software,8640.0,4.31,19,69
המדריך המקיף למסחר במטבעות וירטואליים - ביטקוין פרו,Finance & Accounting,6400.0,0.0,0,0
Entrepreneurship Empire: Entrepreneur's Wealth Creation!,Business,8640.0,4.13,147,33488
Android - Make a Professional Dictionary App from Scratch,Development,6080.0,3.09,21,2072
Adobe Illustrator CC 2017,Lifestyle,3200.0,4.36,6,37
From Peer to Manager:  Skills for New Managers,IT & Software,8640.0,4.13,59,236
The Complete Xero Accounting Course : Master Xero in 4 Hours,Finance & Accounting,1280.0,3.39,67,256
Forex Trading For Beginners - Learn How To Trade Like A Boss,Business,1280.0,4.77,31,141
Beast Android Development: Parsing Json Data,Development,1600.0,3.67,70,3441
"Acuarela: Volúmenes, luces y sombras",Lifestyle,1920.0,0.0,0,0
Clean and Grow Rich,IT & Software,3200.0,4.65,4,29
How to Purchase Your First Rental Property,Finance & Accounting,2240.0,3.77,24,290
How to Write Effortless Quality Procedures & SOPs for ISO,Business,8640.0,4.1,134,583
MongoDB: Initiating the Next Step,Development,8640.0,2.87,23,177
Content Marketing in 2020: The Lead Generating Content Plan,Lifestyle,8640.0,3.98,6,123
Trading mit kleinen Konten - Grundlagen die du kennen musst,IT & Software,5120.0,3.5,79,680
How to Write a Book and Become a REAL Best Selling Author,Finance & Accounting,6080.0,4.24,63,412
Sales Action - Become An Action Taker In Sales & Business,Business,8640.0,4.3,13,1091
Consume Web API in ASP.Net Core MVC (step by step project),Development,1280.0,4.63,38,1512
SEO Link Building: Rank in Google with EDU & GOV Backlinks,Lifestyle,6400.0,4.16,78,9652
Introduction to Service Management,IT & Software,3200.0,4.31,5,13
Line Producer: Understanding the Complete Producing Process,Finance & Accounting,2240.0,3.91,81,619
Time Slice Windows Analysis - MS Project (Construction),Business,8640.0,3.92,33,153
[DEPRECIATED] Parse Server: From Front End to Full Stack,Development,8640.0,4.12,263,1713
Social Media Design com Photoshop,Lifestyle,1280.0,4.77,74,1057
Craft Business Power: Online Selling For Artists And Makers,IT & Software,6080.0,3.85,97,595
How to Pull Off Major Organization Development (OD) changes,Finance & Accounting,4800.0,3.29,30,213
How to Conduct Effective Performance Evaluations,Business,8640.0,4.09,18,46
"C, C++, Python and Ruby Programming",Development,1280.0,3.58,481,26494
Law of Attraction: How to Create a Vision Board That Works,Lifestyle,3200.0,4.88,17,458
Mastering Real Estate Salesperson License Exam Questions,IT & Software,2560.0,3.71,14,151
Daily Scrum – Avoid 19 Pitfalls of the Daily Scrum,Finance & Accounting,1920.0,4.3,27,438
The ©GEMBA Methodology,Business,1280.0,4.47,19,96
Build a Complete Registration and Login System using PHP MVC,Development,5120.0,4.88,485,2179
數位行銷策略概念,Lifestyle,1280.0,4.88,5,37
70-480: Programming in HTML5 with JS & CSS3: Practice Tests,IT & Software,5440.0,3.27,147,773
Become a freelance consultant!,Finance & Accounting,1280.0,4.36,21,815
Tableau Expert: Top Visualization Techniques in Tableau 10,Business,8960.0,4.31,1088,9842
Create an Engaging Website with Twitter Bootstrap 2.x,Development,1280.0,3.82,58,1468
CAD for Kids - Intro to 3D Design & 3D Printing,Lifestyle,4800.0,4.66,32,142
Advanced Extending Metasploit Ethical Hacking Course,IT & Software,8640.0,3.64,51,12077
Grow Sales,Finance & Accounting,8640.0,4.47,220,9484
Project Management - Build Your Million Dollar Team,Business,1280.0,3.76,12,2340
Version Control with TFVC and GIT: 2-in-1,Development,8640.0,3.84,15,75
Guided Mindfulness Meditations to Heal Unworthiness,Lifestyle,6400.0,4.03,3,847
Start Trading Stocks and Crypto With A Trading Simulator!,IT & Software,1280.0,3.93,9,1324
Chart analysis- Learn how to analyze stock charts,Finance & Accounting,8640.0,4.28,3,14
Bitcoin Trading 101,Business,1280.0,3.66,24,1267
Yocto Embedded Linux,Development,5440.0,3.73,266,1279
Complete Whiteboard Animation in VideoScribe - 5 Animations,Lifestyle,8640.0,4.66,553,32334
How To Start Your Own Successful Marketing Agency,IT & Software,3200.0,4.79,6,61
Leading Virtual Teams - Keys to Success in the Virtual World,Finance & Accounting,4160.0,4.36,9,30
ACI Dealing Certificate  practice exams,Business,2240.0,3.03,3,54
Python for beginners - Learn all the basics of python,Development,6080.0,4.23,3384,106128
Facebook (Marketing) 2018 Made Easy: Fast Track Training,Lifestyle,1280.0,0.0,0,0
Stock Trading & Investing for Beginners 4-in-1 Course Bundle,IT & Software,8640.0,4.21,3217,16406
Ethical Leadership,Finance & Accounting,1600.0,4.18,14,1987
Udemy Strategies From 6 Successful Instructors - Unofficial,Business,6400.0,4.4,5,851
AI Academy #4: Learn Bio Inspired Optimization Methods A-Z,Development,8640.0,3.32,9,2133
Microsoft Outlook Level 3 - Advanced Outlook,Lifestyle,3200.0,4.45,14,100
Football Formation Asset Allocation Investing. Learn. Invest,IT & Software,8640.0,4.24,3,25
Complete Book Writing Course From Idea To Published Book,Finance & Accounting,6400.0,4.47,173,3655
Data Visualization Principles to Improve your Dashboards,Business,8640.0,4.03,25,121
Angularjs Live Project,Development,1600.0,4.77,175,1152
Insta Révolution-Réussir sur Instagram en 2020,Lifestyle,1920.0,0.0,0,1
Learn API & Webservices Testing,IT & Software,8640.0,4.26,437,3189
Opsiyonlar - 6  ( Opsiyonlar ile Haftalık Maksimum Getiri ),Finance & Accounting,1280.0,4.9,12,79
Introduction to Health Financing,Business,8640.0,4.71,29,134
Optimizing The Software Development Lifecycle - DevOps Tools,Development,1280.0,4.55,32,2240
Learn how to use Telegram and Affiliated Marketing,Lifestyle,2240.0,5.0,7,10
الاكسيل والنظام المحاسبي من الصفر حتي الاحتراف فى ساعتين,IT & Software,1280.0,0.0,0,0
Learning The Psychology Of Day Trading Penny Stocks,Finance & Accounting,8640.0,3.58,18,1570
Human Resources Excellency Program 2,Business,3200.0,2.87,36,360
Mastering SQL Server Reporting Services (SSRS) From Scratch,Development,3200.0,4.43,409,2060
Spiritual Development in the Arms of Your Guardian Angel,Lifestyle,3200.0,4.79,360,1666
"OKR Goal Setting A-Z ™: How To Set, Track & Achieve Goals",IT & Software,1280.0,4.73,32,101
Executive Coaching and Business Case Development,Finance & Accounting,8640.0,4.34,171,3193
CONNECT - Become Influential and Connect with Anyone,Business,8640.0,4.23,9,1430
Guide to Big Data Analytics: Origination to Opportunities,Development,6400.0,3.58,54,588
"Adobe InDesign Turbochargers: Work Faster and Smarter, Vol 1",Lifestyle,1280.0,4.45,4,267
Exam Preparation 70-742 Identity With Windows Server 2016,IT & Software,1600.0,3.99,9,50
"Become a Chief Collaboration Officer | Team, Partner and Win",Finance & Accounting,1280.0,4.33,63,1130
The Simple Guide To Becoming An Entrepreneur,Business,1600.0,4.04,21,1125
Image Recognition with Neural Networks From Scratch,Development,3840.0,4.46,153,9475
Drawing Caricatures - THE BEST METHOD,Lifestyle,1280.0,5.0,1,25
The Complete Public Speaking Certification Program (Part 3),IT & Software,8640.0,4.57,109,1008
Project Planning and Scheduling for Beginners,Finance & Accounting,1920.0,4.18,48,220
How I Built An Online Store Without Google or Facebook Ads,Business,8640.0,4.08,78,17052
"Build a Responsive Website with HTML5, CSS3 and Bootstrap 4",Development,6400.0,4.26,610,5975
OpenCV Computer Vision Application Programming,Lifestyle,5440.0,2.56,14,172
Internal Controls Over Financial Reporting,IT & Software,1280.0,3.5,60,2880
"CPA Exam: Consolidations & Business Combinations, In a Snap!",Finance & Accounting,3200.0,4.26,21,109
Microcontroller:  Use your Skills to Start a Business,Business,1280.0,3.19,30,5844
Master Bulma CSS framework and code 4 projects with 14 pages,Development,8640.0,4.27,79,578
2020 Complete Resume Writing CV Course- Land Job Interviews!,Lifestyle,8640.0,4.0,110,2242
"5 Steps How to build robust roulette system, forever!",IT & Software,3520.0,3.56,8,39
"Algorithmic Trading Course: London, New York & Tokyo system",Finance & Accounting,8640.0,4.28,36,372
New Home Construction 6 of 8,Business,1280.0,4.54,30,278
A complete journey to web analytics using R tool,Development,8640.0,3.47,22,304
Beginner to Advanced Course in Search Engine Optimization,Lifestyle,1280.0,4.78,16,9693
Kubernetes MasterClass : Kubernetes Hands-On Practical Guide,IT & Software,5760.0,4.18,149,11061
"How to Create, Market, and Grow an Inspired Business",Finance & Accounting,6400.0,4.17,51,452
Entrepreneurship Fundamentals,Business,3200.0,4.19,266,27389
"Create Websites from Scratch with HTML, CSS and Javascript",Development,1280.0,3.44,31,3946
PowerPoint 2010 - Curso Completo con Profesor Certificado,Lifestyle,8640.0,3.87,64,547
Semi Automatic Forex Trading - 1Click Trading,IT & Software,8640.0,4.62,3,21
Stock Technical Analysis with Excel,Finance & Accounting,1600.0,3.94,54,570
Dropshipping Business 2020: Dropshipping for Beginners,Business,8640.0,3.88,49,5264
Mastering Alexa for Business,Development,8640.0,4.51,13,163
Keyshot 7: Todo lo necesario para dominarlo,Lifestyle,8640.0,4.05,33,443
Stock Market Foundations,IT & Software,0.0,4.21,3083,56172
"Freelancer's Guide to Self Employment Taxes, Budget, Savings",Finance & Accounting,1600.0,4.46,16,93
"How to start a ""packaged food"" business.",Business,8640.0,3.87,19,64
Complete 2020 AWS DevOps Bootcamp For Beginners (With ECS),Development,8640.0,4.34,51,519
Spiritual Manifestation III: Chit Shakti (Love) Meditation,Lifestyle,1600.0,4.62,14,818
Become A Successful Freelance Copywriter - Home Business,IT & Software,8640.0,4.05,23,122
Business101: Real World Lessons They Don't Teach in School,Finance & Accounting,3200.0,3.73,17,123
VestU 101 - Investment Principles,Business,1280.0,4.43,20,78
C# Basic and Advanced:  Creating a Point of Sale System,Development,8640.0,4.38,33,135
Excel 2013 Basics,Lifestyle,1280.0,0.0,0,0
Speaking Mastery: Become A Captivating Speaker Immediately!,IT & Software,8640.0,4.77,24,1275
Trading Forex: Comienza a invertir en el Mercado de Forex,Finance & Accounting,8640.0,4.43,100,1117
Advanced Highest Profitable Ever Strategies For Gold Trading,Business,8640.0,4.36,6,18
Go Java Full Stack with Spring Boot and React,Development,8640.0,4.45,1856,37118
Adobe Illustrator form beginner to expert,Lifestyle,3200.0,3.7,578,44168
YouTube Marketing - Using YouTube to Grow Your Business,IT & Software,3200.0,4.24,16,1296
How to Read Financial Statements: Analysis - Apple Inc.,Finance & Accounting,8640.0,4.25,42,5161
Bitcoin and CryptoCurrency Jump Start Course,Business,1280.0,4.57,55,3027
NodeJS API Development with Express MongoDB and Mongoose,Development,7680.0,4.19,80,3233
Marketing Principles For Prospecting Customers,Lifestyle,0.0,4.39,7,774
Lean Manufacturing A-Z: Lean Operations Management,IT & Software,6400.0,4.95,14,25
Learn Algorithmic trading in one day (Covid19 updated),Finance & Accounting,8640.0,4.96,14,39
IBM SPSS Modeler: Techniques for Missing Data,Business,3200.0,3.49,22,255
AJAX with jQuery Basics Beginner Introduction Course,Development,4800.0,4.65,75,6282
Google Analytics For Udemy - Unofficial,Lifestyle,1280.0,4.69,8,890
ABC of Cisco  SDWAN Part 3 : Security|Direct Internet Access,IT & Software,3200.0,4.05,10,219
The economic model of emerging countries - Michael Spence,Finance & Accounting,1600.0,4.53,340,1892
A Startup’s Guide to Hiring a Virtual Assistant,Business,5760.0,4.12,45,1846
VB.NET  with VS 2017 and Windows Forms,Development,6400.0,4.47,473,3102
"A-Z™| Google GSuite Uygulamaları (Drive,Sheets,Slides,Docs)",Lifestyle,1280.0,4.42,250,8162
Easy 5 Steps Price Action Retail Traders Trap System (2020),IT & Software,8640.0,4.02,17,67
Introduction to Capital Markets,Finance & Accounting,1920.0,4.04,58,175
Ultimate Guide to Options Trading: From Novice to Pro,Business,6400.0,4.38,11,54
Test and improve your Java skills,Development,2240.0,4.19,168,8228
Facebook Tools for Agencies|2020,Lifestyle,1280.0,4.24,2,6
Deploy stable ETL data integration with Pentaho PDI  Advance,IT & Software,2240.0,4.24,14,66
Mitigate Fraud Risk with Effective Internal Controls,Finance & Accounting,3200.0,4.33,79,191
Gas Dehydration,Business,8640.0,3.67,4,16
Master iOS 9 - 10 - Xcode and Swift,Development,1600.0,4.17,20,150
NLP Foundation Skills  - NLP Certification -( Practitioner ),Lifestyle,8640.0,4.19,1009,9702
BET PREMIUM VIP - Apostas Esportivas,IT & Software,1280.0,0.0,0,5
Accounting Excel - Debits & Credits - Example Problems,Finance & Accounting,1280.0,3.94,15,2023
Forex SOS Course: Trading Tweaks And Working Forex Strategy,Business,3200.0,4.48,72,1418
React Fiber v16 Essentials,Development,3200.0,4.11,12,1564
Low-poly art in Maya,Lifestyle,1280.0,3.57,3,21
Corporate Leadership and People Management,IT & Software,8640.0,4.26,131,4588
SMMM STAJ BAŞLATMA ÇIKMIŞ SORULAR,Finance & Accounting,0.0,0.0,0,107
Business Plan Blueprint,Business,2880.0,4.35,15,129
Full introduction to Drupal 8 theming in easy steps,Development,3200.0,4.09,375,1938
Introdução ao Mundo da Moda com Senai Cetiqt e SEBRAE,Lifestyle,3840.0,4.06,79,184
"Circuit Design, Simulation and PCB Fabrication Bundle",IT & Software,8640.0,3.87,111,12551
The Complete Guide to Construction Management,Finance & Accounting,6080.0,4.33,64,324
Airbnb Hosting Masterclass,Business,8640.0,4.72,35,9762
Creating Accessible Websites,Development,1280.0,4.25,190,1052
An In-Depth Approach to Debate and Critical Discussion,Lifestyle,3200.0,4.05,115,525
The Complete Cryptocurrency & Bitcoin Trading Course 2020,IT & Software,8640.0,4.48,816,3128
【初心者向け】いちばんわかりやすい決算書の読み方講座,Finance & Accounting,8640.0,4.42,297,1535
Build A Sales Tracking Pipeline,Business,1600.0,3.74,42,1476
Structured “Story Telling” via PowerPoint,Development,2560.0,3.75,13,77
The Bible Made Easy,Lifestyle,1280.0,2.89,6,737
Oracle Apps WMS and MSCA Training,IT & Software,8640.0,3.89,188,788
Excel 101: Create Your Own CRM In Excel Masterclass,Finance & Accounting,4480.0,4.3,121,3995
How to prepare for starting a Business?,Business,1600.0,4.6,41,2327
Modern Deep Convolutional Neural Networks with PyTorch,Development,1280.0,4.02,58,4805
Corso HEALTHY - Nice to Micio,Lifestyle,7360.0,4.0,1,1
Powerful Corporate & Business Strategy Taught in MBA's,IT & Software,1280.0,4.26,39,9047
El pequeño curso de la inversión paciente y racional,Finance & Accounting,8640.0,4.44,561,2203
BPMN Process Analysis using Visio 2016,Business,8000.0,4.36,598,2861
Advanced SQL : SQL Expert Certification Preparation Course,Development,8640.0,4.31,1715,19168
Seascape Painting In Opaque Watercolors,Lifestyle,3840.0,4.0,1,49
OSCP Level Exploit Development!,IT & Software,6400.0,3.71,72,3967
Introduction to Corporate Finance (Mergers & Acquisitions),Finance & Accounting,0.0,4.44,4461,43396
Weekly Options and study of Options expiration dynamics,Business,5120.0,4.13,153,1539
HTML5 for Mobile Devices,Development,6400.0,4.43,31,201
Power Of Optimism: Live An Ultra-positive And Fulfilled Life,Lifestyle,6400.0,4.01,12,1923
InfluxDB - The Time Series Database,IT & Software,1600.0,3.74,259,1473
A beginners guide to starting Side Hustle in 10 days.,Finance & Accounting,1280.0,4.3,15,1899
Make Money Online Selling Domain Names - 2020,Business,2560.0,3.89,461,28203
Ionic 3: Build A Complete Mobile Weather App From Scratch,Development,8640.0,4.5,24,139
Have lasting change in your life,Lifestyle,4800.0,4.09,13,556
"Learn : Maximo from A to Z for users, planners & super users",IT & Software,1280.0,3.65,51,185
Real Estate Asset Management 101,Finance & Accounting,8640.0,4.55,560,2723
Analyzing Risk (PMBOK6 Aligned),Business,6400.0,4.39,9,6051
Dart Programming from Beginner to Expert,Development,6400.0,3.82,16,891
Facebook Ads. ¿Cómo hacer publicidad en Facebook?,Lifestyle,2240.0,0.0,0,1
"Start A Business in Reiki, Energy Healing or Natural Therapy",IT & Software,8640.0,4.7,129,1054
Complete Sports Cards Collecting and Investing Guide,Finance & Accounting,6080.0,4.39,19,100
How to Start and Grow a Consulting Business,Business,1280.0,3.93,34,205
Ansible 30 Minutes Overview,Development,1280.0,4.3,29,3441
Entrepreneur's Guide to Effective Design of a Fan Page,Lifestyle,8640.0,4.56,39,11314
Forex: Introduzione all'Analisi Tecnica dei Grafici,IT & Software,0.0,4.47,143,1688
Practical Project Management for Machine Learning Projects,Finance & Accounting,8640.0,3.82,41,107
Profit from Your Art,Business,1280.0,4.76,7,36
Build a Space Shooter game in Clickteam Fusion 2.5,Development,3200.0,4.39,51,241
Using Entrepreneurship to Prepare for Retirement,Lifestyle,1280.0,4.51,10,1813
Get Started Guide for Splunk beginner with Hands-on,IT & Software,1280.0,3.34,8,37
Scrivener |Full Course on How to Write a Book in Scrivener 2,Finance & Accounting,1280.0,4.17,875,5379
Learn the structure of all successful presentations,Business,1280.0,5.0,3,519
Deep Learning for Computer Vision with Tensor Flow and Keras,Development,8640.0,4.23,398,2492
Введение в профессию event manager,Lifestyle,0.0,4.88,40,312
Soft skills for IT Architects and IT Practitioners,IT & Software,5120.0,3.58,3,23
Product Strategy: Become Expert in Tech Product Positioning,Finance & Accounting,2240.0,4.46,17,74
Operations Management Foundations: Improve Operations,Business,2560.0,4.01,119,4886
Make Quick Casual Games with Phaser 3,Development,3840.0,4.09,27,170
The basics of AutoCAD Dynamic Blocks,Lifestyle,1280.0,4.61,49,282
Stock Analysis for Beginners - Domino's Pizza Case Analysis,IT & Software,0.0,4.5,1,801
Portfolio Management Professional - PfMP Practice Tests,Finance & Accounting,8640.0,4.94,8,26
The Novice's Guide to Mastering Processes,Business,2560.0,4.28,12,929
jQuery for Beginners - Create Website Animations Easily,Development,6400.0,4.46,649,4944
How to Raise Chickens for Eggs and Meat,Lifestyle,1920.0,3.0,1,2
Agile Methodologies: PMI-ACP Certification/Exam Preparation,IT & Software,1280.0,3.52,11,90
Forex SOS Course: Trading Tweaks And Working Forex Strategy,Finance & Accounting,3200.0,4.48,72,1418
Love Where You Live,Business,1280.0,4.64,5,34
Intro to Building Blockchain Apps: Hyperledger Fabric 2.0,Development,4480.0,3.97,44,9441
Waldorf High School Main Lesson: The Word,Lifestyle,1280.0,4.03,10,74
Forex: Economic News Trading,IT & Software,1600.0,3.92,20,82
Google Data Studio Made Easy in 2020,Finance & Accounting,2240.0,3.97,7,671
The Complete Google Ads Masterclass (Former Google AdWords),Business,8640.0,4.65,432,2592
Fundamentals of Watson Analytics,Development,1280.0,4.17,191,1443
Curso ¿Qué es el Marketing Digital?,Lifestyle,0.0,3.85,192,5030
Agile Leadership™ Certification Prep-Pass on your FIRST try!,IT & Software,6400.0,4.62,19,100
"Automate, Optimize and Outsource Your Business",Finance & Accounting,1280.0,3.88,3,36
Project Leadership - create engaged project teams,Business,8640.0,4.33,24,914
Professional Shopify Store Development Course (Updated),Development,1280.0,4.39,49,1220
Build A Robot From Scratch: Assemble an LED Blinking Robot,Lifestyle,1280.0,4.19,28,2660
"Electronics in a nutshell: non-technical, bite-sized [2020]",IT & Software,5440.0,3.8,7,1544
Skillshare Success # 1: Skillshare Newbies -Your ID Referral,Finance & Accounting,8640.0,3.93,20,2000
Icon Design Business: Build An Icon Business from Scratch,Business,8640.0,4.17,21,550
Odoo 13 Technical Training,Development,8640.0,3.62,129,495
Ultimate Wordpress Security Mastery,Lifestyle,3520.0,3.96,30,4597
Book Marketing Methods That Always Work,IT & Software,8640.0,3.9,45,6680
Take Control By Learning The Stock Market Now,Finance & Accounting,1920.0,2.0,1,1462
Principles of marketing 4 P's and the 4 E's College standard,Business,1600.0,3.61,4,10
Create an iOS App: Build Your First App In 1 Hour,Development,1280.0,3.87,22,1615
SAP MM Pricing Procedure,Lifestyle,2240.0,3.87,18,167
Financial Freedom,IT & Software,1280.0,1.0,3,838
The Advanced Real Estate Development Modeling Master Class,Finance & Accounting,8640.0,4.77,111,947
Break out of Excel and into Tableau in 90 Minutes,Business,8640.0,4.6,19,96
Build A Complete CMS App Using Angular 5,Development,3200.0,4.29,78,561
"Overview of LEED, WELL, ARC, SITES, PEER, Parksmart and TRUE",Lifestyle,1280.0,4.57,31,791
Cisco CCNA R/S (200-120 & 200-125): The Complete Course,IT & Software,8640.0,4.28,5063,43264
How to conduct market research  in startups and small firms?,Finance & Accounting,5760.0,3.88,345,3146
Alteryx: Self-Service Analytics In Your Hands,Business,4800.0,4.42,1257,4542
BDD in C# - using Specflow (Cucumber) to develop a REST API and automate software testing,Development,7680.0,4.12,465,5615
Autodesk Inventor Professional: Modelando a 3D,Lifestyle,1280.0,4.44,26,108
Documents produced by IT Architects,IT & Software,3840.0,3.75,4,29
Results Coach Mastery,Finance & Accounting,8640.0,4.07,3,32
The Complete Trading Strategy.Go From Beginner to Advanced!,Business,8640.0,4.12,4,56
Running a Mobile App Dev Business: The Complete Guide,Development,8640.0,4.26,1037,34911
Microsoft Powerpoint Basic to Advance Training Course 2020,Lifestyle,0.0,4.4,69,1813
Talent Management basics: learn modern Human Resources (HR),IT & Software,1280.0,4.55,441,1754
Trading: Aprende a invertir en bolsa de valores desde cero!!,Finance & Accounting,1920.0,0.0,0,0
Learn Call Options and Put Options - Introduction to Options,Business,3200.0,4.41,150,1273
HTTP to HTTPS - Secure your Website with SSL for Free,Development,6080.0,4.55,358,3289
Amazon Sponsored Ads In Vendor Express Launch  Hacks,Lifestyle,1280.0,3.32,8,703
CFA® Level 1 (2020) - Complete Alternative Investments,IT & Software,2560.0,4.65,356,4029
Online business foundation for success - start the right way,Finance & Accounting,8640.0,4.1,14,561
Brainstorming Business Brilliance - Ideas Techniques & Tools,Business,8640.0,3.78,10,1295
PhoneGap Development for Absolute Beginners,Development,1280.0,4.32,59,3591
How To Sell Your Book To A Major Publisher (non-fiction),Lifestyle,1600.0,4.72,3,10
Introduction to Google Cloud Security Features,IT & Software,1280.0,4.41,25,3512
Forecasting and Time Series Analysis in Tableau,Finance & Accounting,6080.0,4.63,487,3946
Stock Market for Beginners: How I Made more than 100% return,Business,8960.0,4.4,114,4147
Accelerate Deep Learning on Raspberry Pi,Development,8640.0,3.77,144,1178
Hypnosis: Master Hypnotist Program,Lifestyle,8640.0,4.42,11,142
How To Write A Book In 30 Days: The Amazing Writing Formula,IT & Software,8640.0,4.86,3,10
Financial Planning for Businesses | Become Profitable,Finance & Accounting,6400.0,4.53,26,77
Negotiate Successfully in China - 2019,Business,1600.0,4.49,33,248
Learning Path: Yii 2: Design Applications with PHP,Development,8640.0,2.45,57,334
Be A Graphic Designer Using Canva,Lifestyle,1600.0,3.78,18,1993
Teori dan Biaya Produksi untuk Pemula,IT & Software,0.0,4.0,1,188
Maryland Residents: Apply To 327 Grants and Free Services,Finance & Accounting,5120.0,0.0,0,1
Photoshop Basics: For Beginners,Business,1280.0,4.31,230,28653
Intro to TensorFlow - For iOS & Android,Development,8640.0,4.06,13,131
Feel Good Moments of Life,Lifestyle,1280.0,3.63,9,2291
How to Read & Understand a Corporate Insurance Policy,IT & Software,3200.0,3.98,11,59
Easy to use MS-Excel tool for project cost controlling,Finance & Accounting,1280.0,3.81,13,55
Accounting 101: International Financial Reporting Standards,Business,3200.0,3.23,31,397
The complete guide for game environment design in Unreal 4,Development,8640.0,3.3,109,805
Management Coaching: Advanced Executive Coaching Skills,Lifestyle,8640.0,4.41,10,55
How to Buy Your First Multi-Family Property,IT & Software,3200.0,3.85,53,513
Supply Chain mistakes to avoid in a Manufacturing Industry,Finance & Accounting,8000.0,4.2,31,200
How to Earn a GREAT Income in Real Estate-12 Critical Topics,Business,2240.0,4.83,6,59
"React, Redux, & Enzyme - Introducing Apps & Tests",Development,6400.0,3.53,539,4058
Email Marketing For Bloggers: Setting Up & Using ConvertKit,Lifestyle,0.0,4.45,123,11819
IPSEC VPN Tunnel on MikroTik,IT & Software,1280.0,4.46,86,342
THE INDIAN LEGAL STUDY- DIGITAL LAW,Finance & Accounting,1280.0,4.04,50,3989
How to Start Sneaker Reselling eBay Business eCommerce Tips,Business,1600.0,4.35,29,122
Unity and Playmaker - Make 3D Zombie Shooter Without Coding!,Development,1280.0,4.01,21,158
You Are In The Middle Of Your Purpose,Lifestyle,1280.0,0.0,0,0
SPSS Masterclass: Learn SPSS From Scratch to Advanced,IT & Software,8640.0,4.37,3754,15445
Mastering the Pre-qualification Process of a Mortgage Loan,Finance & Accounting,8640.0,4.25,34,1537
The Complete Agile Scrum Product Owner Masterclass,Business,6720.0,4.4,64,202
Become an Azure DevOps Hero,Development,6720.0,3.7,381,1887
Personal Branding MasterClass: Build a Brand called You,Lifestyle,2560.0,3.63,38,4699
F5 101 Practice Exam For 2020,IT & Software,1280.0,3.46,30,101
Swing Trading Strategy - Complete Trend Trading Crash Course,Finance & Accounting,1280.0,4.01,56,289
Pass your Job Interview ...,Business,1280.0,4.29,3,5
Learn Python Programming Masterclass,Development,8640.0,4.55,57034,234421
Nuevo Curso de Excel 2016 Completo,Lifestyle,1280.0,0.0,0,0
MySQL Replication (Beginner),IT & Software,1600.0,3.69,53,1277
JVZoo Mastery,Finance & Accounting,1280.0,3.87,93,522
So You Want to be a Freelancer? First Steps,Business,1280.0,3.7,87,3784
Hyperledger for Blockchain Applications,Development,8000.0,4.28,17,123
Leadership - Transform Yourself so Everyone Loves You Vol.5,Lifestyle,8640.0,3.29,15,1038
Leverage the Power of Generations,IT & Software,3200.0,3.77,57,338
MCQ Test Course on Capital Budgeting - Financial Management,Finance & Accounting,1600.0,4.41,5,3486
Amazon FBA The Ultimate Private Label Business Opportunity,Business,3200.0,5.0,5,26
Complete Python Developer in 2020: Zero to Mastery,Development,8640.0,4.65,19443,81197
Make Money Servicing Espresso Coffee Machines and Grinders,Lifestyle,4480.0,2.97,2,8
Niche Intelligence: Proven Online Niches for Entrepreneurs,IT & Software,6400.0,3.34,17,2054
Market Profile: The Trading Master Session,Finance & Accounting,8640.0,3.45,6,64
Business Plan: For Startup & Small Business Success Today!,Business,8640.0,4.26,59,6138
Hands-On Test Driven Development with Python,Development,8000.0,4.21,86,490
Scholar Mom’s Guide -Keeping your Scholar on Track,Lifestyle,1280.0,5.0,1,4
eBay Dropshipping (The Smart Way) - LukeProfits,IT & Software,1280.0,4.1,109,6179
Job Cost QuickBooks Online vs QuickBooks Desktop–Contractor,Finance & Accounting,8640.0,4.0,2,2056
A Blog Niche Masterclass 2020: BUSINESS to PASSIVE INCOME,Business,5760.0,4.2,29,6766
Game Development In Unity 3D Tutorial,Development,3200.0,3.56,9,1022
Creating a Safe Environment for Children,Lifestyle,0.0,3.99,135,2326
Project Management Skill for Functional Professionals,IT & Software,2240.0,4.03,5,1021
Lazy Trading Part 5: Read Forex news and Sentiment Analysis,Finance & Accounting,8640.0,4.36,10,230
Project Management using Microsoft Project,Business,1280.0,4.21,43,498
Learning Java EE 8,Development,8000.0,3.67,12,67
Certified EROS Oracle 5 senses Healing cards deck,Lifestyle,8640.0,4.6,9,36
CURO Certification XP1,IT & Software,9600.0,4.22,32,64
Basics of Accounting For CPA CA Masters and bachelor courses,Finance & Accounting,1280.0,3.59,90,4171
Build Profitable Shopify branded dropshipping Store| 2020,Business,3520.0,3.51,4,999
Deep Learning with Python and Keras,Development,8960.0,4.28,2609,19916
Maya Texturing and UV UnWrapping (Urdu / Hindi),Lifestyle,1280.0,3.59,8,1007
Website Flipping :  101 Learn how to Buy & Sell Websites,IT & Software,8640.0,3.2,73,7663
Post MBA - Learn how to get the most out your MBA program,Finance & Accounting,4800.0,4.69,7,483
"Shopify Build Your Store: Start a Store Fast, Easy & Simple",Business,1280.0,3.52,37,13388
Zoho Creator: Learn How to Build Applications step-by-step,Development,2880.0,2.47,59,354
Create Amazing Interactive Experiences with Conducttr,Lifestyle,0.0,3.91,52,4431
Learn How to Format & Publish Your Book in Microsoft Word,IT & Software,1280.0,4.32,56,413
Aprende Cómo Ganar Dinero en Forex Con Los Ritmos del Mercad,Finance & Accounting,1280.0,2.0,1,9
Pre-Revenue New Venture and New Product Valuation Part 2,Business,6400.0,3.7,8,92
Data Types and Variables In JavaScript (Part 1),Development,8640.0,3.31,82,12496
The Etheric Double by A.E. Powell - Book Study in French,Lifestyle,4160.0,2.0,1,4
Servo Motion Mastery   (PLC Programming),IT & Software,2240.0,4.65,142,547
NLP for Entrepreneurs and Managers - NLP Certification 2020,Finance & Accounting,8640.0,3.99,58,2436
Practice Business Architecture Skills with Tested Techniques,Business,6400.0,4.64,51,207
Comprehensive Ruby Programming,Development,2560.0,3.99,1407,6804
MailChimp 101; Part of the Marketing Tech Stack Series,Lifestyle,2560.0,0.0,0,8
Learn about Python and Blockchain: The Complete Guide!,IT & Software,8640.0,3.87,39,541
Sexual Harassment Training for Employees in the Workplace,Finance & Accounting,2240.0,4.06,318,1476
"∞ Business Writing: Proposals, Copywriting, Editing + More",Business,8640.0,4.37,69,598
Learn Modern Responsive Web Design with Example Step by Step,Development,1600.0,4.35,21,2751
Career Storytelling: The Complete Job Interview Guide,Lifestyle,6400.0,4.04,18,893
The Wheel Trade Options Trading System - Turbo Charge Method,IT & Software,8640.0,3.91,44,2156
Einnahmen aus Udemy-Kursen als Dozent korrekt versteuern,Finance & Accounting,1920.0,3.9,36,126
Statistical Data Analysis with SAS,Business,4480.0,4.53,224,2166
Regular Expressions for Beginners - Universal,Development,6400.0,4.27,824,5391
Fantasy Premier League - The Essential Guide 2018/2019,Lifestyle,0.0,4.14,25,1014
JavaScript: Developing a Custom Framework,IT & Software,6400.0,5.0,4,86
Manage your Boss - Accelerate your career,Finance & Accounting,1280.0,4.74,29,38
"Data Mining - Clustering/Segmentation Using R, Tableau",Business,3200.0,3.79,89,1622
Automate Excel using Python - Xlwings | Series 1,Development,1920.0,2.4,18,107
Passives Einkommen aufbauen - Digitale Produkte verkaufen,Lifestyle,1280.0,3.8,35,261
PO  - PRODUCT OWNER CERTIFICATION PRACTICE,IT & Software,1280.0,3.62,21,75
Complete Technical Analysis with Trading Strategies,Finance & Accounting,8640.0,0.0,0,26
Become a Mortgage Loan Processor,Business,8640.0,4.31,879,3048
The Complete iOS Game Course Using SpriteKit And Swift 3,Development,6400.0,4.51,691,9342
Process emotions and thoughts with Method DP2 and DP4,Lifestyle,3520.0,4.32,7,405
How to Set Up Your Own Cloud Server from Scratch,IT & Software,3200.0,3.87,44,1049
8 Different Ways to Develop a Business Online,Finance & Accounting,1280.0,3.17,21,3362
'Powerful Business Plan' A Practical Course,Business,8640.0,3.36,4,633
JavaScript Exercise - Tank Shooter Game from Scratch,Development,8640.0,4.59,10,2216
"Photoshop CC Pro -Trabalhe em Casa, Curso com clientes Reais",Lifestyle,8640.0,4.04,48,1078
Aprender a hacer Forex desde cero,IT & Software,1600.0,3.0,1,6
YouTube Affiliate Marketing - Method & Case Study!,Finance & Accounting,1280.0,4.09,91,10580
Cold calling FIRE: cold calling like the Wolf of Wall Street,Business,7360.0,4.64,101,2346
PHP for Beginners to Inventory POS Sales Project - AdminLTE,Development,8640.0,4.54,208,6206
本質のブログアフィリエイト｜資産型アフィリエイトの原理原則と手順,Lifestyle,8640.0,3.48,2,31
Learn Revenue Cycle Management,IT & Software,3520.0,4.54,4,26
Libertad Financiera en 7 pasos + Estrategias de Inversión,Finance & Accounting,6400.0,4.08,3,12
Digital Marketing Automation: Save Time and Get More Done,Business,6400.0,4.21,1168,85960
Gutenberg Block Development for WordPress,Development,3200.0,4.22,155,880
Google Ads Course for Beginners,Lifestyle,3200.0,4.36,13,1328
Selenium Java Multi-Threading Framework Design & Development,IT & Software,6400.0,4.81,3,27
Business Analysis Planning and Monitoring (IIBA - ECBA),Finance & Accounting,6400.0,4.31,65,9541
Entrepreneur :Productivity & Emotional Intelligence Training,Business,8640.0,4.43,12,3043
JSON in Action: Build JSON-Based Applications,Development,6400.0,4.25,594,3840
Curso de Apresentações Google - Básico,Lifestyle,1920.0,0.0,0,0
WordPress Master Course for Beginners & Practicing Elementor,IT & Software,1280.0,4.22,15,3274
Estimation Fundamentals,Finance & Accounting,6400.0,4.06,6,3453
Learn How To Explode Leads Using Messenger Marketing,Business,6400.0,4.37,4,17
HTML5 + CSS3 Responsive Web Design,Development,2560.0,4.4,9,47
Solidworks 2018 Essential Training,Lifestyle,8640.0,4.37,40,225
Direito tributário 2.0 (com 100 exercícios práticos),IT & Software,1600.0,3.64,5,22
JAIIB Exam concepts made Easy,Finance & Accounting,2240.0,0.0,0,0
Increase Your Profit by Understanding the Numbers,Business,2560.0,5.0,3,25
C Programming In-Depth For Beginners - Interview Perspective,Development,1600.0,4.15,27,1103
"Master CPA Marketing in 1Hour, Step-By-Step! Real Case !",Lifestyle,1280.0,3.17,27,2226
STOCK MARKET COURSE: BASIC TO EXPERT LEVEL BY NISM CERTIFIED,IT & Software,3520.0,3.73,29,170
CFA Equity and Portfolio Management practical tutorials,Finance & Accounting,1280.0,4.29,4,633
7 Strategies for Limitless Business,Business,3200.0,4.38,5,24
R: Complete Data Visualization Solutions,Development,8640.0,3.8,25,209
Staying Strong Saying No,Lifestyle,1280.0,3.45,8,522
How to Develop a New Product and Take it to Market,IT & Software,1280.0,4.31,19,56
Taller de Contabilidad Computarizada,Finance & Accounting,3200.0,3.96,23,310
Creating a Transgender friendly workplace,Business,3200.0,4.73,5,334
Javascript for beginners,Development,4160.0,4.78,84,2094
Heal Your Emotions to Heal Your Body,Lifestyle,8640.0,4.18,7,44
Data Preprocessing for Machine Learning using MATLAB,IT & Software,8640.0,4.28,31,227
"Cryptocurrency Mastery - How to Buy Bitcoin, Ethereum & More",Finance & Accounting,8640.0,4.48,582,13127
Performance Improvement Projects for Management Consultants,Business,8640.0,4.56,93,2661
Learn RabbitMQ: Asynchronous Messaging with Java and Spring,Development,5760.0,3.94,1152,5171
ノンデザイナーのためのデザインの基本原則,Lifestyle,0.0,3.97,40,420
"Windows Server 2008 R2 - Exams prep: 70-640, 70-642, 70-646",IT & Software,6400.0,3.49,63,683
The Correct Way to Use LinkedIn,Finance & Accounting,1280.0,3.87,8,17
Email Marketing Made Easy List Building for Free Automation,Business,8640.0,3.92,27,4556
"Learn Website Development Essentials (HTML,CSS)",Development,1280.0,3.64,173,18746
JVZoo For Beginners: Fast Track Training 2020,Lifestyle,1280.0,4.7,3,5
Rapid LESS + Project,IT & Software,1280.0,3.92,6,1661
Smart Contract Legality,Finance & Accounting,3200.0,0.0,0,0
Take Your Career to the Next Level with MBA Finance,Business,6400.0,4.26,16,674
Hands-On MERN Stack Web Development,Development,8000.0,3.88,37,161
Social Media Marketing für Unternehmen,Lifestyle,8640.0,4.1,53,316
Automate Your Finances and Savings to Get more 'Me' time,IT & Software,0.0,3.09,5,1121
How I Make A Living Without A Job (Not Even Part Time),Finance & Accounting,8640.0,3.1,127,16600
Process Capability Analysis,Business,3200.0,4.64,353,1484
Essential Coding Interview Questions + Solutions + Excercise,Development,6400.0,4.17,9,4360
SEO 1x1 - Best of SEOHochschule,Lifestyle,0.0,4.36,40,2862
"Ultimate EKS Course For Docker, Terraform and Helm Experts'",IT & Software,9280.0,3.57,31,223
Killer Presentation Skills that WoW with Jason Teteak,Finance & Accounting,6400.0,4.66,34,412
Promo Video - Make Talking Head Videos with Ease,Business,3840.0,4.31,317,3464
MATLAB App Designing: The ultimate Guide for MATLAB Apps,Development,7680.0,4.23,301,2375
Manifestation Masterclass,Lifestyle,1920.0,0.0,0,5
Contrôle de Gestion: Notions de base avec études de cas,IT & Software,1920.0,5.0,1,4
Business Analysis and Strategy Analysis (IIBA - ECBA),Finance & Accounting,6400.0,4.03,94,8388
A True Beginner's Guide to a Passive Side-Income Online,Business,8640.0,3.42,31,1290
SDLC - The System Development Life Cycle for Beginners,Development,8640.0,4.0,89,370
Paint it LARGE Blue Geraniums in watercolor Beginners course,Lifestyle,2240.0,0.0,0,8
Learn Autosar DCM and Diagstack from scratch,IT & Software,8000.0,4.46,77,431
Sales Skills Training: Consultative Selling Master Class,Finance & Accounting,6400.0,4.56,818,2843
The Change Facilitator: Dynamic Group Facilitation Skills,Business,6080.0,4.36,56,219
WebServices Fundamentals,Development,1920.0,3.67,65,267
Invatati Design UX (User Experience) de la zero!,Lifestyle,1280.0,3.56,15,84
How to Start Your Own Seminars,IT & Software,1920.0,2.49,3,15
LEED Green Associate V4 | 400 Questions by Credit Categories,Finance & Accounting,3200.0,4.07,101,418
How to earn online testing software,Business,1600.0,4.57,15,30
Data Science with Python 3.x,Development,8640.0,4.12,12,112
Acting Auditions,Lifestyle,1280.0,5.0,1,31
Complete Certificate Authority (ADCS) Server 2016 Course,IT & Software,3200.0,3.67,71,423
Python and Programming Essentials For Business.,Finance & Accounting,6080.0,4.38,81,19076
Workforce Analytics for Managers & Executives,Business,8640.0,4.24,47,211
How to create responsive HTML and CSS in Moodle content,Development,3200.0,4.34,9,45
How to Design Website Pages in 1 hour with Photoshop,Lifestyle,8640.0,4.4,6,2045
Azure Data Engineer Bootcamp : Hands on Practical Demos,IT & Software,1280.0,4.26,94,10493
Aprenda a investir em Fundos Imobiliários (FII`s),Finance & Accounting,1280.0,0.0,0,2
Etsy 101: Branding your Etsy Shop with Banner Templates- #1,Business,8640.0,5.0,4,1055
Android Daily Shopping List App Using Firebase(Project base),Development,1280.0,4.17,146,13670
Живопись акварельными мелками. Часть2. Городской пейзаж,Lifestyle,8320.0,4.81,3,12
Matemática Financeira com o Uso da HP12C e do MS-Excel,IT & Software,4480.0,4.37,60,171
How to Write a Nonfiction Bestselling Book or eBook,Finance & Accounting,8640.0,4.13,74,6330
The First Time Home Buyer's Crash Course,Business,1280.0,3.91,7,314
PowerUp Automation with Unified Functional Testing/UFT,Development,2880.0,3.88,443,4188
Kurs fryzjera - Nauka strzyżenia męskiego w domu,Lifestyle,1600.0,0.0,0,6
Power BI Interview Questions (MCQ Type),IT & Software,1280.0,2.4,3,5
Complete Data Science Course: Beginner to Advance,Finance & Accounting,8640.0,2.68,360,31442
Happiness Life Coach Sales Presentation Blueprint,Business,6080.0,4.8,68,772
Professional CSS Flexbox,Development,2240.0,4.56,199,696
The Complete ASP.Net Core 3.1 MVC With EF Core -Formerly 2.0,Lifestyle,4160.0,4.19,695,8509
Docker Essentials for Python Developers,IT & Software,6400.0,4.67,48,434
Top 10 Worst Tableau Designer Mistakes and How to Avoid Them,Finance & Accounting,1280.0,4.42,39,11587
A Complete WordPress Website Development Course,Business,8640.0,4.35,123,2913
WordPress for Beginners 2020 + Google AdSense Implementation,Development,8640.0,4.18,71,2571
SAP2000 :- Advance Steel Course,Lifestyle,8640.0,4.5,1,16
Employee Engagement,IT & Software,6400.0,4.78,7,11
SWOT Analysis for Organizational Success,Finance & Accounting,1920.0,4.22,609,9622
Entrepreneurship Mindset Masterclass all in one course,Business,12800.0,4.08,9,2607
The Essential WordPress Theme Development Course,Development,6400.0,4.24,150,5461
Mac Pages: Mastering Apple's Word Processing App,Lifestyle,2560.0,4.29,674,3456
KINEMASTER Professional Video Editing with Your Mobile,IT & Software,2240.0,3.66,4,728
Professional Email Writing,Finance & Accounting,1280.0,4.23,172,425
Public Speaking Masterclass – 10x Your Presentation Skills,Business,6400.0,4.54,79,5055
How To Use Git Branches To Speed Up Android App Development,Development,1280.0,4.35,10,79
Home Staging con Anna García,Lifestyle,1600.0,4.66,350,799
Flutter - Advanced Course,IT & Software,1280.0,4.28,283,34951
Excel Skills for Insurance Professionals,Finance & Accounting,8000.0,4.24,87,545
Web Analytics,Business,3200.0,3.63,11,155
IBM App Connect Enterprise & IBM Integration Bus & Broker,Development,6400.0,3.61,59,238
Curso Hangout Avançado,Lifestyle,2240.0,4.69,5,32
Digital Marketing Course On Gaining JV Partners For Traffic,IT & Software,8640.0,2.84,18,14522
Dividendenstrategie: von steigenden Dividenden profitieren,Finance & Accounting,8640.0,4.78,4,523
Recruiting & Talent Acquisition - Value Stream Mapping (VSM),Business,8640.0,4.53,57,254
Artificial Intelligence for Business,Development,8960.0,4.41,1854,14987
Optimize Your Ideal Life: Find Balance- Live Life On Purpose,Lifestyle,1280.0,2.0,1,10
How To Start A T Shirt Transfer Printing Business From Home,IT & Software,2240.0,4.35,734,3060
6 Shortcuts to Powerful Persuasion,Finance & Accounting,1280.0,3.81,38,1927
Business Impact Analysis,Business,3200.0,3.88,59,386
Business Analyst - SQL Survival Guide,Development,1280.0,3.62,41,137
CURSO BÁSICO DE COMUNICAÇÃO NÃO VIOLENTA - CNV,Lifestyle,5760.0,3.79,23,105
AZ-500: Microsoft Azure Security Technologies Practice Test,IT & Software,1280.0,3.63,9,1032
Financial Accounting–Inventory & Merchandising Transactions,Finance & Accounting,8640.0,4.18,88,15031
The Art of Restaurant Marketing,Business,3200.0,3.81,11,547
Test your PHP skills | All Versions Standard,Development,1280.0,3.76,10,3959
Hipnoterapia Clínica,Lifestyle,6720.0,5.0,5,6
"HR Analytics: Essentials  Human Resource Management,HR, July",IT & Software,8640.0,3.85,84,199
Stock Trading with this Strategy,Finance & Accounting,3200.0,3.45,7,58
Leadership for Newbies: Avoid the Biggest Mistakes,Business,2240.0,4.37,12,96
Learn Protractor(Angular Testing) from scratch +Framework,Development,7040.0,4.55,3434,15581
Marketing Strategies of Consumer Brands  (FMCG/CPG),Lifestyle,6400.0,4.05,30,69
Курс по блокчейн. Курс по криптовалютам. Курс по биткоину.,IT & Software,8640.0,4.68,4,21
Great Communication and Customer Service - a fresh look!,Finance & Accounting,1280.0,4.34,35,1350
Beginner to Pro in PowerPoint: Complete PowerPoint Training,Business,8640.0,4.36,4811,25454
Absolute Javascript for Beginners - Novice to Master,Development,2560.0,4.5,16,542
YouTUBE VLOGGING: How to Start A YouTube Channel TODAY!,Lifestyle,3840.0,4.29,19,92
"Beyond Arduino, Part 4: C for Embedded Applications",IT & Software,8640.0,4.2,53,1023
Candlestick Analysis For Professional Traders,Finance & Accounting,3840.0,4.24,250,1412
Mastering Multiple Regression with Minitab: A Deep Dive,Business,3840.0,4.53,3,74
MySQL   and MySQL Workbench  For beginners,Development,8320.0,2.89,82,1961
Summertime Marketing,Lifestyle,2560.0,5.0,1,4
Personal Finance University,IT & Software,2880.0,4.24,12,45
टैली ईआरपी 9 रियल लाइफ अकाउंटिंग एंट्रीज (Advance Tally),Finance & Accounting,1920.0,0.0,0,0
Forex Price Action Secrets,Business,8640.0,3.49,158,945
Let's Get Interactive with Storyline 3 / 360,Development,3200.0,4.61,81,559
Create Truly Effortless Email Marketing Campaigns,Lifestyle,6400.0,4.14,20,1704
Coding Interview Questions 2019- Graph Algorithms,IT & Software,8640.0,4.75,66,1352
Process Mapping for RPA analysts - design the right solution,Finance & Accounting,8640.0,3.59,21,91
"Bots for Broadcasters , a beginners guide to messenger bots",Business,6400.0,4.59,15,74
Travel Developer Course - Work Remotely as a Digital Nomad,Development,8640.0,4.42,68,369
How to be interesting and make more friends?,Lifestyle,1280.0,3.62,6,158
'Smart Money' Institutional Forex Trading,IT & Software,12800.0,0.0,0,0
Practical Oriented Analysis of Financial Statements,Finance & Accounting,0.0,4.09,442,9750
Financial Accounting–Inventory & Merchandising Transactions,Business,8640.0,4.18,88,15031
Complete Unity 2018 - Coding Games in C#,Development,2560.0,3.89,22,3728
VLOOKUP in Google Sheets - Step by Step,Lifestyle,1920.0,3.32,4,36
Wave Accounting Free Cloud-based Software for Small Business,IT & Software,1280.0,3.92,23,2321
Learn How to Trade Cryptocurrencies for Profit,Finance & Accounting,3840.0,3.38,79,553
The Complete Facebook Ads For Local Business,Business,8640.0,4.72,109,1031
Cloud Computing with AWS- Amazon Web Services 2020,Development,1600.0,3.04,84,744
Code_Aster Command File Wizard - Efficient,Lifestyle,0.0,4.26,43,3088
Customer Service Superstardom: Customers Will Love You,IT & Software,1600.0,4.21,85,890
Remotely Piloted Aircraft Systems/ UAV Pilot introduction,Finance & Accounting,12800.0,4.51,12,23
Fundamentals of Business Crisis Management,Business,1280.0,4.2,198,688
Learn to Code in Python 3: Programming beginner to advanced,Development,5760.0,4.47,7266,113789
S.O.S. Tablas dinámicas de Excel en Tiempo récord,Lifestyle,1280.0,4.14,9,30
Ethical Hacking with Burp Suite,IT & Software,1280.0,4.08,21,133
Lean Six Sigma Yellow Belt,Finance & Accounting,1920.0,4.43,881,3648
Amazon Marketing: Work From Home As An Amazon Affiliate,Business,5760.0,4.19,109,14046
If You Can Cook You Can Code Vol 4: Big Data,Development,8640.0,4.46,25,4597
How to Sew a Patchwork Scrap Zipper Bag,Lifestyle,1600.0,4.47,11,37
Teamwork Certification7 Management Coaching,IT & Software,8640.0,3.56,3,622
Logistic Regression using Stata,Finance & Accounting,1920.0,4.76,74,1618
Aliexpress - How to be a Top Superstar Aliexpress Affiliate,Business,8640.0,4.08,35,526
API in C#: The Best Practices of Design and Implementation,Development,2240.0,4.28,350,2991
Aprenda a confeccionar uma bolsa em tricot,Lifestyle,1920.0,0.0,0,0
Your BIG Book Deal: Sell Your Book Idea to a Major Publisher,IT & Software,1920.0,4.51,27,707
"Menu Engineering - Calculations, Strategies & Interpretation",Finance & Accounting,3200.0,3.43,12,4906
AIAG-VDA FMEA Training,Business,2240.0,3.86,52,163
Unity 5 for Beginners,Development,4800.0,4.44,23,109
Writing That Sells - 50+ Content Creation Techniques,Lifestyle,2880.0,4.03,68,1941
VMware Certified Professional 6.5 Data Center Virtualization,IT & Software,1920.0,3.81,9,49
Value Investing: The Complete Financial Statement Analysis,Finance & Accounting,8640.0,4.31,679,4402
Textile 4.0 - Textile and Apparel Industry in Industry 4.0,Business,3200.0,4.07,20,66
Learn Javascript from Scratch in 1.5 hr,Development,3200.0,3.67,21,1107
The Ultimate Guide To Build Manychat Bot with 100k members,Lifestyle,8640.0,4.3,18,2590
Forex Trading MAKE YOUR FIRST TRADE TODAY!,IT & Software,1600.0,4.56,95,3732
PRINCE2 Foundation- Expert Level - Practice Test - Part 1/2,Finance & Accounting,1280.0,4.61,5,39
Success Beyond Sales,Business,4800.0,4.39,6,139
"Laravel Masterclass:Build web apps with Laravel 7,PHP & Vue",Development,8640.0,4.16,126,775
"How to deal with Arrogant, Narcissistic and Toxic People?",Lifestyle,8640.0,4.25,9,27
Change Management Certification9 Management Coaching,IT & Software,8640.0,3.83,18,702
Asking for Referrals,Finance & Accounting,3200.0,4.91,4,9
The Ultimate Guide for Land Surveying with Drones - Part 2,Business,6400.0,4.18,340,2380
Selenium Python - Step by Step for Beginners with Framework,Development,2240.0,4.39,465,1788
2020 Facebook Ads & Instagram Ads | Social marketing,Lifestyle,8640.0,4.61,172,710
30 Day Challenge: Step by Step Online Business Success,IT & Software,8320.0,4.5,76,11131
Process Costing System-Cost Accounting-Managerial Accounting,Finance & Accounting,8640.0,4.48,41,14341
Stock Market Option Trading: How To Sell Options For Premium,Business,8640.0,3.97,25,2006
Front End & Fullstack - React 16.8 +,Development,8640.0,4.54,8,124
"20 идей, какой канал создать на YouTube для заработка",Lifestyle,3200.0,0.0,0,0
"Aprenda Tape Reading , Leitura do Fluxo de Ordens",IT & Software,6400.0,4.3,133,400
SHRM-CP Practice Exams With Explanation New 2020,Finance & Accounting,1280.0,4.21,4,15
How to read a Profit & Loss Account and Balance Sheet,Business,1600.0,3.68,47,228
Learn By Example: Angular JS,Development,6400.0,4.55,91,2898
Hypnosis- Plan Your Career Using Self Hypnosis,Lifestyle,5760.0,1.98,4,1041
Amazon Web Services - Understanding the VPC,IT & Software,6400.0,4.8,132,4944
Blockchain A-Z™: Learn How To Build Your First Blockchain,Finance & Accounting,8640.0,4.59,9081,47394
"T-Shirt, WordPress, SEO, MailChimp, Steemit Complete Course!",Business,1280.0,2.53,11,1944
Shopify: Build Your Store & Dominate The Ecommerce World,Development,5120.0,4.12,24,4011
InDesign CC 2018 [Öğrenme Seti & Uygulama Seti],Lifestyle,2240.0,4.25,20,88
Methodology for launching your own business,IT & Software,8640.0,4.61,6,16
Ultimate Options For Beginners,Finance & Accounting,1920.0,3.06,2,269
Microsoft Excel in 75 minutes – Part 3,Business,1280.0,3.99,10,822
SQL Server  DBA Essentials for beginners,Development,8640.0,3.35,32,622
HMS Otel Programı ve Kanal Yöneticisi,Lifestyle,0.0,4.02,2,1080
Financial Advisor Training: Practice Management Pro (Part 1),IT & Software,8640.0,5.0,1,17
ESSENTIALS OF STARTING YOUR BUSINESS,Finance & Accounting,1920.0,4.49,6,12
Sell effortlessly using behavior change hacks!,Business,4160.0,4.26,4,9
PL /SQL For Beginners,Development,3520.0,3.02,20,838
Healthy Mindset Techniques For Marketing,Lifestyle,8640.0,5.0,5,3034
Increase your profits by selling value rather than time,IT & Software,4160.0,4.21,12,767
Airbnb Ninja: Advanced Methods for the Part Time Airbnb Host,Finance & Accounting,2880.0,3.6,38,864
Learn Data Visualization and Become Data Analyst,Business,6080.0,3.83,123,545
Shopify ecommerce website development course in 2018,Development,1280.0,3.35,56,7255
SEO in 2020 - See What’s Working Today,Lifestyle,1280.0,4.0,297,21922
CompTIA A+ 220-902,IT & Software,8640.0,4.2,32,209
CNPI Conteúdo Brasileiro,Finance & Accounting,2560.0,4.32,2,6
The Three-Stage Confirmation FOREX TRADING STRATEGY - Part 1,Business,8640.0,4.71,116,336
Learn Java Programming - Beginners guide 2020,Development,8640.0,3.62,134,4874
Aprende a manejar tu iPad/iPhone de manera sencilla,Lifestyle,1280.0,3.48,36,141
CISSP®  Sample Questions by Certified Professional,IT & Software,1600.0,2.87,5,62
הקורס המלא של ביט-אקדמי ליסודות הביטקוין והבלוקצ'יין,Finance & Accounting,2240.0,0.0,0,4
How to Write a Business Plan,Business,1280.0,3.29,132,698
Interactive maps with Mapbox!,Development,1600.0,3.95,187,759
Affordable Email Marketing Automation with MailerLite,Lifestyle,4800.0,0.0,0,12
Compare Project Management Software 2019,IT & Software,1920.0,3.7,59,1648
How to RedBubble,Finance & Accounting,4480.0,3.88,15,37
Ethical Sales: Learn to Sell Based on Social Responsibility,Business,8640.0,4.48,7,1835
Learn  to Code with C# by  Creating  7 Complete Apps .,Development,7680.0,4.19,40,6483
Learn to Bake Great Pizza at Home,Lifestyle,1280.0,4.46,57,263
CommonSensical Requirements Gathering,IT & Software,1920.0,4.02,7,801
Risk Analysis and Insurance Planning- CFP Certification,Finance & Accounting,3200.0,4.11,10,29
Emotional Intelligence in the Workplace,Business,8640.0,4.08,201,1192
Introduction to Java Programming for Online Learners,Development,8640.0,3.79,214,2162
Personality Disorders:  Types and Treatments,Lifestyle,1600.0,3.78,194,840
MySQL Database Development for Beginners,IT & Software,6080.0,4.42,240,8678
Complete Law Course for Entrepreneurs,Finance & Accounting,8640.0,4.23,29,281
"Lead Generation, LinkedIn Marketing & Email Marketing",Business,1280.0,4.02,66,2173
HTML5 2019:  HTML Authoring Certification Course,Development,8640.0,4.61,136,565
Speak English With A Neutral British Accent - Clear and Easy,Lifestyle,6400.0,3.91,19,116
Career gate and applicant tracking system.,IT & Software,1280.0,4.34,10,3777
The Ultimate Startup Quiz for Entrepreneurs,Finance & Accounting,1280.0,3.91,48,7442
"Outsourcing Masterclass|Find The Best Workers, Save Time",Business,8640.0,4.38,6,88
Practical C++ Programming Practices (100+ Common Projects),Development,8640.0,4.23,28,10873
APRENDA A COMPOR UMA PINTURA COM MARCIO PETRONI,Lifestyle,4480.0,4.77,71,320
How To Sell On Craigslist: Full Guide from Prep to Purchase,IT & Software,1280.0,4.44,52,3339
UIPath RPA - Tech Primer,Finance & Accounting,8640.0,4.61,3517,11405
How To Start a Home Business,Business,2560.0,4.71,20,1030
Text mining with R,Development,1280.0,1.68,21,1051
Essential guide to survival in the wilderness advanced,Lifestyle,8000.0,3.82,29,259
PhoneGap for Beginners,IT & Software,4800.0,3.64,9,1122
Work from Home with Amazon FBA! Complete Business Strategy,Finance & Accounting,8640.0,4.59,4,1032
Start a Contracting Business - Contractors That Crush,Business,8640.0,3.3,4,14
Delphi Solutions - Part 1,Development,8000.0,4.69,31,200
How to be emotionally independent?,Lifestyle,1280.0,4.0,1,1
Zend Certified PHP Engineer (200-550) practice exams,IT & Software,2240.0,2.77,8,57
The Objection Playbook Course,Finance & Accounting,1280.0,4.51,21,106
Power BI Essentials: Introduction to Microsoft Power BI,Business,3840.0,4.29,1119,7623
SAP MDG - Data Modeling for Beginners with Hands-On,Development,3200.0,4.0,53,194
Blender 2.8 de Cero a Heroe,Lifestyle,1280.0,4.71,5,13
25 Business Analysis by Data Visualizations in Tableau,IT & Software,1600.0,4.49,4,1310
"Aprende excel básico desde cero, solo principiantes",Finance & Accounting,1600.0,4.53,27,796
Shopify Masterclass : Proven Ecommerce Business For Newbies,Business,8640.0,4.03,475,2896
"Test Management Tools Package[ ALM , TestLink, JIRA ]",Development,1600.0,3.61,82,608
Make the Game Art of Your Tetris Game,Lifestyle,1920.0,4.21,6,246
2018 Cryptocurrency Masterclass: Trading & Investment Course,IT & Software,1920.0,4.07,86,1435
How To Use Xero Like A Professional,Finance & Accounting,12800.0,0.0,0,0
Delegation without Stress: What Managers Need to Know,Business,6400.0,4.37,212,1589
Mastering CSS,Development,6400.0,4.68,41,158
Microsoft Project 2010 Advanced Training,Lifestyle,6400.0,4.39,47,681
Software Quality Assurance (SQA) for Beginners from scratch,IT & Software,6400.0,5.0,2,21
Binary Options Trading : Using Heikin Ashi Trading Indicator,Finance & Accounting,6400.0,3.23,10,613
Writing A Book: Revision,Business,6400.0,3.99,16,1801
K-Means for Cluster Analysis and Unsupervised Learning,Development,1280.0,3.83,26,2448
Arnold and Nuke - Light and Compositing a 3d Cinematic Shot,Lifestyle,1920.0,4.04,11,62
Foundations of Embedded Systems with ARM Cortex and STM32,IT & Software,4800.0,4.36,452,2149
How to Successfully Plan your Week in 20 Minutes or Less,Finance & Accounting,1600.0,3.9,17,1874
PMO-CP Simulation exam,Business,8640.0,3.76,9,75
Data Wrangling with Python,Development,8640.0,3.5,9,32
Learn Digital Painting to Make Cell Shaded Concept Art,Lifestyle,4160.0,4.39,433,12911
Power BI Masterclass - beginners to advanced,IT & Software,8640.0,4.4,3159,12244
Reach Your Personal Financial Goals the Easy Way (2018 UK),Finance & Accounting,6080.0,4.74,4,32
Build Your Team Like a Pro: Partners and Employees,Business,3200.0,4.05,125,686
WordPress Plugin Development 2020 and Proversion for selling,Development,2560.0,4.21,29,13324
From Zero to Hero at Chess (Part 2),Lifestyle,3840.0,0.0,0,12
AZ 400 : Azure DevOps Practice tests with detailed solutions,IT & Software,1280.0,4.26,3,62
Curso Day Trade Opções Binárias,Finance & Accounting,6720.0,4.47,50,179
Ethical Codes for Translators and Interpreters,Business,1280.0,3.95,16,72
Data Scientist Job Ready Data Science Course:,Development,8640.0,3.82,10,99
Potty Train: The 3 Day Strategy  - By I'm A Little Teapot,Lifestyle,1600.0,4.81,12,74
Learn How to Start a Business Fast,IT & Software,8640.0,4.12,36,459
WC Insurance Adjusters Claims Handling Career Readiness Cour,Finance & Accounting,6080.0,4.47,6,26
Banking Credit Analysis Process (for Bankers),Business,9600.0,4.45,1166,5691
Display and analyze GIS data on the web with Leaflet,Development,6400.0,4.51,443,2011
Minimalist Marketing - Everything You Need to Know,Lifestyle,1600.0,4.02,14,1969
Microsoft Excel Advanced: the Data Analysis Tools You Need,IT & Software,8320.0,4.38,72,3724
Learn How to Negotiate Anything,Finance & Accounting,1280.0,3.14,4,1543
A Beginners Guide to Technical Analysis of Stock Charts,Business,2560.0,4.3,447,2575
Web Development Masterclass - Complete Certificate Course,Development,8640.0,4.33,3878,176317
Hard Surface Modelling in Zbrush (Deutsch),Lifestyle,8640.0,3.74,11,105
Mastering Public Speaking - A Life Changing Course,IT & Software,3200.0,4.07,9,599
UK Self Assessment Tax Return Filing Online,Finance & Accounting,1280.0,4.31,33,116
Storytelling for Home Inspection and  Report Writing,Business,2880.0,3.88,12,30
The Docker for DevOps course: From development to production,Development,1600.0,4.28,1671,11405
Best T-Shirt Design 10 Projects With Adobe Illustrator CC,Lifestyle,1280.0,3.46,2,16
Investing In Indian Stocks For Big Gains ( हिंदी ),IT & Software,8640.0,4.53,13,35
Xero - How to become a successful Xero Bookkeeper,Finance & Accounting,5120.0,4.21,33,197
WordPress for Entrepreneurs Management of your own website,Business,8640.0,4.16,175,6205
Introduction to T-SQL for Data Analysts,Development,1280.0,4.18,186,1741
Adam Carolla's Podcasting Masterclass,Lifestyle,3200.0,3.68,18,41
Prepper's Guide to Crypto Currency,IT & Software,8640.0,4.51,44,228
Be Productive In Home Business Without Losing Your Health,Finance & Accounting,1920.0,4.16,6,2318
How To Maximize Earnings Potential As An Uber/Lyft Driver,Business,1280.0,4.11,3,10
A Python Bootcamp For Kids,Development,8320.0,2.8,28,4933
Tony J Selimi: The Fundamentals of Mindfulness for Business,Lifestyle,6400.0,4.09,18,1929
EC-Council Certified Security Analyst (ECSA)  practice exams,IT & Software,2240.0,3.01,20,68
Use VA Virtual Assistance to grow Any Business,Finance & Accounting,1280.0,3.81,3,1582
Consulting Business Masterclass: Start A Consulting Business,Business,8640.0,4.19,324,7104
"Build Modern Responsive Website With HTML5, CSS3 & Bootstrap",Development,8640.0,4.53,1048,4972
Chess Openings: Learn to Play the French Defense,Lifestyle,8640.0,4.05,20,1139
Beginner SSH Secure Shell - Hands on!,IT & Software,3200.0,4.05,153,5307
Communicating Numbers: Effective visualisation of data,Finance & Accounting,2880.0,4.18,17,69
Business and Data Analysis with SQL,Business,3200.0,4.58,39,392
C# Data Structures and Algorithms,Development,8000.0,3.84,12,107
Journey on Silk,Lifestyle,3200.0,3.18,4,30
Break out of Excel and into Tableau in 90 Minutes,IT & Software,8640.0,4.6,19,96
A'dan Z'ye Temel Analiz ile Yatırım,Finance & Accounting,3840.0,4.28,78,412
Accounting for ECommerce Business A Complete Study,Business,2560.0,4.33,144,23238
Complete iOS Machine Learning Masterclass,Development,8640.0,4.5,279,16603
Gestão de Vendas - Conhecendo seu consumidor,Lifestyle,2560.0,3.88,3,7
2020 Part2 CIA Exam- Practice of Internal Auditing,IT & Software,6400.0,4.13,3,47
Freelancing 2020: Freelancing Guide For Absolute Beginners,Finance & Accounting,6400.0,4.01,39,4272
The Definitive Book Marketing Course,Business,2560.0,3.93,66,2127
JavaScript: The Advanced Concepts,Development,8640.0,4.77,6164,33266
How to Win Arguments By Not Arguing,Lifestyle,1280.0,3.65,41,215
Volume Price Analysis: Tape Reading,IT & Software,8640.0,3.81,16,144
Aprenda a investir em ações a longo prazo,Finance & Accounting,1280.0,2.91,4,7
The Success Mindset of Entrepreneurs,Business,1280.0,4.34,3,963
Front End Web Development: Complete Guide (Step by Step),Development,8640.0,4.37,92,15016
7 Days to Awakening: Guided Meditations to Align the Chakras,Lifestyle,1920.0,4.16,14,321
Oracle 1Z0-208 Billing Revenue Management Develope Exam,IT & Software,8640.0,3.9,6,1051
Write a Hit Novel or Script Using The Secrets of SUSPENSE!,Finance & Accounting,3200.0,4.58,176,1239
Book Marketing That Sells Books on Amazon: My Proven Methods,Business,6400.0,4.21,39,5284
"Next.js and Apollo - Portfolio App (w/ React, GraphQL, Node)",Development,8640.0,4.43,48,613
Marketing 360 para emprendedores,Lifestyle,5760.0,4.29,4,24
Become a Pharmacy Technician,IT & Software,6400.0,4.66,1667,6752
Developing an Effective FCPA Compliance Program,Finance & Accounting,3200.0,4.4,12,44
Forex Trading Mastery: Take The Stress Away From Forex Vol.2,Business,8640.0,4.18,41,1162
"Playing with OpenShift,Container based Platform from Red Hat",Development,1920.0,3.11,11,545
Introduction to Six Sigma Legal Case Management,Lifestyle,3200.0,0.0,0,9
Day Trade - Smartphone,IT & Software,1280.0,4.41,5,36
Udemy Online Course Creation For Beginners (Unofficial),Finance & Accounting,8640.0,4.52,11,2078
Project Management Certified Associate: CAPM Practice Tests,Business,6400.0,4.52,237,2956
Swift 4 - Learn to Code with Apple's New Language,Development,8640.0,4.45,289,1562
Word 2010 course for beginners تعلم ورد ٢٠١٠ للمبتدئين,Lifestyle,1280.0,4.78,33,446
Building an Effective Corporate Code of Conduct,IT & Software,6400.0,4.28,76,300
De nummer één Beleggingsacademy!,Finance & Accounting,8640.0,3.9,19,173
ACCA FA1 Recording Financial Transactions,Business,3200.0,4.49,86,322
JSON - Beginners Guide to learning JSON with JavaScript,Development,8640.0,4.13,123,7024
Article Writing Tool  Generate 100% Unique Article,Lifestyle,8640.0,4.23,4,18
Excel Charts - Excel Charts and Graphs Basic Training,IT & Software,1280.0,4.04,307,3708
Accounting for Financial Instruments under ASPE,Finance & Accounting,4480.0,0.0,0,1
PMP Exam Simulator 2020 - PMBOK 6th Ed.,Business,4160.0,4.08,35,748
Swift 5,Development,6400.0,4.48,28,113
How to Smoke Pork Jerky (Master Class 101) Best Recipe,Lifestyle,0.0,3.9,17,1579
Investing In Stocks For Complete Beginners,IT & Software,8640.0,3.24,33,512
How to interview customers and find unique insights quickly!,Finance & Accounting,2240.0,4.33,24,129
Start a Business Dropshipping Topps Baseball Cards,Business,8640.0,4.22,31,4794
Learn C Sharp Programming From Scratch,Development,2560.0,4.08,150,1412
Thanos vs Deadpool Español - GOLD PACK - Escultura en Zbrush,Lifestyle,8640.0,4.38,16,139
Investment Banking Training - LBO Modeling,IT & Software,6400.0,3.28,48,2580
Making Sense Of Your Personal Finances,Finance & Accounting,0.0,4.27,1136,31427
Entrepreneurs Guide Finance Your Business or Startup in 2020,Business,6080.0,3.74,23,1795
The Java Certification Course,Development,8640.0,3.14,84,11968
Excel best tips & tricks tools,Lifestyle,1280.0,0.0,0,0
Um Passo para a Felicidade Organizando as Finanças com Excel,IT & Software,1280.0,3.41,6,32
Real Estate Investing for Beginners,Finance & Accounting,1600.0,4.13,13,77
"How to create, launch and grow your own hair salon",Business,2880.0,4.26,8,43
Learning Path: Business Management with Odoo 10,Development,8640.0,4.45,49,264
Power Point:  от новичка до уверенного бизнес-пользователя,Lifestyle,1600.0,4.95,23,35
The Ultimate Guide for Land Surveying with Drones - Part 3,IT & Software,6400.0,4.24,161,1523
Capital Raising & Venture Capital Funding For Entrepreneurs,Finance & Accounting,3200.0,3.74,12,1144
Amazon FBA Wholesale / Online Retail in 2020! Step-By-Step!,Business,1280.0,3.72,34,1584
Code Your First Website with HTML & CSS for Kids & Beginners,Development,8640.0,4.73,527,1487
Rigging a Character in After Effects for Animation,Lifestyle,3200.0,4.54,230,4730
Kanban: Productivity & Efficiency for Agile Lean Project,IT & Software,8640.0,3.87,1086,35258
Pearl Qualified Professional | Estidama | 6 Practice Tests,Finance & Accounting,6400.0,4.55,17,81
How to Start and Run a Web Hosting Business from Home,Business,6400.0,4.47,673,6594
Learn and Understand Regular Expressions(Regex),Development,1280.0,4.24,46,11717
SAP GUI Scripting tự động hoá SAP với VBA,Lifestyle,1600.0,4.79,3,5
A Beginners Guide to Investing in the Stock Market,IT & Software,1600.0,4.62,272,3663
Steam Boiler for Layman,Finance & Accounting,1600.0,4.27,35,113
The STATA OMNIBUS: Regression and Modelling with STATA,Business,2560.0,4.41,35,177
C to Learn Programming Technique : C to Master Skills,Development,6400.0,4.17,62,435
Learn To Play Winning Chess!,Lifestyle,1280.0,4.56,30,235
Computer Basics - A Beginners Guide to the Computer,IT & Software,8640.0,4.63,45,138
Business Analysis and Solution Evaluation (IIBA - ECBA),Finance & Accounting,6400.0,4.12,29,7253
21 Steps to Successful Project Management,Business,1920.0,4.27,58,8898
Swift programming - Build 20 apps for iPhone!,Development,6400.0,4.5,53,564
OPENUP - Developing Your Self Awareness,Lifestyle,1280.0,3.49,4,1088
viviendo de inversiones (estructura del mercado),IT & Software,1600.0,4.54,4,15
How To Get More Done In 3 Hours Than Most Do In 3 Days,Finance & Accounting,8640.0,4.25,1128,26990
CPA - Regulation - Property Transactions,Business,1280.0,4.51,18,1799
Introduction to Augmented Reality: Build 4 Apps with ARKit,Development,8640.0,4.24,82,706
Learn Microsoft Word 2010,Lifestyle,1280.0,0.0,0,18
Cisco Exam 300-425 and 300-430 Prep  : Practice Tests 2020,IT & Software,1920.0,3.53,3,12
"Time Management, Prioritization and Productivity",Finance & Accounting,8640.0,4.13,677,2744
"Solve ANY problem with Creativity, Realism and Critique.",Business,1280.0,4.59,8,28
Learn HTML and CSS by building your first website,Development,1280.0,3.99,44,3330
YouTube : Créer et animer sa chaîne de A à Z,Lifestyle,6400.0,0.0,0,6
Basic Computer Skills for Senior Citizens,IT & Software,5440.0,3.94,21,50
Shopify Advanced Dropshipping: Create Dropship Business Fast,Finance & Accounting,9600.0,3.62,31,537
Email Sales Prospecting – With The High Value Email,Business,8640.0,4.25,124,8006
Building Big Data Pipelines with PySpark + MongoDB + Bokeh,Development,3200.0,4.31,10,101
ADOBE INDESIGN CC TEMEL ARAÇ VE TEKNİKLERİ,Lifestyle,8640.0,3.43,15,1188
PIC Microcontroller Simulation: Unleash the power of Code,IT & Software,8640.0,4.47,19,7348
Power BI Masterclass Business Intelligence in action,Finance & Accounting,8640.0,4.38,71,646
Automate Your Hypnotherapy and Meditation Business (No. 2),Business,6080.0,4.78,28,195
The PyCharm Crash Course 2020,Development,1600.0,3.25,37,2756
The Joy Of Acrylic Painting: Morning Sunrise,Lifestyle,0.0,4.17,32,3048
Ultimate Guide to Drone Applications-Construction Industry-1,IT & Software,6400.0,4.12,162,793
"US Taxes For Families: How To DIY, Save Big & Pay Less Tax",Finance & Accounting,8320.0,3.68,13,644
Succeed in Forex Even if You Don't Know Where to Start!,Business,8640.0,3.94,64,1953
Building & Consuming REST APIs in Python with Django,Development,8640.0,3.49,17,113
Embracing your Divine Design: Lifepro (Part 1b),Lifestyle,1600.0,4.18,4,1720
Closed Captions and Automatic Translation Made Easy,IT & Software,8640.0,4.93,4,29
How to value a business opportunity,Finance & Accounting,1280.0,3.78,10,1266
Business Analysis Foundations: Learn All The Essentials,Business,6400.0,4.12,114,1076
The Complete Android + Kotlin Developer Course™,Development,8640.0,4.21,643,10749
Grow Your Business with Facebook Live!,Lifestyle,1280.0,5.0,2,146
Le bitcoin et la blockchain de A à Z,IT & Software,1920.0,5.0,1,8
Step by Step Method to Solve Transportation Model Numerical,Finance & Accounting,1280.0,3.03,4,318
How To Build A Professional Financial Planning Website,Business,1600.0,4.51,11,1783
The PHP Course 2020,Development,8640.0,3.43,109,13932
The Ultimate Guide to Profitable Freelance Writing,Lifestyle,8640.0,4.78,3,19
Complete Uptrennd Course: Earn Cryptocurrency For Free,IT & Software,8640.0,3.79,7,3489
ビットコイン入門講座,Finance & Accounting,6400.0,3.43,54,405
Leadership | How to Make Best Learning Environment Choices,Business,1920.0,4.04,228,1511
Build Apps with SwiftUI,Development,3200.0,4.28,46,222
Parenting skills: teach your children to speak clearly,Lifestyle,1280.0,4.78,6,569
"A to Z of Azure security - Covers AZ 500, 300,103 and more",IT & Software,6400.0,4.41,600,4662
QuickBooks Online: Working with Customers and Sales,Finance & Accounting,1600.0,4.4,11,66
Project Management Office (PMO) Setup Guide,Business,6400.0,3.94,135,417
MongoDB: Learn Administration and Security in MongoDB,Development,8640.0,3.08,62,360
MindManager for Personal Productivity (Mind Mapping),Lifestyle,1280.0,4.5,87,293
Bash scripting for beginners,IT & Software,1280.0,4.32,133,11533
PMP Exam Prep - [PMBOK V.6 ],Finance & Accounting,6400.0,3.73,14,52
How to Build a Successful Business: Real Life Principles.,Business,8640.0,4.66,9,92
The Complete Android App Development,Development,8640.0,4.13,2743,74281
Facebook Ads e Instagram Ads (2020),Lifestyle,1280.0,4.21,11,26
Oracle Database Administra (Exam 1Z0-062) Full Pratice Tests,IT & Software,1280.0,3.01,4,21
"The Euro: the History, Issues and Solutions - Alfred Mifsud",Finance & Accounting,0.0,4.35,141,3156
Speed Up the Monthly Accounting Close Process,Business,3200.0,3.84,14,51
Complete Data Analysis with Pandas : Hands-on Pandas Python,Development,8640.0,4.12,496,10899
Empower the hidden YOU.,Lifestyle,3200.0,4.15,8,23
70-740 : Windows Server 2016 Exam Practice Tests Latest,IT & Software,1920.0,3.12,25,224
Comprar Bitcoin Ethereum Cryptomonedas y Enviar Blockchain,Finance & Accounting,1600.0,3.79,94,1048
Write Winning Proposals For Freelance Job : A Ultimate Guide,Business,8640.0,4.52,16,4947
ServiceNow CIS - Event Management Practice Exams 2020(All),Development,8640.0,3.88,60,308
3ds max and Vray advanced course. Furniture modeling.,Lifestyle,1920.0,3.38,47,357
Learn the Mac Terminal Today,IT & Software,1280.0,4.13,286,3049
Planeación Financiera en Excel,Finance & Accounting,1280.0,4.5,1,4
Advanced Stock Trading Course + Strategies,Business,8640.0,4.55,5893,36650
Publish your own Spring Ninja* game for iPhone and Android,Development,8640.0,3.58,34,439
How To Rank YouTube Videos In a Few Seconds Flat,Lifestyle,8640.0,4.29,168,4502
Startup journey to your first successful business or startup,IT & Software,6400.0,3.29,61,19859
Filing with Companies House UK,Finance & Accounting,2240.0,4.2,20,113
Tableau Training: Master Tableau For Data Science,Business,8640.0,4.23,429,44864
Learn How to Extract Data From Websites with PHP,Development,3840.0,3.83,42,278
Parenting: Navigating Everything,Lifestyle,1920.0,0.0,0,0
How to Buy Probate Real Estate,IT & Software,1920.0,4.47,104,939
Speak Like a Pro: Public Speaking for Professionals,Finance & Accounting,12800.0,4.37,3270,7556
Six Thinking Hats for Effective Communication,Business,1920.0,3.12,14,34
Create Instagram Masks: Spark AR Essentials,Development,2560.0,3.91,15,61
Periscope: Use Periscope To Grow Your Business,Lifestyle,8640.0,4.85,40,12716
Stock Investing Guide: Avoid Common Stock Investing Mistakes,IT & Software,7040.0,4.24,34,2341
Volume Price Analysis: Strategy And Execution,Finance & Accounting,8640.0,3.23,7,55
LinkedIn B2B Lead Generation - For Agencies and Consultants,Business,8640.0,4.25,36,2127
Google Cloud Functions (FaaS) with Python from zero to hero!,Development,1280.0,4.69,23,259
Clairvoyant: Psychic Mediumship Development Of Clairvoyance,Lifestyle,8640.0,4.4,10,56
Handling Investor Objections: Investor Objection Boomerang,IT & Software,1280.0,4.08,3,44
The Real Estate Syndication Process,Finance & Accounting,8640.0,4.77,471,3802
Project Management for Entrepreneurs & Small Business Owners,Business,6400.0,4.1,4,36
Serverless Computing with AWS Lambda,Development,6400.0,3.32,25,2431
Adobe After Effects CC,Lifestyle,2240.0,0.0,0,11
Management & Leadership Course for New Manager - BUS103,IT & Software,1280.0,4.36,309,4383
Succeed with Personality Diversity,Finance & Accounting,9600.0,4.66,162,941
SSAS - From Beginner to Pro - The practical Cube Tutorial,Business,1600.0,4.18,78,278
Java Basics: The Complete Guide,Development,1280.0,3.66,13,102
From Zero to Hero at Chess (Part 1),Lifestyle,3200.0,0.0,0,14
"Accounting for Non-Profit, Single Entry & Bills of Exchange",IT & Software,1280.0,3.97,9,111
Business Management: Motivating Workers,Finance & Accounting,8640.0,3.84,27,258
Bad Grammar:  How to Edit Your Own Writing,Business,8640.0,4.9,27,332
React JS Web Development - The Essentials Bootcamp,Development,3840.0,4.41,4203,62172
Online Excel for Beginners (Students+Teachers),Lifestyle,3520.0,4.0,1,6
Financial Educators Association Master Course,IT & Software,6400.0,3.42,3,12
An Introduction to Financial Markets on Wall Street,Finance & Accounting,1920.0,3.48,20,129
The A-to-Z Product Creation Hack: Blueprint to Guru Launches,Business,1920.0,4.33,38,7986
How To Make An Android App Without Knowing Development,Development,6080.0,4.26,54,2888
Marketing Eleitoral na Era das Fake News,Lifestyle,3840.0,4.52,23,79
1Z0-931-20 Oracle Autonomous Database Cloud 2020 Specialist,IT & Software,1280.0,3.21,24,52
GDPR: Certification for EU Small Businesses-Windows 7,Finance & Accounting,1280.0,3.84,16,999
Keras 2.x Projects,Business,8640.0,4.16,4,27
"iOS Notes App - Advanced Core Data, Navigation, & TableViews",Development,8640.0,4.85,39,894
Supervisor Training - Team Leader Skills - 5 Courses In 1,Lifestyle,1280.0,3.9,54,596
World class Inventory & warehouse management,IT & Software,4480.0,3.42,5,13
The Essential Guide to Business Budgeting,Finance & Accounting,3840.0,4.13,35,159
Learn Xero Payroll - The Complete Training Course,Business,6400.0,4.51,182,632
Create Telegram Bot with Python,Development,1280.0,4.13,66,3366
Life-Scan 101:  Getting the Long View,Lifestyle,1920.0,4.6,8,24
Software Testing and Quality Assurance Fundamentals,IT & Software,8640.0,4.34,204,14572
Financial modeling: Build a multiples equity valuation model,Finance & Accounting,3200.0,2.95,41,743
Master Personality Power For Influence And Success,Business,8640.0,4.49,159,2199
Use Laravel to Consume APIs and Services Over HTTP,Development,3200.0,4.61,58,362
Podcast Monetization -  Make Money From Your Podcast,Lifestyle,0.0,4.65,9,509
Scrum Master certification - practice test questions,IT & Software,3200.0,4.34,448,2392
Primavera P6 Professional For beginners,Finance & Accounting,6720.0,4.32,80,1019
Amazon Self-Publishing for Beginners 2020,Business,6080.0,4.12,78,691
Django with GraphQL,Development,1920.0,4.46,73,395
Good Clinical Practice (ICH GCP) for Clinical Research,Lifestyle,8640.0,4.15,89,551
CompTIA Cloud+ Certification Practice Tests CV0-002,IT & Software,1280.0,3.7,67,372
My Forex Strategy that win consistently over and over,Finance & Accounting,8640.0,3.69,59,425
Branding You™: How to Build Your Multimedia Internet Empire,Business,8640.0,4.81,663,8730
Learn React Basics In 1 Hours,Development,8640.0,1.69,18,4582
Esmalte Semipermanente,Lifestyle,1280.0,0.0,0,0
AWS Certified Solutions Architect Associate Exam Dumps 2020,IT & Software,5440.0,4.03,20,150
QuickBooks Online and Your Business,Finance & Accounting,8640.0,4.14,42,181
Blog Mastery: 6 Killer Tactics To Success With A Blog,Business,1280.0,3.64,17,3177
C# & Unity By Example : 20+ Mini Game Development Projects,Development,8640.0,4.69,10,144
Branding Light Bulb Moments: Marketing In A Big Sea Of Noise,Lifestyle,8640.0,3.95,4,21
How to Start an Etsy T-Shirt Business in 2020 with No Costs!,IT & Software,8640.0,4.22,18,124
21 Steps to Successful Project Management,Finance & Accounting,1920.0,4.27,58,8898
The Complete Lightstream to  Youtube Live Course,Business,4800.0,4.9,7,549
Java for Intermediate Users,Development,6400.0,3.9,15,3214
Life Coach Yourself: Make 2020 Your Best Year Yet,Lifestyle,8640.0,4.61,118,997
"How To Create, Maintain, and Monetize a YouTube Channel",IT & Software,8640.0,4.36,9,88
An Introduction to Reliability Engineering,Finance & Accounting,3200.0,4.49,519,1595
Improving Employee Performance,Business,1280.0,4.56,3,13
CSS Tutorial For Beginners: Style Your Wordpress Templates,Development,2240.0,3.89,54,1185
Lash lift full tutorial,Lifestyle,7040.0,4.62,107,268
Investing The Lazy Investor Way,IT & Software,8640.0,4.32,326,4119
The Securities Trade Lifecycle,Finance & Accounting,1600.0,4.41,786,4854
The Blog Creator: How to set up a blogging home business,Business,6400.0,4.4,8,217
JavaScript Deep Dive: Explore JS (For Beginners-to-Advanced),Development,8640.0,2.85,64,4494
Practical Lync 2013 (Skype for Business),Lifestyle,1600.0,4.88,9,56
Identifying AML Suspicious Transactions,IT & Software,1600.0,4.42,183,485
Start Your Own Food Truck Business - Beginner's Guide,Finance & Accounting,1920.0,3.73,11,368
Beginner Level Tutorial: Starting a Web Hosting Business,Business,1280.0,3.95,5,32
Learn Java: Natural Language Processing with CoreNLP in Java,Development,3200.0,3.76,29,5126
Public speaking skills: a quick fix,Lifestyle,2240.0,4.49,10,1846
Real-World Programming for Kids with Python,IT & Software,1280.0,4.34,55,209
Chat Based Customer Service For Travel Consultants,Finance & Accounting,6400.0,4.2,3,6
Contract Management for Project Managers,Business,1280.0,3.82,58,167
(PMI_PBA )Business Analysis Simulation Exams  .,Development,3520.0,4.81,14,172
The Complete Microsoft Word 2016 Training For Everyone,Lifestyle,1280.0,2.96,66,2997
Learn Trello Project Management in One Hour [Fast Paced],IT & Software,1280.0,4.78,26,175
Modeling Workflow Patterns in TIBCO Business Studio,Finance & Accounting,1280.0,3.79,12,996
Conflict Management at Work: Real World Strategies & Tools,Business,6400.0,4.31,999,3476
Database modeling with golang & postgresql,Development,1280.0,2.66,204,15174
Excel Modeling 101 - 10 Dos and Don'ts,Lifestyle,6400.0,0.0,0,0
Microsoft Excel for Business Professionals,IT & Software,8640.0,4.55,465,5558
PMP Exam Preparation Course: 35 Contact Hours for PMI,Finance & Accounting,1280.0,4.47,738,1961
Designing Gamification Level 1 (Basic) + Certification,Business,1920.0,4.19,1192,28018
JUnit and Mockito Unit Testing for Java Developers,Development,8640.0,4.31,18,89
A'dan Z'ye Tinkercad ve Cura ile 3D Çizim ve 3D Baskı,Lifestyle,1280.0,4.33,30,2564
Creating Powerfull Add-Ons for NinjaTrader,IT & Software,3840.0,3.81,22,203
Crafting Your Funding Strategy,Finance & Accounting,6400.0,4.81,3,716
For Entrepreneurs - A 12 Step Formula For PR Mastery,Business,8640.0,3.27,3,68
Autonomous Robots: Path Planning,Development,7040.0,4.79,31,7115
Como HIPNOTIZAR pessoas,Lifestyle,1280.0,5.0,2,5
Investing: How to Build an All Season Portfolio,IT & Software,8640.0,4.05,6,667
Create a perfect pitch deck - technology & fintech startups,Finance & Accounting,8640.0,3.68,30,2181
Email Etiquette: Marketing Formula for Sales Communication,Business,2240.0,4.28,15,4668
React and Redux: Learn By Building Real World Projects [13H],Development,3840.0,4.25,17,755
How to Write Like Malcolm Gladwell Vol. 3,Lifestyle,8640.0,5.0,1,21
MikroTik Routing All-in-1 Video Bootcamp,IT & Software,1280.0,3.95,234,1702
The Essential Guide for Effective Managers,Finance & Accounting,4800.0,4.36,1281,3995
How to become a highly inclusive team leader or manager,Business,3200.0,4.74,6,505
Form Submission Application using Google Suite Google Script,Development,8640.0,4.27,10,3823
YouTube Earning Course : Master In Youtube,Lifestyle,1280.0,4.0,1,11
Terraform on Azure,IT & Software,2560.0,4.3,284,2248
Microsoft Dynamics 365 Financial Management Practice Tests,Finance & Accounting,2240.0,2.02,2,505
Boutique Basics: Starting & Running a fashion boutique,Business,3200.0,4.23,16,113
Develop Android Apps using Python: Kivy,Development,3200.0,3.33,55,214
"Mega Curso de Dibujo Artístico, Aprende a Dibujar Increíble",Lifestyle,4480.0,4.48,1090,3779
financial problems in marriage,IT & Software,1280.0,4.25,2,1005
PMP® Certification v6: 2 PMP Exams& Detailed PMP Math_13pdus,Finance & Accounting,3200.0,4.38,903,10623
Invest in FOREX & USA stocks (0 to Expert) LIVE Examples,Business,2560.0,3.43,7,529
"Machine Learning, Business analytics & Data Science",Development,8640.0,4.18,30,1309
Increasing Happiness - Defeating Depression,Lifestyle,1280.0,4.15,22,567
New Cisco CCNA (200-301) Volume 2: The Complete Course,IT & Software,8640.0,4.73,9,231
Manage Finance Data with Python & Pandas: Unique Masterclass,Finance & Accounting,8640.0,4.69,282,3223
HOW I PREDICTABLY FIND 7-FIGURE DROPSHIPPING PRODUCTS,Business,8640.0,4.24,158,821
"Build React forms using Formik, No more pain!",Development,1920.0,2.54,26,96
How You can Start Clothing Line and How to Design Clothes,Lifestyle,3520.0,2.57,4,34
Blockchain for beginners (Bitcoin basics for dummies),IT & Software,3520.0,3.38,75,205
How To Make Money Selling Wordpress Development Services,Finance & Accounting,8640.0,3.79,52,12856
Outsource Your Work - Run a Business by Hiring Freelancers,Business,5760.0,4.92,21,1401
Python for Beginners with Examples,Development,3840.0,4.28,8703,92224
Powerpoint Made Easy,Lifestyle,1280.0,0.0,0,5
Preparing Powerful Consulting Presentations,IT & Software,6400.0,4.53,59,507
Accounting for CA Inter Paper 1 (Module 1),Finance & Accounting,6400.0,4.48,6,51
Passive Income Masterclass:,Business,1600.0,3.25,18,5811
Java Socket Programming: Build a Chat Application,Development,1280.0,4.42,224,1782
Solidworks Mekanik Modelleme Örnekleri,Lifestyle,1280.0,3.68,85,813
Advanced Alexa,IT & Software,8640.0,4.03,24,166
Mude Sua Vida Financeira,Finance & Accounting,2240.0,3.77,79,311
Mobile App Business Plan and Start-up Documents,Business,4160.0,3.3,59,440
Matplotlib Intro with Python,Development,1280.0,4.8,33,3107
Apprenez à Vendre En Masse Grâce à La Publicité Facebook.,Lifestyle,6400.0,4.53,174,1057
Project Management using Microsoft Project,IT & Software,1280.0,4.21,43,498
New Manager Training: Collaborating With Your Team,Finance & Accounting,1280.0,4.23,38,1351
Income Tax for Beginners - Income from Capital Gain,Business,1280.0,4.22,31,1995
JavaScript for ABSOLUTE beginners! [April 2020 Edition],Development,8640.0,2.75,178,14639
"Живопись, рисование-полный курс  за 8 часов , академический",Lifestyle,2240.0,4.44,26,132
The Complete English Interview Course,IT & Software,3200.0,4.55,21,3554
The Fundamentals of Financial & Investing Literacy,Finance & Accounting,1280.0,4.22,25,104
IT Management: Communication and Motivation,Business,3200.0,4.19,21,296
"Complete Guide to Protocol Buffers 3 [Java, Golang, Python]",Development,6400.0,4.69,1618,9530
Character Creation for Games Vol. 1: Sculpting in Zbrush,Lifestyle,3840.0,4.63,177,1184
Building Your Own Security Consultancy 101,IT & Software,3200.0,4.14,16,91
Project Management for Technical Writers,Finance & Accounting,8640.0,4.59,24,120
Forex Trading made easy as ABC - With LIVE Examples - Part 1,Business,8640.0,4.16,22,1674
Testing In Agile,Development,2560.0,3.87,220,1773
Lighting Design and Human Behavior,Lifestyle,1280.0,4.02,11,59
The Wealthy Cryptocurrency Guide,IT & Software,0.0,4.16,49,3753
How to Speak for Fun & Money,Finance & Accounting,3840.0,4.45,26,605
Getting Started with Agile,Business,8000.0,3.88,3,29
"Web Development: HTML, CSS, & JavaScript for Coding Sites",Development,6400.0,3.65,12,868
AdWords (Fundamentals + Mobile Advertising) : Practice Tests,Lifestyle,5440.0,4.38,12,42
Get Life Coaching Clients with Workshops and Public Speaking,IT & Software,8640.0,4.37,100,944
Finanzielle Unabhängigkeit-1: Erste Schritte zur Million,Finance & Accounting,1280.0,3.78,92,707
How to Succeed with Kindle Short Reads,Business,6080.0,4.54,632,3018
Learn to code by creating 14 projects with JavaScript and C#,Development,8640.0,3.66,42,672
Learning About Technology Integration in Education,Lifestyle,1280.0,2.74,7,2795
Trading with professionals: CFTC reports for private traders,IT & Software,3200.0,4.37,3,31
Product Management Fundamentals,Finance & Accounting,1280.0,4.32,410,4075
Investment Portfolio Analysis with Excel,Business,1600.0,3.6,76,590
Introduction To Big Data,Development,4160.0,3.93,80,1115
Haareschneiden mit Methode - Der Long-Bob,Lifestyle,1920.0,0.0,0,3
Complete Machine Learning and Deep Learning With H2O in R,IT & Software,8640.0,4.35,39,343
5-Step Value Investing Formula,Finance & Accounting,8640.0,4.42,151,1891
Learning Neo4j Graphs and Cypher,Business,8000.0,3.69,12,63
Laravel - Restful API with Passport Authentication,Development,1280.0,3.84,84,1284
Intro to Branding,Lifestyle,1280.0,4.48,412,1565
QuickBooks For Attorneys In A Lawfirm,IT & Software,5440.0,4.27,11,1182
Intro to Business Taxation | Breezy CPA,Finance & Accounting,5760.0,4.64,57,1286
Build Node.js Apps: Deploy & Monitor on Azure App Service,Business,8640.0,3.53,4,58
Creating Games From Scratch Using SDL 2.0,Development,1280.0,2.32,20,118
Author-preneur,Lifestyle,3200.0,0.0,0,1
SCP-500 SolarWinds Certified Professional Practice Exam,IT & Software,8640.0,3.22,5,1150
Logo Go3 ile Bilgisayarlı Ön Muhasebe,Finance & Accounting,1280.0,4.29,41,218
How to Sell Videos & Online Courses on Amazon,Business,8640.0,4.53,15,7296
Bootstrap 4 Wordpress Theme Development: HTML & JavaScript,Development,8640.0,2.66,20,2247
Email Marketing For Artists,Lifestyle,1600.0,0.0,0,3
OWASP Mobile Security Testing Top 10 Vulnerabilities,IT & Software,6400.0,3.05,15,65
How to Bring the Right Business Ideas to Life,Finance & Accounting,1280.0,4.6,20,444
Managing Staff with Challenging Behavior,Business,6400.0,4.45,31,719
Ruby on Rails Foundations,Development,1280.0,4.37,152,1042
Photoshop Lightroom CC 2020 | Fotoğraf Düzenleme Eğitim Seti,Lifestyle,5440.0,4.72,317,1186
TestNG for SDET - Bootcamp,IT & Software,8640.0,3.18,9,1314
Entrepreneurship : Quit Your Boring 9-to-5 Job & Do Business,Finance & Accounting,8640.0,4.08,107,2573
How to choose the best real estate investing niche,Business,3520.0,5.0,4,11
Azure Data Lake Storage Gen2 : Hands on Practical Demos,Development,1280.0,3.56,40,195
How To Write Irresistibly Compelling Stories,Lifestyle,1280.0,3.9,34,6134
The Complete Aliexpress Dropshipping in Shopify Guide - 2020,IT & Software,1280.0,4.57,30,4369
Establish Your Identity Online,Finance & Accounting,1280.0,4.66,4,1008
Basic Fundamentals of AC Circuit Analysis,Business,2880.0,4.58,28,173
IBM WebSphere WCM 8.5/9.0,Development,1280.0,2.87,12,283
Draw as a professional- Complete Course of Comic Art,Lifestyle,8640.0,3.27,14,79
Intro to Quantitative Financial Modeling in Excel,IT & Software,0.0,4.83,19,2450
Get your PgMP® Certification on your first attempt [4th Ed],Finance & Accounting,8640.0,4.1,508,2205
Project Management: Learn To Be Successful With Less Effort,Business,8640.0,3.44,24,1760
"MongoDB, NoSQL & Node: Mongoose, Azure & Database Management",Development,8640.0,2.17,14,2509
Game Asset Creation Modeling & Texturing a Futuristic Crate,Lifestyle,1920.0,4.65,4,98
How to trade stocks and crypto-currencies? - MACD,IT & Software,1600.0,2.14,8,988
Public Speaking Skills:  Give a Great Informational Speech,Finance & Accounting,8640.0,4.07,98,5996
How To Write a Business Plan in 7 Easy Steps,Business,1280.0,4.45,8,1194
ARCore in UNITY 3D,Development,1280.0,4.08,10,1841
Autodesk Revit MEP Essential Training (Hindi | Urdu),Lifestyle,1920.0,4.59,86,307
Tally ERP 9 with GST -  A step by step Mastery Course 2020,IT & Software,1920.0,4.44,665,19657
QuickBooks Online-Bookkeeping Business-Easy Way,Finance & Accounting,8640.0,3.84,60,7491
The Complete Forex Trading Course  For Beginners In 2020,Business,8640.0,4.28,16,44
Mobile Application Automation using Appium,Development,1280.0,3.61,15,146
Special and Healthy Recipes For your celebrations,Lifestyle,1280.0,0.0,0,21
Investing in Stocks for Beginners (NO EXPERIENCE NEEDED),IT & Software,8640.0,4.77,5,11
Lean Six Sigma Green Belt Basics: Gain Solid Understanding,Finance & Accounting,6400.0,4.32,43,4863
Trading Master 104 - The Moving Average Strategy,Business,8640.0,4.02,72,5103
The Complete VMware Horizon 7: Beginner to Advanced: 3-in-1,Development,8640.0,3.84,190,1039
Microsoft Access 2013: Beginner to Advanced,Lifestyle,2240.0,4.33,84,356
Investissement pour les débutants : de A à Z,IT & Software,0.0,4.1,38,738
B2B Sales Skills Essentials from a Sales Professional,Finance & Accounting,1280.0,3.87,14,80
From China to Amazon - A LIVE case study and complete guide,Business,6720.0,4.33,1435,10347
Design Patterns in Python,Development,6400.0,4.42,859,5738
SAP Workflow with Practise,Lifestyle,8640.0,4.77,6,45
AGILE Project Management: The Kanban Method,IT & Software,1280.0,2.14,14,276
How Entrepreneurs Turn Old Ideas Into New Possibililities,Finance & Accounting,2880.0,4.65,17,975
Introduction to Telecom Business Process,Business,1280.0,3.15,78,211
Step by Step Sass,Development,1280.0,4.13,49,377
Learn Brilliant Public Speaking in 30 Minutes,Lifestyle,6400.0,4.51,15,1047
Profitable Forex with Risk Control,IT & Software,8640.0,4.14,172,3837
GDPR Awareness - European Accredited Level 2  Certificate,Finance & Accounting,1280.0,4.4,4,8
Generational Communication in the Workplace,Business,1280.0,3.84,13,24
Learn SQL and MySQL in 3 Hours,Development,1280.0,4.76,280,2022
Blender 3D Modeling & Animation : 20+ 3D Projects in Blender,Lifestyle,8640.0,4.46,146,1063
How to Get Out of Debt & Improve Your Credit Score,IT & Software,8640.0,4.31,100,9200
Gestão Financeira Para Pequenas e Médias Empresas,Finance & Accounting,7360.0,4.56,6368,23731
Stock Market investment: Non financial fundamental analysis,Business,8640.0,3.61,33,1260
Python for Beginners: Learn Python with Practical Exercises!,Development,1280.0,3.74,252,9855
Learn in SAP how to upload Master Data (LSMW),Lifestyle,1280.0,3.62,20,600
System Center Configuration Manager (SCCM) For Beginners,IT & Software,8640.0,4.6,5616,23268
Build A Photography Portfolio Website,Finance & Accounting,1600.0,3.54,4,675
Stock Market Success : Secret Sauce - Stock Market Trading,Business,12800.0,4.62,85,2535
A Practical Guide to JavaScript From Scratch to Advanced,Development,1280.0,4.01,37,6193
Level up your Title video with a 3D element in Cinema4D,Lifestyle,3840.0,0.0,0,8
The Complete Guide To Blogging For Beginners,IT & Software,8640.0,3.23,6,2012
Create a Physical Product from Scratch and Sell it on Amazon,Finance & Accounting,1600.0,4.44,13,30
NLP for Entrepreneurs and Managers - NLP Certification 2020,Business,8640.0,3.99,58,2436
Unity Asset Store,Development,8640.0,3.81,83,4019
AutoCAD 2019 Course - Project 2D and 3D,Lifestyle,2560.0,4.47,532,2443
Risk Management using Failure Modes Effects Analysis (Ed-2),IT & Software,2240.0,4.06,307,1319
Launching Your Freelance Translation Business,Finance & Accounting,1920.0,4.63,36,157
Business Networking for Success and Company Growth: Part 4,Business,8640.0,4.47,4,2782
iOS In-App Purchase with Swift Masterclass,Development,1920.0,4.51,20,383
Automatização do Trello,Lifestyle,2560.0,3.99,40,129
Financial Planning Tutorials,IT & Software,6080.0,4.12,27,154
3-Step Writing System: Blogging & Writing Secrets [2020],Finance & Accounting,8640.0,4.15,1091,7327
Learn Data Analytics and Visualization with Tableau from A-Z,Business,1280.0,4.42,236,715
Xamarin Forms MVVM With Prism,Development,8640.0,3.98,83,371
Excel Completo  + GRÁTIS resolução de questões de Concursos,Lifestyle,2240.0,4.82,3,24
Siemens TIA Portal for KTP400 HMI Programming (PLC-SCADA-12),IT & Software,5760.0,4.36,11,113
What Has Worked In Investing,Finance & Accounting,1280.0,0.0,0,724
Cross-Cultural Communication: How To Flex Your Style,Business,8640.0,4.37,5466,11077
PHP OOP Complete Practical Course,Development,6400.0,3.76,19,4681
Healing your Heart Chakra,Lifestyle,1600.0,4.88,32,236
Azure Data Engineering - Interview Preparation Practice Test,IT & Software,1280.0,5.0,2,277
The Single Most Profitable Business - Real Estate Investing!,Finance & Accounting,8640.0,3.04,41,5108
Creating Bestsellers: Concept to Sales,Business,2560.0,4.39,13,88
Discovering Godot: Make Video Games in Python-like GDScript,Development,6400.0,4.61,3153,13370
Create a Traveling Plan in Excel,Lifestyle,0.0,4.01,135,5585
FIVERR Crusher - Succeed on Fiverr from Scratch!,IT & Software,8000.0,3.94,38,2368
The Business Writing Course,Finance & Accounting,3200.0,4.52,51,253
How to start AIRBNB during pandemic without owning property,Business,8640.0,4.53,47,157
C++: Deep learning of fundamentals in C++,Development,7040.0,4.38,18,529
Clickbank Success Without Even Having A Website,Lifestyle,8640.0,3.6,43,1665
Preço de Venda Para o Setor da Indústria,IT & Software,1280.0,3.0,1,3
Technical Analysis 101: Indicators & Strategy for Trading,Finance & Accounting,1280.0,0.0,0,2
Fiverr Reseller Academy,Business,8640.0,4.41,9,777
neural networks for sentiment and stock price prediction,Development,8640.0,4.39,114,586
Learning how to catch redclaw crayfish crawfish fishing,Lifestyle,1920.0,0.0,0,0
SPSS Essentials: Statistics made easy,IT & Software,1600.0,4.38,217,920
Enroll 50+ Superstars in Your Networking Marketing Business,Finance & Accounting,8640.0,4.18,20,3429
PMP - Simple way to learn - Based on PMBOK6,Business,8640.0,4.17,23,4953
Complete php mysql course - Learn php mysql and php oop,Development,8640.0,4.23,264,9631
Анимация бизнес-презентации в PowerPoint с нуля,Lifestyle,4800.0,4.66,9,351
The Complete Practical Touch Typing Course,IT & Software,6400.0,4.13,139,15449
Trade Based Anti Money Laundering AML Framework,Finance & Accounting,1280.0,5.0,1,9
"Cryptocurrency Investment Fundamentals | Buy, Sell & Store",Business,8640.0,4.72,724,6791
AWS For C#/.NET Developers,Development,8640.0,3.77,11,283
Excel Básico,Lifestyle,1600.0,4.53,2,5
SWIFT WORD: Microsoft Word Quick Professional Learning,IT & Software,1280.0,4.56,11,1066
"Facebook, Instagram, YouTube, Google Marketing - And Others",Finance & Accounting,1600.0,3.78,6,25
Project Management Fundamentals for Professionals,Business,8640.0,4.32,263,1521
WordPress Shortcodes Ultimate Advanced Expert,Development,6400.0,4.18,12,209
Popular Cocktail Recipes - A masterclass in cocktails,Lifestyle,1280.0,4.38,45,238
The Ultimate Commodity Channel Index Trading Strategy Course,IT & Software,6400.0,4.24,9,194
Minicurso: A ciência por trás das opções binárias,Finance & Accounting,0.0,4.45,86,853
Introduction to Statistics,Business,1280.0,4.5,68,1266
(NEW) Coding for non-programmers in Julia,Development,1600.0,4.01,58,233
Past Lives: Healing Emotional Wounds & Repeating Patterns,Lifestyle,6080.0,4.75,112,705
"Your Money, Your Expenses, Your Budget (Personal Budgeting)",IT & Software,3200.0,3.34,3,7
"Film your TV show or movie for theater, television, DVD",Finance & Accounting,1280.0,4.37,7,80
Excel Data Analytics in AML Financial Intelligence Analysis,Business,1600.0,4.38,350,1516
Java Programming for Mobile Developers - Lite,Development,1280.0,4.25,18,2886
How To Run For Local Office,Lifestyle,1920.0,0.0,0,0
How to View Modbus RS485 Data on the Web using Arduino & IoT,IT & Software,1280.0,4.67,80,444
A Complete WordPress Website Development Course,Finance & Accounting,8640.0,4.35,123,2913
A Comprehensive Guide To Distressed Mortgage Notes,Business,1280.0,3.88,56,308
New to AngularJS Automation.?Try Protractor-Best for Newbies,Development,5120.0,3.89,144,622
inDesign Building Blocks,Lifestyle,8640.0,4.87,20,105
AWS Certified SysOps Administrator - Associate 2020,IT & Software,8640.0,4.47,11448,98092
Hands-On Deep Q-Learning,Finance & Accounting,8000.0,4.05,3,39
How To Create A 5 Figure Writing Business- 2020. ZERO SKILLS,Business,3520.0,4.3,103,13456
Elasticsearch in Action,Development,1280.0,3.61,280,1568
DiSC Personality Types Leadership Training For Career Change,Lifestyle,1920.0,3.74,4,1636
Bond Valuation Mastery - Learn To Value Bonds From Scratch.,IT & Software,7680.0,4.56,357,2092
Business Networking / Face-to-Face Relationship Building,Finance & Accounting,1920.0,3.58,20,723
Business strategy evolution - looking back to move forward,Business,1280.0,4.62,9,89
The Complete Web Development Course 2020 | CMS Project,Development,8640.0,4.76,275,7838
Microsoft Teams: Discover How To Collaborate Online For Work,Lifestyle,7040.0,4.29,94,2093
The Complete Salesforce Administrator Certification Guide,IT & Software,4160.0,3.83,76,8908
Employment Law Compliance Made Easy,Finance & Accounting,1280.0,4.45,747,3175
Trading Biotech Stocks - Understanding the Healthcare Sector,Business,3520.0,3.55,104,443
How to build a website using WordPress,Development,1280.0,3.52,61,8569
Creating Crystal Grids and Combinations,Lifestyle,1280.0,4.25,34,129
Learn IP addressing and IPV4 Subnettings,IT & Software,1280.0,2.98,3,1263
Leadership | Off the Leash,Finance & Accounting,1280.0,4.29,45,366
The Business of Style Masterclass,Business,7680.0,4.61,7,60
Intro to 3d Modeling Using Blender,Development,1280.0,3.06,138,1703
Mobile App UI UX GUI Design Tutorials(모바일 앱 UX UI GUI디자인 실무),Lifestyle,5120.0,3.35,35,144
WordPress 101,IT & Software,6080.0,4.16,35,3129
How to Raise Funding for Your Start-up / Early Stage Company,Finance & Accounting,3200.0,4.54,35,211
Train The Trainer: Teamwork and Team Building,Business,6400.0,4.2,4,14
Create a Space Pinball Game in Construct 2,Development,1280.0,4.76,40,210
Curso Integral de Locución para Voice Over,Lifestyle,2240.0,4.53,140,359
Technical Analysis Using Indicators For Stock Options Forex,IT & Software,3200.0,4.29,12,1114
Curso Completo de Educação Financeira,Finance & Accounting,8640.0,4.54,1790,6185
So You Want to Work in Human Resources,Business,8640.0,4.26,23,1101
Learn Web API in 7 Days - The Ultimate Web API Tutorial,Development,6400.0,2.96,87,15418
Creating a Meaningful Life & Developing Habits of Happiness,Lifestyle,4800.0,4.36,799,5791
Oracle Cloud Infrastructure Foundations 2020 Practice sets,IT & Software,1280.0,4.34,91,346
Amazon Kindle SEO: How To Get Book Reviews & Rank In 2020,Finance & Accounting,8640.0,4.43,128,3836
Validate. Sell. Build. The Guide to Insanely Great Products!,Business,1280.0,4.31,6,758
Java for Beginners,Development,4800.0,3.51,55,1980
Web Dev 101: Zero To Hero,Lifestyle,1280.0,2.5,1,8
CCSP - Certified Cloud Security Professional Tests,IT & Software,1280.0,3.45,20,106
The Complete Business Plan Course (Includes 50 Templates),Finance & Accounting,8640.0,4.62,3576,77373
Stock Market - Swing Trading Strategies for Wall Street,Business,3200.0,2.99,12,836
Learn Node.js From Scratch,Development,1280.0,3.72,93,20515
Learn AutoCAD Electrical video lecture free,Lifestyle,0.0,4.31,55,3646
Data Warehouse Projects: A Short Course for IT Executives,IT & Software,2560.0,4.56,20,1075
How to Build an eCommerce Store for Your Clothing Brand,Finance & Accounting,1280.0,4.27,6,1209
Periscope For Business,Business,1280.0,3.88,17,8453
Comprehensive Algorithms,Development,1280.0,4.25,63,2787
Search Engine Optimization SEO Training for Marketers,Lifestyle,2880.0,0.0,0,225
Microsoft Excel from Beginner to Advanced Level,IT & Software,7680.0,4.31,6,29
Get Started With Penny Stocks -Step by Step Guide to Trading,Finance & Accounting,8640.0,3.11,143,11012
The Elevator Pitch Starter Session,Business,4480.0,4.07,8,60
HTML5 MasterClass Using Video & Audio in HTML5,Development,3200.0,4.34,18,158
Holyscapes,Lifestyle,1920.0,4.67,2,20
From complete beginner to consistent Forex professional.,IT & Software,2240.0,4.75,26,136
10 Passive Income Online Businesses - Make Money Online 2020,Finance & Accounting,3200.0,4.42,17,101
Corporate investment management: from beginner to expert.,Business,6720.0,4.36,45,269
Master Laravel PHP for Beginners and Intermediate,Development,6400.0,4.59,791,4166
How to turn a graphic t-shirt into a cosmetic bag,Lifestyle,1600.0,4.69,5,11
Treinamento Super Trader - Dólar Futuro,IT & Software,3520.0,5.0,4,6
Entrepreneur: Go Global - A Young Professional's Guide,Finance & Accounting,1280.0,3.66,18,13054
Work From Home: How to Start a Home Daycare Business,Business,2880.0,4.82,29,118
Firebase Authentication masterclass with Angular,Development,5440.0,4.0,52,6872
SketchUp DC｜動態元件,Lifestyle,8640.0,4.63,13,61
How To List More Properties In Less Time Like a Top Producer,IT & Software,3840.0,4.87,13,50
Cryptocurrency for Beginners in 2020: Buy & Sell Like a Pro,Finance & Accounting,8640.0,3.51,4,13
Introduction to Contract Management,Business,6080.0,4.47,44,205
Build A Website - WordPress 5 + Twenty Nineteen Theme 2019,Development,8640.0,4.16,21,94
Learn Microsoft Excel Charts (Basic to Advanced),Lifestyle,0.0,4.25,79,3605
Investing in Real Estate Tax Lien Certificates: Case Study,IT & Software,1600.0,4.3,64,1407
Dividend Investing Specialized Topic: REITs MasterClass,Finance & Accounting,1280.0,4.64,274,2672
Manage and Visualize Projects in Smartsheet,Business,2560.0,4.66,44,168
"Learn to Build iOS apps, Android apps, Games and Websites!",Development,1280.0,3.93,30,1950
Life Magic for All Aspects of Your Life,Lifestyle,8640.0,4.71,7,48
Passive Income: Financial Freedom in 20 Years or Less,IT & Software,1600.0,3.52,23,531
Islamic Finance - A Brief Introduction,Finance & Accounting,2240.0,4.31,57,219
Amazon Affiliate Marketing Using Authority Site (Beginners),Business,8640.0,3.73,72,645
Data Structures and Algorithms:  Deep Dive Using Java,Development,6400.0,4.39,6861,38915
Maya: Animando Caminhada de Personagem.,Lifestyle,3840.0,4.17,7,48
PL/SQL Oracle Database Administration: Server UNIX & Queries,IT & Software,8640.0,3.15,108,2382
Introducción a la Contabilidad,Finance & Accounting,1920.0,3.9,46,1254
Business Analytics,Business,3200.0,3.25,169,864
Missile Commando with Swift and Sprite Kit,Development,1920.0,4.22,22,304
Price Analytics,Lifestyle,1600.0,3.41,114,593
How to Manage Difficult Conversations at Work and at Home,IT & Software,3200.0,4.51,16,96
Accounting for Hotel Industry: A Complete Guide,Finance & Accounting,8640.0,3.56,10,28
Beyond Upwork: How to Find Freelance Clients Outside Upwork,Business,8640.0,4.71,69,391
Beginners Guide to Electron Framework,Development,2560.0,3.81,52,468
SEO: Ranking with CONTENT CREATION ONLY - 100% Google safe,Lifestyle,8640.0,3.7,23,168
What Clients Want: How to improve customer satisfaction,IT & Software,2240.0,3.97,9,152
حركة المتوسطات والتداول بالأوبشن,Finance & Accounting,2240.0,4.82,3,20
Beat the Clock: How to Manage Your Territory,Business,1280.0,4.72,21,1735
Learn ASP.Net MVC and Entity Framework (Database First),Development,8640.0,4.25,68,3235
Create a Rocky Ground Surface with both Substance and Quixel,Lifestyle,1280.0,3.0,1,11
Azure Active Directory training,IT & Software,1280.0,3.87,3,18
A Beginner's Guide to Replacing Your Job with Forex,Finance & Accounting,1280.0,3.95,470,8380
Get Credit for Your EIN That's Not Linked to Your SSN,Business,1280.0,4.55,165,804
The Absolute Beginner's Guide To Learning Unreal Engine 4!,Development,8640.0,4.63,224,1048
Sell More Online: Create Your Own Affiliate Program,Lifestyle,8640.0,4.64,34,1524
Learning Python Flask and SQL Alchemy ORM,IT & Software,6400.0,4.25,41,204
NimblrTA Breakout Strategy for Beginners,Finance & Accounting,5760.0,4.66,98,253
Top 10 Worst Tableau Designer Mistakes and How to Avoid Them,Business,1280.0,4.42,39,11587
Sublime Text 3 Editor for Developers to work like a Pro,Development,1280.0,2.79,23,2587
サンペー先生の『Photoshop切り抜き講座　簡単！誰でもできる美しい画像合成テクニック』,Lifestyle,3200.0,4.2,174,1416
Kali Linux Basics Course For Cyber Security,IT & Software,8640.0,3.04,146,18080
The Complete Guide to Making Money With Attorney Marketing,Finance & Accounting,1600.0,2.46,4,10
Public Speaking Training & Facilitator Certification,Business,8640.0,4.19,863,4850
Learn C++ Programming The Easy Way,Development,1280.0,4.36,23,644
3ds Max e Photoshop CC - Maquete Eletrônica 3D (Externa),Lifestyle,1280.0,4.66,11,77
Situational Trading: Proven Option Strategy for any Scenario,IT & Software,8640.0,3.84,17,1117
How to Close Every Sale,Finance & Accounting,3200.0,4.92,5,19
Get out of Debt - The Power of Using Compounding Interest,Business,3200.0,4.57,7,1229
Build Windows Forms App with Visual Studio - Land a job! - 2,Development,1280.0,4.1,23,256
Adobe Animate CC - Avanzado: Crear Interactividad HTML5.,Lifestyle,8320.0,4.37,57,207
Learn to Sell Anything by Grant Cardone,IT & Software,3200.0,4.4,3543,15174
"Food Truck Business Plan - Template, Sample, Example & Excel",Finance & Accounting,4160.0,4.64,47,434
IT Risk Management,Business,3200.0,3.98,105,815
Complete Monitoring & Evaluation Software Development Guide,Development,3200.0,3.84,13,103
4 Powerful NLP Techniques To Remove Fear And Phobias,Lifestyle,5760.0,3.75,17,1834
Medical Device Process Validation Explained In Simple Terms,IT & Software,8640.0,4.65,10,46
Fixed Income Securities - The Ultimate Guide,Finance & Accounting,6400.0,3.61,28,4071
Lean Six Sigma White Belt,Business,1600.0,4.36,716,3635
Unity3D Stickers 2D Game Step By Step,Development,3520.0,3.45,56,439
Toilet Training,Lifestyle,1280.0,3.78,13,340
Manage Windows Server Infrastructure With Active Directory,IT & Software,6400.0,3.39,103,1455
Online Meeting Survival Guide,Finance & Accounting,1280.0,4.26,19,4185
Etsy Marketing and SEO Mastery for 2019,Business,1280.0,3.27,10,726
Robotic Process Automation: RPA for Managers and Leaders,Development,8640.0,3.86,56,2835
Far Beyond Modern Psychology - Part 1,Lifestyle,8640.0,3.95,3,33
Learn Verilog HDL - beginner level,IT & Software,1280.0,2.24,5,15
Technical Trading Strategies with RSI Indicator,Finance & Accounting,2880.0,3.29,6,21
Avoid Going Broke: Professional Appraisal Valuation Software,Business,8640.0,4.09,22,426
"Learn Scratch Programming: Fast, Easy, and Fun!",Development,1280.0,4.38,31,412
The 6 steps to unlock your confidence,Lifestyle,8640.0,3.63,68,7035
Complete Microsoft Orleans .NET: From Zero to Hero,IT & Software,6400.0,4.1,59,1218
Public Speaking Training & Facilitator Certification,Finance & Accounting,8640.0,4.19,863,4850
Strategy Unplugged,Business,1280.0,4.08,108,862
Advanced Transact-SQL (T-SQL) : Stored Procedures |Functions,Development,7360.0,3.88,53,602
Microsoft PowerPoint 2010 Tutorial,Lifestyle,3200.0,4.41,106,4360
Build a Cool Space Station Tracking App using Spring Boot,IT & Software,1280.0,4.22,6,32
Trading: Indices NQ,Finance & Accounting,2240.0,0.0,0,0
LEADERSHIP LESSONS - From the people you lead!,Business,7680.0,4.52,16,164
Data Visualization with Python and Matplotlib,Development,6400.0,4.37,436,4340
Der ultimative YouTube-Ads Kurs: Kickstart als Einsteiger!,Lifestyle,8640.0,4.51,9,94
SAP S/4 HANA Online Practice Test,IT & Software,1920.0,4.14,3,8
Pivot Point Trading Ninja: DIY Pivot Point Certification,Finance & Accounting,1280.0,2.55,42,7902
How To Train Your Team - Team Leadership Management Skills,Business,8640.0,4.08,133,1140
Programming a news site from scratch using Node.js,Development,8640.0,1.65,20,4881
【10倍簡単に集客できるWEBページが作れる！】プログラミング、デザインセンス不要で本格的なホームページが作れるコース,Lifestyle,8640.0,5.0,2,78
The Complete C++ Developer Course,IT & Software,8640.0,4.63,119,1361
Dropship Lab: Secret Drop Shipping Success Formulas!,Finance & Accounting,7680.0,4.24,117,740
The Ultimate Course To Become A Professional Blogger,Business,3200.0,4.73,8,100
Ultimate Web Development with HTML and CSS,Development,2560.0,4.23,80,5064
The Complete Stress & Anxiety Breakthrough Programme,Lifestyle,8640.0,4.18,465,5166
Intermediate AutoHotkey / Windows Desktop Automation (RPA),IT & Software,2560.0,4.39,47,196
Real Estate Investing: Learn How To Fix Up Your Fixer Upper!,Finance & Accounting,8640.0,4.2,34,1938
"Distillation columns : Principles , Operation & Design",Business,8640.0,4.34,5,52
Create Websites Faster And Easier With Joomla 3.2 NO Coding,Development,2560.0,4.44,13,403
Duck Hunting for Beginners,Lifestyle,1280.0,3.64,19,314
GDPR Compliance 10 Step Programme,IT & Software,8640.0,4.28,5,28
Executive Travel Booking for Assistants,Finance & Accounting,1920.0,4.46,44,191
Financial Management and Enterprise Resource Planning(ERP),Business,1280.0,3.27,11,32
Video Game Programming for Kids and Beginners,Development,8640.0,3.71,17,64
Master Cake Baking: The Complete Introduction,Lifestyle,0.0,4.51,1526,29193
System Center Configuration Manager Current Branch - SCCM,IT & Software,1280.0,4.37,421,2128
STOCKDETECTOR - Impara ad investire in Azioni,Finance & Accounting,6400.0,3.7,51,920
Website Design,Business,8640.0,4.13,24,1118
Learn Go Programming From Scratch && Crack Golang Interviews,Development,1280.0,3.8,10,1632
QuickBooks Online Plus Made Easy Training Tutorial 2015,Lifestyle,1280.0,4.03,69,477
PL/SQL Interview Questions and Answer with Video Examples,IT & Software,1280.0,3.76,12,77
Master Earned Value Management(EVM) for PMP and CAPM Exam,Finance & Accounting,3840.0,3.82,22,1100
How I Booked 8 Acting Roles On Major TV Shows in a Year,Business,2560.0,4.75,336,1980
Isomorphic JavaScript with MEVN Stack,Development,8000.0,3.76,34,113
Masterclass de Dibujo,Lifestyle,1280.0,4.39,53,2553
Informed Risk Taking : Risk Management Process - Analysis,IT & Software,1280.0,4.05,158,1013
Welcome to Finance (University-Level Course),Finance & Accounting,3200.0,4.8,8,15
Exploration & Development In the Oil & Gas Industry,Business,3200.0,3.95,32,123
DATA SCIENCE with MACHINE LEARNING and DATA ANALYTICS,Development,8640.0,4.17,34,259
"Excel, PowerPoint, Word, Outlook & OneNote in 60 Minutes",Lifestyle,6400.0,4.4,287,17826
"Master Personal Finance: Build Wealth, Save & Invest Money",IT & Software,8640.0,3.01,49,3285
Millennia Business Academy - Time Engineering,Finance & Accounting,8640.0,4.83,3,12
Scarcity Profits,Business,1280.0,4.42,15,1486
Machine Learning Prerequisites for 2021,Development,1280.0,4.25,14,3092
Arte para Videojuegos: Unity Photoshop AI de Cero a AVANZADO,Lifestyle,7040.0,4.51,22,154
Sales - Start Selling on Purpose,IT & Software,8640.0,3.94,24,9492
Trading: Conviértete en un Inversor Experto desde Cero,Finance & Accounting,8640.0,3.83,48,196
Supply Chain Analytics,Business,8640.0,3.73,108,19201
Step-by-Step Guide to Creating & Marketing Apps - No Coding,Development,1280.0,4.67,54,10496
Self-Defense For Women,Lifestyle,2880.0,4.5,1,2
Airbnb - get more bookings of 30+ days [full guide],IT & Software,6400.0,4.36,21,119
Learn How To Design and Manage a Website,Finance & Accounting,1280.0,4.49,6,33
Create a Customer Profile That Will Grow Your Business,Business,1280.0,4.19,11,414
Learning Path: VMware vSphere Unlocked,Development,8640.0,4.18,72,689
Develop Your Spiritual Creativity God's Way,Lifestyle,8640.0,4.73,35,201
Debian Linux Server Setup and Administration Essentials,IT & Software,8640.0,4.22,148,1864
Complete Short Black Scholes Options Trading Pricing Course,Finance & Accounting,1280.0,3.88,17,2556
Shopify Dropshipping Masterclass,Business,2240.0,4.43,63,1344
Machine Learning 2020: Complete Maths for Machine Learning,Development,3200.0,4.23,56,301
Emotional Intelligence For Millennials,Lifestyle,4800.0,5.0,9,31
How to Make and Implement Effective Business Decisions,IT & Software,1280.0,4.4,8,34
Kindle eBook Publishing - Achieve Success With No Marketing!,Finance & Accounting,3200.0,4.31,49,1472
Selling on Amazon FBA Masterclass: Private Label Handbook,Business,8640.0,4.79,74,5432
Apache Maven-Quick Start,Development,1280.0,3.85,38,1761
Grape and Fig Cake Masterclass,Lifestyle,2560.0,5.0,2,8
Complete guide for IoT Testing,IT & Software,5120.0,4.25,117,294
Building Your Team: How to put together the perfect team,Finance & Accounting,6400.0,4.16,1761,14169
Control the Project Schedule (PMI - PMP),Business,1600.0,3.97,29,5572
Beginner Object Oriented Programming In C# and .NET Core,Development,8640.0,4.53,476,27238
Facebook Ads & Facebook Marketing MASTERY 2020 | Coursenvy ®,Lifestyle,8640.0,4.44,24752,159474
Selling Property - Tips & Tactics when Moving Home,IT & Software,6400.0,3.51,3,11
Leading Effective Meetings: Beginner's Guide,Finance & Accounting,6080.0,4.43,491,2076
The Comprehensive Guide To Pro Trading For Beginners,Business,8640.0,4.37,37,221
The Total Kotlin Course : Learn Kotlin Today,Development,6400.0,4.5,305,20079
Video Making Formula,Lifestyle,1280.0,0.0,0,0
PRINCE2: Introduction to project management with PRINCE2,IT & Software,8640.0,4.55,54,301
Find Your Passion and Start a Business from scratch,Finance & Accounting,8640.0,3.38,10,1767
How to Become a Translator without a Degree,Business,3840.0,4.6,151,489
NativeScript: A Crash Course to Build Beautiful Native Apps,Development,8320.0,2.71,23,2403
Kindle Blueprint + FREE SOFTWARE,Lifestyle,3200.0,3.09,10,2979
Power Automate Flow Foundations A-Z,IT & Software,8640.0,4.43,64,313
Bitcoin dalla teoria alla pratica - sezione Mining,Finance & Accounting,1600.0,0.0,0,1
How to Become a Workplace Coach: Building a Coaching Culture,Business,1600.0,4.1,27,191
WordPress Samurai: SEO Rocket Edition,Development,8640.0,4.09,13,64
Curso de Mocap para blender con Kinect,Lifestyle,1280.0,3.41,10,61
8 INSANELY Profitable Amazon PPC Campaigns (Step-by-Step),IT & Software,3200.0,4.69,184,841
Trader avec des indicateurs techniques,Finance & Accounting,5120.0,4.27,4,21
Project Management Essential Training,Business,1280.0,3.81,149,10019
Implementation of Large-scale Math Optimization Models,Development,1280.0,4.94,38,1131
Blow Up Your Small Business,Lifestyle,2240.0,4.55,12,74
"Investor Metrics: Growth KPIs, ROI & Management for success",IT & Software,3200.0,4.35,4,22
Self-Esteem Life Coach Certification2 Life Coaching,Finance & Accounting,8640.0,4.09,193,2762
IIBA ECBA Proficiency-based Mock test 2020,Business,1280.0,4.28,45,193
Mastery in Python - For Beginners from Zero to Hero !,Development,8640.0,3.75,572,46431
"تعلم تصنيع منظف التواليت الجل ""هاربيك"" وكيفية حساب التكلفة",Lifestyle,1280.0,3.71,4,24
PMP Practical Exams​ 2020 Based on PMBOK Guide 6th Edition,IT & Software,1600.0,3.55,356,12161
Freelance Medical Writing as a Career Choice,Finance & Accounting,1280.0,4.2,245,658
Ace the MBA Application!,Business,3200.0,4.39,25,161
Become a Hadoop 2.x Administrator: Hadoop 2.x Administration,Development,6400.0,3.05,22,233
Illustrate a Vintage T-shirt Design in Clip Studio Paint,Lifestyle,1280.0,0.0,0,1
Wyckoff Trading: Making Profits With Demand And Supply,IT & Software,8640.0,3.38,80,436
Cold Calling for B2B Sales: How to Prospect over the Phone,Finance & Accounting,8640.0,4.48,1062,3883
How to Start a Business – Sustainably in 2020,Business,8640.0,4.37,23,1509
Learn Top Ten PHP FrameWorks By Building Projects,Development,3840.0,4.25,178,1623
Career Coaching Certification3 Personal Branding,Lifestyle,8640.0,4.46,16,644
AutoCAD VBA Programming -  Beginner course,IT & Software,2560.0,4.03,129,590
BUSINESS:How to Start a Business Fast and Make it Successful,Finance & Accounting,4160.0,3.88,69,124
Outsourcing: How To Grow Your Business By Assigning Tasks,Business,1280.0,3.53,24,2526
SQL Server Administration Part1,Development,1280.0,4.42,2716,11917
A Complete Guide for Influencer Marketing Techniques 2020,Lifestyle,1920.0,4.41,18,3655
Mining Cryptocurrencies and Bitcoin for Best Profit,IT & Software,1280.0,3.59,22,142
"Project Management, Leadership: Management, Entrepreneurship",Finance & Accounting,8640.0,3.6,205,7851
Time management for busy entrepreneurs - optimize to win,Business,8000.0,4.8,12,299
C in Depth: The Complete C Programming Guide for Beginners,Development,8640.0,3.79,290,6563
How to Ace that Job Interview,Lifestyle,1280.0,0.0,0,0
Create your own AI powered Chatbot with IBM Watson Assistant,IT & Software,1280.0,3.77,179,19402
Practical Financial Modeling Bootcamp - modeling Google,Finance & Accounting,1280.0,4.65,31,137
Establish Your Identity Online,Business,1280.0,4.66,4,1008
Learning Path: Magento: Master and Test Magento 2 with Ease,Development,8640.0,4.25,477,2941
"Curso De MAGIA!, Aprende Magia Profesional!",Lifestyle,1280.0,4.5,1,7
Domain Driven Design: Fundamentals,IT & Software,1280.0,2.99,130,488
How to Start a Home Business,Finance & Accounting,3200.0,4.09,5,785
Run a Social Media Marketing Online Business in SocialPilot,Business,8640.0,4.65,537,4058
Advanced Woocommerce - Step by Step,Development,3200.0,4.17,20,165
Kindle Evergreen Book Publishing System,Lifestyle,8640.0,3.99,104,3751
Amazon FBA: Start a Successful Amazon Business in 2020,IT & Software,3200.0,4.14,66,1107
"Blender 3D Animation ""für Anfänger""",Finance & Accounting,8640.0,3.26,4,59
Public Relations: Speak Effectively at Press Conferences,Business,8640.0,4.78,94,12546
Single Page Application of MVC 5 Using AngularJS,Development,1280.0,3.6,99,1423
Clear Your Clutter and Make Space for Your Dreams,Lifestyle,3840.0,5.0,3,13
Create a kickass financial independence spreadsheet,IT & Software,0.0,4.3,60,1752
Finanzas personales e inversiones sin riesgo,Finance & Accounting,3840.0,4.0,1,4
Investing Presentations-Deliver an IPO Roadshow Presentation,Business,8640.0,4.08,12,739
Node.js Tutorial For Absolute Beginners,Development,3200.0,4.51,249,6426
Videocurso de Marketing Digital para Hacer Crecer Tu Negocio,Lifestyle,2880.0,4.06,147,1729
All your home loan calculations in Excel,IT & Software,1280.0,4.81,15,406
Writing Grants Applications For Nonprofit Organizations,Finance & Accounting,1920.0,0.0,0,13
Essential Excel Features & Functions for Marketing Analytics,Business,8640.0,4.06,18,108
Model-View-Controller design pattern with Unity.,Development,3200.0,3.9,219,1202
Electrical Control & Protection Part 3,Lifestyle,1280.0,4.82,196,1289
Mastering QuickBooks 2016 for Lawyers Training Tutorial,IT & Software,1280.0,3.16,5,53
Teknik Analiz ve Trading Stratejileri Eğitimi,Finance & Accounting,9600.0,4.57,87,227
Key success factors to drive operational excellence,Business,8000.0,4.37,28,136
Angular 4 Java Developers,Development,8640.0,4.16,971,5528
OBS Studio Master Course,Lifestyle,3200.0,4.44,2,10
sap abap Programming Training,IT & Software,5440.0,5.0,6,471
Crypto Cash,Finance & Accounting,3200.0,0.0,0,1
"Stock Trading With Technical Analysis, Trading Strategies",Business,8640.0,4.1,473,3550
Introduction to the Discrete Fourier Transform with Python,Development,2560.0,4.52,85,6417
Corso Content Marketing,Lifestyle,8640.0,4.67,4,32
Quora For Business,IT & Software,3200.0,4.35,25,1500
Get the EFT Edge for Negotiating,Finance & Accounting,6080.0,4.17,52,10189
Business Analysis Essentials,Business,6080.0,4.31,359,1385
Rapid Gulp,Development,3200.0,4.45,29,180
YouTube SEO: Posiciona Videos en la 1 Página de YouTube,Lifestyle,5760.0,3.92,33,100
Salesforce Development Lifecycle & Deployment Designer Exam,IT & Software,1280.0,3.14,4,20
Learn about business ethics,Finance & Accounting,1600.0,3.6,221,1309
How to Use Information Tables in Tech & Business Writing,Business,3200.0,4.45,6,1290
Ionic Apps for WooCommerce: Build an eCommerce Mobile App,Development,6400.0,4.23,173,1363
Meaningful and Mindful Life,Lifestyle,5440.0,5.0,1,11
Practice Tests to get 2019 Comptia A+ Certification 220-1001,IT & Software,1280.0,3.97,79,296
Alibaba ✈ Import Guide To Making Huge Margins!,Finance & Accounting,2240.0,4.1,45,1682
How I Make A Living Without A Job (Not Even Part Time),Business,8640.0,3.1,127,16600
"API Testing, Automation with POSTMAN and RestAssured & Java",Development,1280.0,4.2,343,1681
Help me I'm a parent! GPS Great Parenting Start,Lifestyle,5120.0,0.0,0,6
Cisco CCNP Switch (300-115) Practice Test : Updated 2020,IT & Software,1920.0,3.67,6,27
Man Up: The Ultimate Assertiveness Coaching Programme,Finance & Accounting,7360.0,4.53,395,6614
The Content Creation Mini Guide,Business,1280.0,4.26,9,1092
Python Object Oriented Programming Visually and in under 1hr,Development,1600.0,3.47,160,12556
Goal Setting for Success with SMART Goals,Lifestyle,3200.0,5.0,2,5
FRM Part II (2020): Liquidity Risk,IT & Software,3840.0,2.5,2,9
OSHA Workplace Safety (General Industry 6 Hr Class),Finance & Accounting,4160.0,4.42,1492,3466
Fundamentals of Real Customer Success,Business,9600.0,4.51,162,455
Cobol learning made easy,Development,2560.0,2.78,48,2242
Organización: ¿Cómo realizar reuniones laborales efectivas?,Lifestyle,3840.0,2.99,2,3
Azure Logic Apps - 360⁰,IT & Software,1280.0,4.54,18,75
Body Language for Sales Professionals,Finance & Accounting,1280.0,3.67,8,35
Advanced UAV Photogrammetry – Part1 – Planning and Execution,Business,1920.0,4.19,47,128
"Interview Faqs & Ans: Javascript, NodeJS, ReactJS, AngularJS",Development,1280.0,1.92,32,3915
The Ultimate Guide to Every Adobe Illustrator Tool,Lifestyle,8640.0,4.49,177,1834
Android App Development For Beginners: Make a full app!,IT & Software,1280.0,3.7,562,16961
How to Create a High Performing High Ticket Offer,Finance & Accounting,8640.0,3.07,10,4973
Select and Manage Construction Contractors,Business,1600.0,4.13,8,163
Convolutional Neural Networks: Zero to Full Real-World Apps,Development,6080.0,4.63,114,1041
The RadCast Clinical Radiology Application Course,Lifestyle,4480.0,4.79,5,13
Oracle Forms 10g Online Training Tutorial,IT & Software,1600.0,3.39,37,93
"""Geometry Of Chance"" - strategy of defeating roulette",Finance & Accounting,2240.0,3.63,50,125
Coaching for Peak Performance,Business,1920.0,3.82,6,15
Mechanic Game Design Using Blueprint In Unreal Engine 4,Development,8640.0,3.85,71,2480
Become an SAP HCM Consultant,Lifestyle,8640.0,4.29,1182,5423
Communicating Numbers: Effective visualisation of data,IT & Software,2880.0,4.18,17,69
Financial Audit - Interim Planning Phase,Finance & Accounting,2560.0,3.08,3,12
[2020] Resume&Cover Letter Guide with the Canadian Recruiter,Business,2240.0,5.0,6,20
Learnpress Wordpress LMS Plugin Tutorial,Development,1920.0,3.58,29,2224
Create Static Sites with Jekyll And GitHub Pages,Lifestyle,1280.0,4.04,71,1623
AWS Certified Solutions Architect - Associate [Latest Exam],IT & Software,2240.0,4.72,6664,17515
How to Start a Home-Based Business | 8 steps to start,Finance & Accounting,1920.0,4.44,8,876
IT Trends Shaping the Future of Business,Business,6400.0,4.45,7,38
How to Make a Freaking Android App,Development,7680.0,4.59,768,3545
Curso de Certificação em Hipnose,Lifestyle,8640.0,2.35,6,23
Programming Network Applications in Java,IT & Software,1280.0,4.31,131,27811
Video Production: You Can Make Simple Talking Head Video,Finance & Accounting,8640.0,4.4,36,6023
Beauty Product Manufacturing 101: Custom or Private Label,Business,5760.0,4.06,24,2077
Create A Chatroom From Scratch: PHP and MySQLi,Development,8640.0,4.04,9,4876
Creating Baby Yoda_Part 1_Zbrush Sculpting,Lifestyle,8640.0,5.0,2,41
Understanding and Complying with HIPAA,IT & Software,4160.0,4.39,2101,3834
The Complete Tally ERP Course : Step By Step practical -2020,Finance & Accounting,1280.0,3.0,1,1
Learn Forex Trading In Two Weeks​,Business,2880.0,4.18,11,538
MERN Stack - The Complete Guide,Development,1920.0,4.37,365,2479
CATIA V5 Industry Oriented Practice Modules,Lifestyle,8640.0,4.8,3,15
"Geld - Glücklich sparen, frei fühlen! Inkl. Checkliste",IT & Software,3200.0,0.0,0,5
Customer Service: How to sell more without advertising,Finance & Accounting,1280.0,4.69,586,4843
Business Blogging Workshop: Drive Leads With Your Blog,Business,1280.0,3.94,24,440
HTML and CSS Masterclass,Development,5120.0,3.9,83,664
"Lead Generation, Email Marketing and Sales Automation (2020)",Lifestyle,7680.0,3.73,60,7154
Tableau 2020 NEW Course For Non-Technical Backgrounds!,IT & Software,1280.0,4.82,89,1957
Como invertir en Criptomonedas y ser  un trader Profesional.,Finance & Accounting,1280.0,4.45,8,25
"Program Management Introduction: What is it, WHY do it, How?",Business,1600.0,3.67,72,2973
Statistics for Data Analysis Using Excel 2016,Development,8640.0,4.49,1621,9263
Monarch Butterfly 101,Lifestyle,1920.0,0.0,0,0
Making & Compounding Profits in Forex trading,IT & Software,4480.0,4.27,8,59
Communication for project managers and PMP candidates,Finance & Accounting,4800.0,4.02,17,555
Kaizen - Continuous Improvement Practitioner Course,Business,3200.0,4.17,194,727
Python-Introduction to Data Science and Machine learning A-Z,Development,6400.0,4.26,46,13764
How to Design Your Dream Kitchen,Lifestyle,8640.0,4.45,365,2032
Ultimate Ethical Hacking Boot Camp - Beginner to Pro,IT & Software,8640.0,4.57,1244,7681
MBA in One Course : Entrepreneurship and Business Management,Finance & Accounting,1280.0,4.64,59,1913
Six Sigma White Belt (Dutch BKO Accredited),Business,8640.0,4.51,1625,4887
Object Detection with Python,Development,1600.0,3.72,9,708
Aprende AutoCAD 2D y 3D: Básico e Intermedio.,Lifestyle,8640.0,4.46,1089,3641
TILOS - Linear Projects Scheduling,IT & Software,8640.0,4.35,115,394
Covered Calls: Boost Your Cash Flow!,Finance & Accounting,1920.0,4.69,8,53
Accounting for everyone!,Business,2240.0,4.47,7,432
Kodu Game Lab: Learn to Code by Creating 3D Games with Kodu™,Development,8640.0,3.87,28,616
Complete Hardsurface Modelling & Sculpting inside ZBrush4 R8,Lifestyle,8640.0,4.49,115,1459
CAIIB 2020 Bank Financial Management Mock Tests,IT & Software,1280.0,3.74,8,76
Como Comprar e Vender Qualquer Moeda Digital Bitcoin Iota XR,Finance & Accounting,1600.0,3.6,12,43
ISO 31000 - Enterprise Risk Management for the Professional,Business,8960.0,4.45,1297,4137
Step by Step Guide to Machine Learning,Development,1280.0,4.15,530,83639
Comic Book Character Design: Superheroines,Lifestyle,2240.0,4.64,29,367
LPIC-1 Practice Exams|Get LPIC-1 Certified Easily For 2020,IT & Software,2240.0,3.96,25,912
Sales Mastery: How to Sell with Complete Confidence,Finance & Accounting,3200.0,4.7,7,2065
Contract Basics: Beginner’s Guide,Business,6400.0,4.06,14,1117
Data Science 2020: Data Science & Machine Learning in Python,Development,8640.0,4.51,39,287
How to create Portfolio Website 2020 | WordPress (No Coding),Lifestyle,6720.0,4.29,41,2867
Implementing Data Warehouse using SQL Practice Test (70-767),IT & Software,2240.0,4.12,31,1505
Make Money From Home As a Transcriptionist: 10 Opportunities,Finance & Accounting,8640.0,4.01,41,6054
Source Products For eBay & Amazon With Facebook Marketplace,Business,6400.0,4.18,32,1153
Programming for Absolute Beginners (No Math!) (No Coding!),Development,8640.0,3.08,26,2370
Going 3D: Modular Origami - making unique decorations,Lifestyle,1920.0,4.62,9,71
RedHat Linux Essentials,IT & Software,1280.0,3.06,32,1130
Shopify Guide: Start your own clothing brand with Shopify,Finance & Accounting,2240.0,4.06,112,32964
PMI-RMP - PMI Risk Management Professional practice exams,Business,1600.0,4.06,5,23
PyTorch for Deep Learning and Computer Vision,Development,8640.0,4.57,1161,6835
YouTube Sponsorship: Get Sponsored With ZERO Subscribers,Lifestyle,1600.0,4.37,177,14716
​Tableau Prep Masterclass- With real world business problems,IT & Software,8640.0,3.77,13,161
Writing Better Emails: deSchool Your Skills,Finance & Accounting,6080.0,3.9,38,320
Introduction to Working Capital Management,Business,3200.0,3.97,16,61
"Intro to Big Data, Data Science and Artificial Intelligence",Development,2560.0,4.26,579,1087
Microsoft Excel - Formeln und Funktionen für Anfänger+,Lifestyle,2560.0,4.35,14,64
Lean Six Sigma Green Belt Online Course (2020),IT & Software,9280.0,4.29,3328,13530
Easy Cash Flow Forecasting for Startups and Entrepreneurs,Finance & Accounting,2240.0,3.58,22,478
Conducting an Inquiry into Sexual Harassment Complaints.,Business,2240.0,3.82,10,24
Bootstrap 4 Beginners: Code a Responsive Landing Page,Development,1920.0,4.36,785,3697
Create Game UI in 3 different styles,Lifestyle,1280.0,3.28,95,365
pfSense for Dummies : Setup and Configure your own firewall,IT & Software,8640.0,4.14,39,1083
Professional Trader. Stock Trading. Forex. Day Trading,Finance & Accounting,8640.0,2.73,41,3384
Your 5 people who will build your 500-people empire,Business,8640.0,4.05,8,1010
Beginner's Guide to PostgreSQL,Development,3200.0,3.94,332,1900
Realistic Product Creation in Blender,Lifestyle,6720.0,4.17,8,82
Charts Sniper - ThinkorSwim Platform Setup,IT & Software,0.0,4.09,25,1210
Finance & Accounting for Management Consultants and Analysts,Finance & Accounting,8640.0,4.5,94,1406
MBA from Walt Disney Business Course,Business,1280.0,3.52,4,651
Unity Android Game & App Development - Build 10 Games & Apps,Development,8640.0,3.84,220,1265
Create your dream job! Become an entrepreneur of your life!,Lifestyle,5760.0,5.0,4,687
Project Management Tools and Techniques for Beginners,IT & Software,1920.0,3.14,12,80
Increasing Your Net Cash Flow,Finance & Accounting,1280.0,0.0,0,0
How to Create & Sell Information Products Fast!,Business,8640.0,3.62,26,1287
Make Your Own iPhone Game in One Day Without Coding - iOS 7,Development,1280.0,4.3,16,323
"2020 | ""Google AdSense"" كيفية قبول موقعك في جوجل أدسنس",Lifestyle,0.0,4.33,113,5617
Ten Success Tips To Completing Your Dissertation or Thesis,IT & Software,1600.0,4.91,7,67
Formation Quickbooks en ligne,Finance & Accounting,1280.0,4.82,6,44
Leading Innovation - Changing Corporate Culture,Business,4800.0,4.86,3,371
Salesforce Real time project with Lightning Component,Development,3200.0,4.03,21,143
CMA (AAMA) Medical Assistant Full Practice Exam -New,Lifestyle,1600.0,0.0,0,0
How To Use Xero Like A Professional,IT & Software,12800.0,0.0,0,0
How To Negotiate With Suppliers,Finance & Accounting,4800.0,4.37,13,49
Time and Task Management: Time Management Techniques,Business,3200.0,4.39,3270,9876
Learn To Make Epic Low Poly Scenes In Unity [Intermediate],Development,8640.0,4.45,26,745
Microsoft Office Tips and Tricks: Get in Pro Mode,Lifestyle,6400.0,3.87,227,17812
Strategic Networking - for the confident networker,IT & Software,1920.0,4.25,5,17
Boost Weixin Marketing Results with Practical Techniques,Finance & Accounting,12800.0,4.53,4,356
Stocks For Beginners - A Guide To Investing,Business,1280.0,3.76,31,149
Advanced UX Techniques - Novice to Pro!,Development,8640.0,3.91,19,86
Aprenda CorelDraw 2017,Lifestyle,1280.0,3.61,95,3656
Use the Magic Multiple Moving Average Forex Trading system,IT & Software,3200.0,4.52,833,4562
12 Hour Clinical Supervisor Training (Initial Training),Finance & Accounting,3840.0,3.9,17,30
The Ultimate Food and Restaurant Business Course,Business,6400.0,4.68,235,907
HTML: The first step for absolute beginners,Development,1280.0,4.6,215,10655
THE COMPLETE GUIDE TO DIRT BIKE TRAINING & FUNDAMENTALS,Lifestyle,1280.0,3.82,19,99
Launch Your Kindle eBook in 60 Minutes With Kindle Direct,IT & Software,1600.0,4.05,12,4619
Workforce management Real Time Analyst,Finance & Accounting,3200.0,3.11,27,80
Online Course Creation: How To Create Your Course,Business,3200.0,4.4,6,2800
Advanced Java Course,Development,8640.0,3.17,58,9687
Cómo hacer el mejor fondant para decoración de tortas,Lifestyle,1280.0,3.13,18,41
Digital Independence using STEEM Infrastructure,IT & Software,0.0,4.1,10,1590
Starting Your Game Studio: How to Create an Effective Team,Finance & Accounting,2240.0,3.83,31,133
Work From Home Online: Complete 2020 Guide for Everyone,Business,9600.0,3.52,37,414
Introduction to VR with Unity,Development,8640.0,4.18,310,2515
Excel Datenanalyse -und auswertung - für Einsteiger!,Lifestyle,6400.0,0.0,0,4
iOS Interview Question & Answers from 150+ Interviews(Swift),IT & Software,1280.0,4.23,43,429
The Complete Guide to Wealth Creation,Finance & Accounting,0.0,3.8,9,1101
Financial Translation,Business,3840.0,4.25,36,270
Learn MySQL with Examples of Basic Queries,Development,1280.0,3.9,43,2271
Curso Completo de Gestão de Produtos (Product Management),Lifestyle,5760.0,4.4,1335,4126
Digital Forensic Series: Computer Forensics,IT & Software,8640.0,3.81,229,3233
Lean Six Sigma Black Belt Course,Finance & Accounting,8640.0,4.23,54,402
Financial analysis using ratios,Business,1280.0,3.62,25,2553
Pro Android: Modern Android Architectures - MVVM MVP MVC,Development,6400.0,4.62,166,585
How to Advertise on YouTube with YouTube Ads in 2020,Lifestyle,1920.0,4.47,231,1406
Budgeting For A Home Within Your Means,IT & Software,0.0,3.61,33,6254
Basic Life Coaching Certification,Finance & Accounting,1600.0,4.69,13,39
Microsoft Excel for Business Professionals,Business,8640.0,4.55,465,5558
"Docker, From Zero To Hero: Become a DevOps Docker Master",Development,7680.0,4.51,620,8697
"SEO, SMM & Marketing Terminology Testing",Lifestyle,1280.0,3.39,13,1493
MTA 98-381 Introduction to Programming Using Python,IT & Software,1280.0,4.17,11,46
Introduction to MicroStrategy Report Development I,Finance & Accounting,3200.0,3.54,498,1864
Create and sell animated videos in minutes using PowerPoint,Business,8640.0,3.74,214,3406
Master all PHP ideas 2017 to build any project,Development,3200.0,3.86,165,23318
Special Effects Makeup: Creating a Bald Cap,Lifestyle,3520.0,4.97,7,41
"SAP® - SAPUI5, Fiori® and new UX - Getting Started(2018)",IT & Software,1280.0,3.72,365,3375
Scrum Master Certification Simulator,Finance & Accounting,1920.0,3.92,70,370
Introduction to PMO,Business,2560.0,3.2,42,2203
Complete Python & Matplotlib Data Visualization,Development,1280.0,3.57,46,604
How to get more Likes to your Facebook Business Page,Lifestyle,1600.0,4.02,41,1276
Full Business Analysis Study Guide,IT & Software,3200.0,4.44,118,1525
How To Repair Your Credit For A Home Mortgage Loan.,Finance & Accounting,1920.0,4.82,47,218
How to Find and Attract Investors for Your Business,Business,1280.0,4.05,17,275
Coded UI Testing with Visual Studio 2013,Development,2240.0,3.6,51,739
After Effects CC 2018 rápido,Lifestyle,1280.0,4.31,24,49
Conflict management in the workplace,IT & Software,6400.0,4.3,61,1175
"Microsoft Power BI Masterclass 7  Learn DAX, R, and Gateways",Finance & Accounting,8640.0,4.53,120,847
How to write great User Stories - for agile teams,Business,1920.0,4.07,34,366
Ruby on Rails: The Complete Full Stack,Development,1600.0,4.2,41,359
Cómo vivir de un blog de moda,Lifestyle,1280.0,3.7,27,226
The Complete Business Startup Playbook,IT & Software,1280.0,4.31,28,3207
CURSO DE TRADING DESDE 0 HASTA LO MÁS AVANZADO (TLA),Finance & Accounting,2240.0,0.0,0,0
Introduction to Translation Project Management,Business,2240.0,3.83,60,176
"Get A Web Developer Job - The Tips, Tricks & Tech Revealed",Development,3200.0,4.21,20,1097
Keyword Research For A Targeted Traffic in White Hat SEO,Lifestyle,1280.0,0.0,0,18
Amazon Web Services Fundamentals,IT & Software,8640.0,3.64,37,143
The 10 Rules for Achieving a Proper Termination,Finance & Accounting,1920.0,4.68,6,21
Influencer Marketing,Business,8640.0,4.38,23,188
Fundamentals of Programming,Development,8640.0,4.12,442,12601
Overcome & Develop Any Habit: Use Full Potential in Life,Lifestyle,0.0,4.37,1438,24071
That Business Idea: 40+ Startup Ideas,IT & Software,1600.0,3.66,129,9531
QuickBooks Online vs. Excel,Finance & Accounting,8640.0,4.0,26,1102
Freelancing: Learn How to Make Money Online During the COVID,Business,1600.0,5.0,3,6
Creating Python APIs Like a BOSS - The Django REST Framework,Development,8640.0,4.64,77,835
The Metaphysics of Subjectivity: confronting Descartes,Lifestyle,6400.0,0.0,0,5
How to grow your income as a public speaker,IT & Software,4800.0,3.92,3,22
How to Make a Feature Film with No Money and No Car,Finance & Accounting,2560.0,3.98,6,97
LEED Green Associate V4 | 400 Questions by Credit Categories,Business,3200.0,4.07,101,418
Rust lang: The complete beginner's guide,Development,6400.0,4.04,21,191
Certified Law of Attraction Life Coach - Practitioner,Lifestyle,8640.0,4.67,135,855
Amazon Seller Masterclass: Easily Sell Anything Like a Pro!,IT & Software,8000.0,4.03,144,3167
How to Make People Laugh in ANY Speech or Presentation,Finance & Accounting,6400.0,4.43,29,247
How To Overcome Objections And Make The Sale,Business,8640.0,4.0,208,754
Making Band Websites: Promoting and Selling Your Music,Development,1600.0,4.78,17,1037
Apprendre l'autohypnose facilement,Lifestyle,6080.0,3.44,4,27
Managing Staff with Challenging Behavior,IT & Software,6400.0,4.45,31,719
HIPAA & HITECH Part 1: Policies & Procedures,Finance & Accounting,1280.0,4.29,10,36
Learn How To Domain Name Research - Top Level Domains & More,Business,1600.0,4.55,15,1048
HTML and CSS for Beginners - Web Design & Development,Development,2560.0,4.89,54,1099
Excel 2019 Advanced,Lifestyle,2560.0,4.57,3,12
Beginning Project Management: Project Management Level One,IT & Software,4800.0,4.42,14255,48055
Introduction to Accounting in 1 hour - Free ebook included!,Finance & Accounting,7040.0,4.33,93,2034
Create a Happy Workplace,Business,3200.0,4.47,30,155
Generics and Varags Judiciously In Java,Development,8640.0,2.57,30,3124
Excel w biurze i w domu,Lifestyle,1280.0,0.0,0,3
UNDERSTAND MONEY MARKET SECURITIES AND REPOS,IT & Software,2560.0,0.0,0,2
Accounting 1 Simplified for You,Finance & Accounting,3200.0,4.32,561,4147
Negotiations for Small Business Owners,Business,5120.0,4.33,12,361
"Publish Captain Rocket* iPhone game under 2 hours, Unity 5",Development,1280.0,3.34,68,1303
"Audiobooks, Hörbücher + CDs im Self-Publishing produzieren",Lifestyle,6080.0,2.73,12,93
Devops Zero To Hero Complete Ultimate Guide 10+ Components,IT & Software,1280.0,2.83,13,100
7 Quality Tools for Quality Management,Finance & Accounting,5120.0,3.48,7,16
Writing Effective Business Letters,Business,3200.0,4.38,27,408
XML and XSD: a complete W3C-content based course (+10 hours),Development,8640.0,3.37,60,37996
2019: The best year of your life,Lifestyle,8640.0,2.0,1,12
Primeros pasos para INVERTIR EN LA BOLSA NY,IT & Software,1280.0,0.0,0,1
Women's Leadership Masterclass,Finance & Accounting,1280.0,4.41,503,1699
Be the Boss in One Note from Scratch,Business,2560.0,3.47,7,603
Basic Programming With Java and Build Your First Android APP,Development,1280.0,4.35,42,5726
Fight Right: Conflict Management for Any Relationship,Lifestyle,1600.0,4.19,6,129
Borsa Yatırımı için strateji ve Teknik Analiz Eğitimi,IT & Software,6400.0,4.51,80,368
Organizational Behaviour,Finance & Accounting,1280.0,4.28,108,812
Principal Component Analysis (PCA) and Factor Analysis,Business,1280.0,3.99,164,635
Advanced C++  GUIDE,Development,8640.0,2.66,185,15378
Google Ads do Básico ao Avançado + Livro EXCLUSIVO!,Lifestyle,1280.0,4.26,2,26
AI-100 Designing and Implementing an Azure AI Solution Exam!,IT & Software,1920.0,3.8,9,56
Scrum Developer,Finance & Accounting,8640.0,3.7,13,65
Project Management made Simple - BASIC - Based on PMBOK 5,Business,1280.0,4.14,17,273
Start Your Freelance Career on PeopleperHour,Development,1920.0,2.48,8,103
How To Create Profitable Sales Funnels.,Lifestyle,0.0,3.82,21,4044
Find the Job you want through the Hidden Job Market,IT & Software,1280.0,4.26,6,711
Aplos Not for Profit Accounting Software,Finance & Accounting,6400.0,1.5,1,4809
Get Big Things Done: Become a Standout Collaborator,Business,8640.0,3.96,106,623
"Build Portfolio Website Using HTML5,CSS3,jQuery & Bootstrap",Development,1280.0,3.45,233,21630
Learn How to Ace an Impressive Job Interview,Lifestyle,1280.0,0.0,0,6
Financial Mathematics - Theory of Interest & Cashflow Models,IT & Software,2560.0,4.19,20,337
Lean Six Sigma White Belt,Finance & Accounting,1600.0,4.36,716,3635
Fiction Writers: Learn How To Create A Perfect Kindle Ebook,Business,2560.0,4.67,14,892
A Gentle Introduction to Python Programming - Lite,Development,1280.0,4.03,49,2069
Personal Branding: Get It Right With Powerful Brand Design,Lifestyle,7360.0,4.78,99,2582
PCCSA - Palo Alto Certified Cyber Security Associate - Tests,IT & Software,1280.0,2.28,3,10
SAP - Gestão de Custos (Material Ledger).,Finance & Accounting,1280.0,4.57,14,35
Networking for Real Estate Investors For Profits & Funds,Business,8640.0,3.83,27,7265
Advance C Programming : Pointers (In Depth Hands On),Development,3200.0,4.01,10,54
Learn how to design papermodel from 3D model (basic),Lifestyle,1280.0,0.0,0,2
ACCA: MA (F2) - Management Accounting,IT & Software,6400.0,3.1,22,194
AI for CEOs,Finance & Accounting,1280.0,4.55,46,15537
Pass the Real Estate Salesperson Exam,Business,1280.0,3.71,11,89
Learn by Example : ReactJS,Development,6400.0,4.09,139,2970
Video Oasis: The Ultimate Live-Streaming Course,Lifestyle,1280.0,3.39,13,7252
CompTIA Cloud+ CV0-002 Bootcamp Get Certified!,IT & Software,1280.0,4.1,185,1598
How to PROFIT from the stock market SAFELY with ETF-Complete,Finance & Accounting,0.0,4.19,237,10920
Validate your business idea with MVP-Minimum Viable Product,Business,6400.0,4.44,46,1282
Learning Bootstrap - From HTML to Wordpress Theme,Development,5120.0,4.57,59,667
Mini Mandala Kurs- Mandala Zeichnen für Anfänger,Lifestyle,0.0,4.49,23,732
Linux Administration and Supercharge Your Career,IT & Software,7360.0,3.76,58,201
"Investing In Stocks For Retail Investors, Fast Profit Method",Finance & Accounting,8640.0,4.67,14,74
Earn More Sales By Increasing Local Traffic To Your Website,Business,4800.0,4.74,3,372
Design Patterns in JavaScript,Development,6400.0,4.34,357,3544
adtech kyushu 2013 trackB8,Lifestyle,0.0,0.0,0,215
Todd Lammle's ICND2 200-105 Certification Practice Tests,IT & Software,1280.0,4.23,27,124
PPL2020-06-Penerapan Audit Berbasis Risiko,Finance & Accounting,4480.0,4.67,23,31
Your First Impressions Count the Most - Master Yours Today,Business,7040.0,3.6,8,2463
Python for Beginners - Basics to Advanced,Development,1280.0,4.22,1554,96076
How to take Risks (For The Biscuit),Lifestyle,1280.0,4.11,19,1509
Formation Quickbooks en ligne,IT & Software,1280.0,4.82,6,44
MINIMALISMO PARA LAS FINANZAS ?,Finance & Accounting,1280.0,3.47,17,406
Apartment Locating Mini-Course (Real Estate Agents),Business,8640.0,4.52,10,37
Web & API Automation using KATALON STUDIO (Best for Newbies),Development,3840.0,4.26,253,3155
Occultism Level 1: Explore Hidden Knowledge,Lifestyle,0.0,4.18,257,4754
Build employee retention and reduce annual employee turnover,IT & Software,5440.0,3.95,16,1282
Punctuation ~ American English: punctuate with confidence!,Finance & Accounting,1280.0,4.45,82,1748
7) CSMF: Certified Strategic Modeling Facilitator,Business,7040.0,4.77,3,9
Redis Tutorial for Beginners,Development,3200.0,3.27,21,1515
Add a User-Friendly Excel Interface for Data Input & Output,Lifestyle,2560.0,4.0,1,411
Fedora Linux from Scratch,IT & Software,6400.0,3.91,114,16482
Certificate in Qlik Sense Analytics Development,Finance & Accounting,8640.0,4.45,3058,13004
Sell More Websites & Get Clients With #1 Sales Secret,Business,8640.0,4.67,155,7146
Forecasting Models with Python,Development,1600.0,3.03,102,679
MySQL Database Administrator & developer certification Exam,Lifestyle,7040.0,5.0,2,2384
Bank Reconciliation Statement,IT & Software,1600.0,0.0,0,0
How to build an ecommerce store with wordpress & woocommerce,Finance & Accounting,8640.0,4.43,1309,15887
Asking for Referrals,Business,3200.0,4.91,4,9
Autonomous Cars: Deep Learning and Computer Vision in Python,Development,5760.0,4.45,659,6237
Leadership Skills Training: Become an Inspiring Leader!,Lifestyle,1280.0,4.54,797,1970
E-Commerce Masters Course - Setup your own Online Business,IT & Software,3840.0,4.56,30,14418
Exploring The Annual Accounting Close Process,Finance & Accounting,3200.0,4.64,5,30
Calculate Productivity Rate: Steel Reinforcement,Business,1280.0,4.22,4,886
Hybrid Mobile App Development with Ionic,Development,3200.0,3.71,60,320
PowerPoint 超入門 作ればわかる！〜2時間でプレゼン資料を作ってパワポ速習！企業研修で教える講師のカリキュラム,Lifestyle,1920.0,4.23,763,3455
System Hacking Course For Ethical Hackers,IT & Software,8640.0,3.08,118,15776
Learn About Bitcoin and Bitcoin Mining,Finance & Accounting,1280.0,2.94,31,613
Mastering Tableau 2018.1 - Second Edition,Business,8000.0,4.25,4,25
Create Executive Dashboards with SQL Server Report Builder,Development,6080.0,4.54,21,480
Vectorising your art and designs using a ProtoSketch on iPad,Lifestyle,6400.0,3.88,5,22
How To Invest in Bitcoin & Crypto in 2020 - Fundamentals,IT & Software,8640.0,5.0,1,6
Matemática Financeira - Passo a Passo (HP12C e Excel),Finance & Accounting,1280.0,5.0,2,6
"Business Analysis: BPMN, Data Analytics For Business Analyst",Business,8640.0,2.95,177,4985
Cyber Security: Mastering Linux Security,Development,8640.0,4.04,22,309
Proceso general de toma de decisiones,Lifestyle,1280.0,4.18,35,48
Oracle Data Integrator 12c Essentials | 1Z0-448,IT & Software,1600.0,3.5,4,14
Forex Trading - Advanced Fundamental Analysis,Finance & Accounting,8640.0,3.96,285,2703
Trading Psychology Made Easy: Patience,Business,1280.0,4.34,22,122
What is new in C# 6,Development,1280.0,3.96,312,9741
Playwriting 101,Lifestyle,1920.0,0.0,0,0
Business Analysis and Process Modeling,IT & Software,8640.0,3.58,19,1130
Educação Financeira,Finance & Accounting,1280.0,0.0,0,0
SigmaWay's RapidMiner and Data Analytics Course,Business,1280.0,4.79,4,15
UNITY 5: quick start for beginners (mini course),Development,1280.0,3.68,21,893
Facebook Ads - Ciblage Laser,Lifestyle,1920.0,4.73,399,1616
Build A One Page Business Or Portfolio Website,IT & Software,1600.0,4.13,10,1395
SOX 302: Internal Controls over Financial Reporting,Finance & Accounting,4800.0,4.47,28,143
Analyzing Self Storage Businesses for Maximum Profit,Business,8640.0,4.12,5,4735
Powering you with PowerShell,Development,1280.0,4.56,58,3358
"Seascape Oil Painting course, Real-time demonstration",Lifestyle,3200.0,1.0,1,35
Mobile App Localization for Translators,IT & Software,11200.0,4.31,42,177
New Real Estate Agent Business Plan,Finance & Accounting,8640.0,3.72,23,88
Property Flip or Hold - Real Estate Investing Calc Analysis,Business,8000.0,4.45,30,288
Master CI/CD for Xamarin,Development,6400.0,4.5,25,280
After Effects Básico: Trucos y efectos básicos en AE,Lifestyle,6400.0,3.3,12,1612
Introduction to Book Keeping and Basic Accounting,IT & Software,1280.0,3.66,43,890
Public Speaking for Engineers: Never Get Lost in Tech Detail,Finance & Accounting,8640.0,3.88,132,8232
How to Find Your Startup Investors,Business,1280.0,3.7,5,45
Database Engines Crash Course,Development,6400.0,4.16,43,8052
Adobe Illustrator Dersleri (Ayrıntılı ve Uygulamalı),Lifestyle,1280.0,4.81,5,21
Cypress by Examples,IT & Software,1280.0,4.85,4,31
Candlestick Patterns to Master Forex Trading Price Action,Finance & Accounting,8640.0,4.61,2030,8060
CBPM Course 2: Improving Project Performance - FAST,Business,1920.0,4.12,51,2229
Python 3 Workout - Solve 250 Multiple-Choice Quizzes!,Development,4480.0,4.05,52,850
地方都市からのイノベーション：IT業界が地方企業を活性化させる - (AdTech Tokyo 2014 D-5),Lifestyle,0.0,2.89,6,284
How To Save Big Money!,IT & Software,1280.0,3.38,33,2522
Working Capital Management for Entrepreneurs,Finance & Accounting,1280.0,3.4,13,543
Start-up Business Financials: Forecasting Made Easy!,Business,3200.0,3.74,79,3488
Apache Kafka - Real-time Stream Processing (Master Class),Development,1280.0,4.65,598,3691
The Building Habits Blueprint,Lifestyle,6080.0,0.0,0,1
Appium Android: Easy Guide to Mobile Automation Testing Dev,IT & Software,8640.0,4.13,42,763
The Complete Belive TV  Facebook Live Course 2019,Finance & Accounting,4800.0,4.3,46,713
How to Build a Supply Chain Model in Microsoft Excel,Business,1280.0,3.03,114,871
Build Terrain for Games using World Machine,Development,1280.0,3.18,14,252
"MLM, Direct Sales and Network Marketing Global Success",Lifestyle,9600.0,4.27,83,20223
3 Combo Strategy - Forex Price Action MASTERCLASS,IT & Software,8640.0,4.45,24,88
"Personal Finance for the Employed: Budget, Save and Spend",Finance & Accounting,0.0,4.28,112,4859
U.S. Residential Mortgage Business,Business,1600.0,4.44,1284,4088
Complete java Course: Go from beginner to advanced,Development,8640.0,2.93,89,9381
Balloon Art For Beginners!,Lifestyle,3520.0,4.75,5,29
The Agile Inception Deck,IT & Software,6400.0,4.55,10,26
"Chinese culture, customs, and business etiquette",Finance & Accounting,1280.0,4.59,16,51
Writing for Publication - Bust Writer's Block,Business,8000.0,3.8,4,272
Spring Security Core: Beginner to Guru,Development,8640.0,4.65,126,1961
AutoCAD for Lighting Designers (Pre Design),Lifestyle,3200.0,0.0,0,1
Mastering Taxes: Slash Your Taxes and Have Fun Doing It!,IT & Software,1600.0,4.33,87,362
Blockchain Ninja : Develop  Ethereum dapp with Angular,Finance & Accounting,1280.0,3.03,52,2089
Business Model Canvas: Turn Ideas into Successful Startups,Business,1920.0,3.44,7,1021
Android Jetpack masterclass in Java,Development,8640.0,4.57,184,784
Hypnosis: Stop Smoking Hypnosis Practitioner Certification,Lifestyle,6400.0,4.36,188,1269
Technical Analysis Masterclass For Traders & Investors 2020,IT & Software,8640.0,4.32,168,1747
A beginners guide to Crypto Wallets,Finance & Accounting,1280.0,4.3,2,17
Selling On Amazon with FBA|90% Automated eCommerce Business!,Business,3200.0,4.22,41,679
iOS 12 & Swift 5: Build a To-Do List App,Development,6400.0,4.57,277,10933
Powerpoint 3d,Lifestyle,8640.0,4.55,16,1667
Get Big Things Done: Become a Standout Collaborator,IT & Software,8640.0,3.96,106,623
ASISTENTE CONTABLE,Finance & Accounting,3200.0,4.15,32,113
Media Training: You Can Be a Media Trainer,Business,8640.0,3.98,66,1603
The complete guide for blueprint development in Unreal 4,Development,8640.0,3.01,93,847
Sculpt a Complex Catacomb Environment Scene with ZBrush,Lifestyle,1280.0,5.0,1,22
The economic model of emerging countries - Michael Spence,IT & Software,1600.0,4.53,340,1892
Start Making Passive Income Online: The Complete Bundle,Finance & Accounting,8640.0,4.2,203,46584
Secrets of Buying Auction Properties,Business,6080.0,4.06,59,692
The Modern Python 3 Bootcamp,Development,8640.0,4.66,19890,74257
Keynote Presentation Unleashed,Lifestyle,1280.0,4.2,10,84
Introduction to Human Resource Management,IT & Software,1280.0,4.15,2171,15966
Bitcoin and Cryptocurrency: Don't Believe the Bitcoin Hype,Finance & Accounting,8640.0,4.27,14,1038
Build your Personal Brand: LinkedIn for Beginners!,Business,4800.0,4.0,16,1617
C Language + Algorithms + Data Structures = Power,Development,8640.0,3.72,300,1573
"Excel for Business Life, From Beginning to Advanced",Lifestyle,1280.0,4.4,22,206
Day Trade - Guia Oficial Mercado de Ações para Iniciantes,IT & Software,5760.0,3.98,993,4744
Three Emerging Careers in Digital Business Analysis,Finance & Accounting,2560.0,4.17,386,6885
Gain a working knowledge of Project Scope Management,Business,8640.0,4.37,20,108
APIs in Action: Build API-Based Applications,Development,5760.0,4.28,12,128
Planeación y producción de videojuegos,Lifestyle,3200.0,4.28,202,529
Apache NiFi (Cloudera DataFlow) - Be an expert in 8 Hours,IT & Software,8640.0,3.96,49,3501
Construction: Pricing Extension of Time Claims: Vol 1 of 2,Finance & Accounting,8640.0,4.39,215,867
Become an eBay Entrepreneur- Selling Clothes Online,Business,1280.0,4.11,3,8
Swift 3 and iOS 10 The Final course learn to code like a pro,Development,8640.0,4.02,77,585
Shading Masters: The 4 Steps to Shading Drawing Course,Lifestyle,1280.0,3.73,47,717
The Art of Reconnaissance : Information Gathering Techniques,IT & Software,1920.0,3.36,5,500
Guide to Diploma of Project Management,Finance & Accounting,12800.0,3.76,7,366
Managing Stakeholder Engagement (PMI - PMP),Business,1600.0,4.47,5,3911
Swift 5 Programming For Beginners,Development,8640.0,4.35,414,2655
How to Podcast When You Aren't Tech Savvy,Lifestyle,1280.0,0.0,0,2
Automate Anything: Using Sikuli and Python + Real Examples!,IT & Software,8640.0,4.57,16,117
Technology Trends,Finance & Accounting,1920.0,4.17,87,748
PMP Exam Situational Question Practice Test (200-Q) - PMBOK6,Business,1600.0,4.13,15,96
Mastering Drupal 8 Development,Development,8000.0,3.5,142,864
Ultimate Australia Working Holiday Guide,Lifestyle,1920.0,4.0,1,9
Advanced Product Management: Leadership & Communication,IT & Software,8640.0,4.56,624,6140
Apprendre à trader sur le marché du Forex - guide complet,Finance & Accounting,8640.0,4.59,1340,4855
Fundamentals of Electrical Controls,Business,1280.0,4.54,850,3003
Introduction to Unity 3D Scripting,Development,3200.0,3.48,103,5439
Basics of Facebook marketing -How to make good content Ads,Lifestyle,1280.0,2.5,1,341
How To Get Substantial Seed Funding For Your Startup,IT & Software,1920.0,4.81,8,1135
Professional Scrum Product Owner Training Course,Finance & Accounting,8640.0,3.65,22,89
You Can Deliver a TED-Style Talk  Presentation (Unofficial),Business,9600.0,4.71,94,21390
Mastering ARKit for iOS,Development,1280.0,3.93,736,4998
Cocina Creativa,Lifestyle,0.0,4.19,1053,13368
Merch by Amazon Masterclass: The Complete Beginner's Guide,IT & Software,8640.0,4.19,240,1737
How to Retire on 3k with Day Trading and Option Selling,Finance & Accounting,1920.0,4.23,33,230
Effective Human Resource Administration,Business,8640.0,4.48,389,1407
MySQL Database Bootcamp: Go from SQL Beginner to Expert,Development,1280.0,3.7,27,72
Women in Leadership: Inspiring Positive Change,Lifestyle,1280.0,0.0,0,2
"Check your C, C++, C# and Java Knowledge",IT & Software,1280.0,4.65,16,3304
8 Major Forms of Waste in Organizations,Finance & Accounting,1280.0,4.23,46,2791
Essential Sales Skills for Beginners - or Refreshers,Business,1280.0,3.39,39,2901
Phonegap Application Development Complete Training,Development,1280.0,3.23,28,444
Stories e Vídeos Animados com PowerPoint,Lifestyle,1280.0,3.61,57,189
Stock Market Beginners Analysis Secret,IT & Software,0.0,4.24,197,5415
Krypto Academy - Beginner zum Tradingprofi (Kryptowährungen),Finance & Accounting,3520.0,4.77,47,127
The Complete Google Sheets Course: Beginner to Advanced!,Business,8640.0,4.51,2458,10481
A Beginners Guide To SQL. Master SQL Quickly,Development,3200.0,4.24,314,1412
"Cómo crear ebooks, cursos y blogs en 2020. GANA DINERO ya!",Lifestyle,2560.0,3.91,91,509
Hands-On HR Analytics Online Course for Human Resources,IT & Software,8640.0,4.2,170,629
Options Trading Academy: Covered Call Options Writing,Finance & Accounting,6720.0,3.23,6,818
Business - How To Start An LLC In Texas,Business,6080.0,4.64,69,851
Learning Path: Learning Infusionsoft,Development,8640.0,4.39,37,242
Facebook Anuncios 2019: Marketing para Emprendedores,Lifestyle,1280.0,0.0,0,10
SDLC Overview (1 Hour) - Software Development Life Cycle,IT & Software,1280.0,4.22,1120,5715
Learn to Trade The News,Finance & Accounting,12800.0,4.52,935,5080
Integrated Management System (IMS) - Practice Exam,Business,2560.0,4.26,9,24
OOP Object Oriented Programming In PHP 7,Development,6400.0,4.71,526,5286
Google Docs Part Of G Suite - Learn Google Docs In 1 Day,Lifestyle,0.0,4.5,1,575
Business Analysis Modeling Skills & Techniques,IT & Software,8640.0,4.49,4240,26338
Best Forex Trading For All Levels!,Finance & Accounting,8640.0,0.0,0,3
The ultimate guide to remote work and landing your dream job,Business,2880.0,5.0,3,7
Composer - The Ultimate Guide for PHP Dependency Management,Development,3840.0,4.28,138,5888
Coding for Kids : Start from Scratch,Lifestyle,1280.0,4.67,26,1575
FPGA Design and VHDL,IT & Software,6400.0,4.46,202,1547
How to Run Successful Events: Management Planning Marketing,Finance & Accounting,8640.0,4.48,6,18
Business Negotiations - Techniques from the battlefield!,Business,3200.0,3.84,49,681
API for beginners JavaScript Getting Started with APIs AJAX,Development,8640.0,3.97,45,3514
Curso completo “Posiciona tu Sitio Web”,Lifestyle,8640.0,3.72,9,67
Manage and run projects in Indonesia,IT & Software,1920.0,3.51,7,3706
Fiverr Masterclass: Earn Money Freelancing on Fiverr,Finance & Accounting,8640.0,4.32,157,16628
A Beginner's Guide to Replacing Your Job with Forex,Business,1280.0,3.95,470,8380
Set up a First Person Game in Unity in under Two Hours!,Development,8640.0,4.01,17,5063
Beginner's Guide to Gardening: Building Raised Beds,Lifestyle,1280.0,3.77,83,252
Introduction to Cloud Computing with Amazon Web Services,IT & Software,3200.0,4.34,736,3363
Next Level Emotional Intelligence: Developing for the Future,Finance & Accounting,8640.0,4.55,6,40
Affiliate Marketing for Beginners: Make Money Online,Business,8640.0,4.27,97,431
Advanced Machine Learning with R,Development,8000.0,3.12,8,40
"The Ultimate Guide to Stencil for Merch By Amazon, KDP & POD",Lifestyle,3200.0,4.59,33,6483
JNCIA-Junos JN0-103 Practice Exams,IT & Software,1600.0,4.51,222,1290
Receivables & The Allowance vs The Direct Write Off Methods,Finance & Accounting,8640.0,4.64,25,13181
Accounting 101: Using Microsoft Excel For Accounting in 2020,Business,3200.0,3.67,31,150
The Complete Web Developer in 2020: Zero to Mastery,Development,8640.0,4.71,40396,137215
Facebook Live - Szybki START!,Lifestyle,3200.0,4.72,3,5
Practical Guide: Whiteboard Animation with Videoscribe,IT & Software,8640.0,4.38,143,8456
Project Management Professional (PMP),Finance & Accounting,8640.0,4.45,45,222
Essential On-Premise Microsoft Power BI Report Server,Business,1600.0,3.88,5,16
AWS AppSync & Amplify with React & GraphQL - Complete Guide,Development,8320.0,4.54,394,3121
TAROT | TAROCCHI | ТАРО,Lifestyle,12800.0,4.27,25,121
Forex Trading Mastery: Take The Stress Away From Forex Vol.2,IT & Software,8640.0,4.18,41,1162
Business strategies : Business analysis and execution,Finance & Accounting,1280.0,4.77,9,277
How to Begin and Sustain a Career as a Freelance Writer,Business,8640.0,3.67,37,7211
Tidy Data: Updated Data Processing With tidyr and dplyr in R,Development,8640.0,4.42,103,673
Análise de Séries Temporais com Power BI,Lifestyle,0.0,4.22,22,483
CCIE Routing & Switching Version 5.0 -IP Services - QoS,IT & Software,1280.0,4.75,320,2059
About bitcoins,Finance & Accounting,4160.0,5.0,2,5
PMP Certification Math and Formulas,Business,6400.0,4.48,13,135
Specialize in Software Testing with Real Examples+AGILE+JIRA,Development,4160.0,4.42,121,10274
The Complete Maya Course: How to Create The 3D Gun Model,Lifestyle,8640.0,2.89,139,1388
Finansal Muhasebe,IT & Software,1280.0,2.99,14,84
Strategia Aziendale e di Business Insegnata nei Migliori MBA,Finance & Accounting,1280.0,4.57,15,116
Online Sourcing Made Easy,Business,1600.0,4.61,341,3465
Python For Those Absolute Beginners Who Never Programmed,Development,8640.0,4.22,233,17630
Master QuickBooks Pro 2016 & 2017 the Easy Way,Lifestyle,8640.0,4.45,22,846
The Complete Podcasting Course with Brendan Davis,IT & Software,8640.0,4.18,18,79
Revealed: Data Consolidations with Microsoft Power BI Tools,Finance & Accounting,4480.0,4.44,10,79
International Business Law,Business,8640.0,4.08,5,28
Angular 8 + Spring Boot Microservices and Spring Cloud,Development,1280.0,3.68,57,313
What Should I Post on Facebook Today?,Lifestyle,0.0,4.4,121,6487
Grant Writing for Nonprofits and Freelance Writers,IT & Software,1600.0,4.46,883,5785
Management 101: Essential Management Skills in 2020,Finance & Accounting,5120.0,4.77,35,2566
Investor Pitching: Presentations for Startup Capital,Business,8640.0,3.74,27,1075
The complete Vue JS course,Development,1280.0,4.52,293,3893
Learn the 3 Card Monte Magic Trick (Tips From the Street),Lifestyle,1280.0,0.0,0,8
Newsstand: Publish your magazine today,IT & Software,2560.0,1.81,3,103
Support and Resistance: Theory and Application,Finance & Accounting,1280.0,4.1,216,3058
Ethereum Projects,Business,8000.0,4.75,6,45
Step by Step Rest API Testing using Python + Pytest + Allure,Development,6400.0,4.16,432,2227
NEUROCOPY|  Aprenda Comunicação Persuasiva para Vender Mais,Lifestyle,8640.0,3.72,6,27
Aprenda a investir em IMÓVEIS e no MERCADO IMOBILIÁRIO,IT & Software,6080.0,4.6,22,88
Trading Harmonic Elliott Waves like a PRO,Finance & Accounting,9600.0,4.57,34,128
Preparation for CDCS exam,Business,7680.0,3.11,47,299
Wagtail CMS Course | A CMS Framework for Django,Development,1280.0,4.27,27,132
Google meu Negócio e os Segredos do Posicionamento Local,Lifestyle,4800.0,4.7,186,481
Scratch coding for kids - Advanced Scratch,IT & Software,1600.0,4.74,5,20
BINARY OPTION TRADING: ADVANCE TACTICS.,Finance & Accounting,8640.0,4.48,24,108
Revenue Recognition - IFRS 15 & ASC 606,Business,1600.0,4.28,579,1540
How to Make Mobile Games Without A Single Line Of Code,Development,1600.0,3.69,32,1737
INTRODUÇÃO AO UNIVERSO DO VINHO. Aprenda a aprecia-lo,Lifestyle,4480.0,4.57,24,63
Build your own powerful super computer on cloud in 2020,IT & Software,1280.0,2.46,96,14900
A Guide to AACE Certified Cost Professional Certification,Finance & Accounting,8640.0,3.76,9,64
Double Your Virtual Assistant Income with a Niche Skill,Business,2240.0,4.6,30,190
Sara Learns to Code.  Making an App from Scratch,Development,3840.0,4.0,22,431
Mastering Curves in Photoshop CC,Lifestyle,6400.0,4.38,292,21675
The Ultimate Azure BootCamp,IT & Software,3200.0,4.09,45,6482
The Complete Audiobook Production and Narration Course,Finance & Accounting,8640.0,4.46,496,3561
Leading Virtual Teams - A Quick Course,Business,2560.0,4.41,1641,4312
Unity Multiplayer 2017 -Build Online Shooter - code included,Development,8640.0,3.72,269,72955
Child Psychology and Development: From Baby to Teen,Lifestyle,8640.0,4.15,13,60
Microsoft Word (2020) - The complete Word Master Course!,IT & Software,8640.0,3.99,38,3097
பங்குசந்தை தொழில்முறையாளர் - Professional Stock Trader,Finance & Accounting,8640.0,4.75,2,5
Storytelling for Change and Crisis Management,Business,8000.0,4.43,18,771
"Ultimate Coding Boot Camp - Python, Game Dev, Web Dev",Development,8640.0,4.3,30,203
Mastering SAP Financial and Controlling (SAP FICO) - Part-I,Lifestyle,6400.0,3.8,33,95
Connect ESP8266 WiFi Module to Cloud with Arduino End-to-End,IT & Software,6400.0,2.23,75,2384
Publish Your Video Content with Amazon Video Direct,Finance & Accounting,3200.0,4.21,164,15752
Card Payments Industry: The Complete Guide,Business,1920.0,3.77,23,53
Laravel - Create a user registration with email notification,Development,3200.0,4.13,50,1302
Sıfırdan Uzmanlığa Profesyonel Satranç Eğitimi! | Satranç,Lifestyle,1280.0,4.03,134,3596
How To Start Vlogging on YouTube - Vlogging Best Practices,IT & Software,6400.0,3.97,6,303
Corso evoluto di Trading sulla piattaforma eToro.,Finance & Accounting,1920.0,3.79,7,24
2020 Manager Guide to Performance Management,Business,8640.0,4.8,5,20
"Scalable Web Applications with Python, Flask, and SQLAlchemy",Development,6400.0,4.24,412,2887
How To Create Your First Affiliate Marketing Info Product,Lifestyle,8640.0,4.08,43,10041
Logistics of crude oil and petroleum products - Oil and gas,IT & Software,6400.0,4.11,138,472
How To Become A Successful Social Media Influencer,Finance & Accounting,6400.0,4.4,34,5961
Network Marketing 101,Business,1280.0,4.4,31,2292
The Complete Data Visualization Course 2020,Development,8640.0,4.53,207,2445
Ministry to the Sexually Exploited,Lifestyle,1920.0,4.46,26,86
Niche Website - How to Build a Viral WordPress Site,IT & Software,8640.0,4.57,34,3546
The Ultimate Guide to Dropshipping and Shopify,Finance & Accounting,8640.0,4.58,28,723
Crushing the Market on ThinkorSwim with Fibonacci,Business,1600.0,3.84,27,176
Linux Kernel System Programming,Development,1280.0,3.12,24,226
Space & Space Planning in Interior Design,Lifestyle,1280.0,2.82,3,21
7 Linux basics: finding files,IT & Software,1280.0,4.84,7,82
Analytics for Business Strategy: Core Executive Skills,Finance & Accounting,2880.0,4.34,32,1137
FOREX TRADING for Beginners - Level 1 Forex Trading Course,Business,1280.0,3.79,181,5618
Create a web application with python + Django + PostgreSQL,Development,4160.0,4.36,171,3044
初心者クリエイター向けオーディオ【うたた寝ラディオ】 - Audio Books in Japanese,Lifestyle,0.0,4.37,19,1399
Quant Expert - Estratégias Quantitativas,IT & Software,8640.0,4.49,49,414
A New Method For Product Development & Design: SIMPSIS-Model,Finance & Accounting,8640.0,4.34,95,4069
FIVERR Crusher - Succeed on Fiverr from Scratch!,Business,8000.0,3.94,38,2368
Django 2 & React: Build a Realtime web app,Development,1280.0,4.1,102,1693
Digitally Painting Light and Color: Amateur to Master,Lifestyle,8640.0,4.57,1391,23749
eBay Dropshipping: Create Drop Shipping Business Fast Course,IT & Software,3840.0,3.96,86,2819
Start a branded blog for free and monetize,Finance & Accounting,1280.0,4.35,14,48
The Public Speaking Formula: Write Your Speech in 30 Minutes,Business,6720.0,4.7,7,240
Programming for Kids and Beginners,Development,8640.0,3.88,39,170
Mobile App Design in Photoshop From Scratch: Design Uber App,Lifestyle,1600.0,4.12,1209,30937
How to write a Strategic Plan that doesn't suck!,IT & Software,3200.0,4.59,14,64
SAP CO (Controlling) Training,Finance & Accounting,1280.0,3.09,56,1696
Financial Trading: How I Doubled My Money in Three Months,Business,8640.0,4.0,36,243
OpenID Connect & JWT: Identity as a Service for your Apps,Development,8640.0,4.4,125,842
Advanced 3D Typography Techniques in Photoshop,Lifestyle,6400.0,4.28,18,2119
CIW Site Development Associate | 1D0-61B,IT & Software,1280.0,3.94,5,11
The Complete Enterprise Risk Management (ERM) Course.,Finance & Accounting,6400.0,4.35,10,42
Oil & Gas : Markets Trading Pricing & Economic Framework,Business,6400.0,4.01,97,345
Demystifying Parallax: Learn to Create Interactive Web Pages,Development,3200.0,4.64,43,273
"Google Ads Display, Search, Video, Shopping, Exam Test 2020",Lifestyle,1600.0,1.0,1,10
The Complete Salesforce Lightning Process Builder Course,IT & Software,5760.0,4.68,9,356
"Fearless Business - Grow Your Business, Make More Money",Finance & Accounting,1280.0,4.34,24,149
Business Mathematics #1,Business,3200.0,4.53,6,31
Make An AR App with Unity and Playmaker Without Coding!,Development,1600.0,3.79,21,214
Marketing Strategy: Best Digital Marketing & SEO Techniques,Lifestyle,8640.0,3.37,69,6021
Basics of GST in India A Comprehensive Study,IT & Software,8960.0,4.17,271,1132
OKR Goal Setting Master Class,Finance & Accounting,6080.0,4.58,27,138
How To Run A Retail Business,Business,8640.0,3.68,6,18
Data Science: Beginners Guide to the Command Line,Development,2240.0,4.05,145,8036
KRECK Digital Content Creation Masterclass,Lifestyle,4800.0,0.0,0,4
Double Your Growth WIth Trigger Event Selling,IT & Software,1600.0,4.36,5,1768
Hands-On Transcription Practice Series - Course A,Finance & Accounting,3840.0,4.49,15,97
Freelance Blueprint: Start Freelancing Today & Get Clients!,Business,8640.0,4.43,32,4039
Machine Learning with Jupyter Notebooks in Amazon AWS,Development,8320.0,3.79,65,12970
Bird Watching in Florida,Lifestyle,1280.0,5.0,1,3
Dinheiro: modo de usar,IT & Software,1920.0,4.79,21,83
Venture Capital Financial Modeling,Finance & Accounting,6400.0,4.51,115,4081
How to Craft a Customer Centric Value Proposition Design,Business,1920.0,4.22,92,4808
Learn C# programming with the Unity Game Engine 2019,Development,6080.0,3.97,17,90
Certificate Program on Sports Marketing,Lifestyle,8640.0,3.93,8,42
Finanças Pessoais na Prática,IT & Software,0.0,3.78,16,1277
CIPS Level 4 Diploma  - Supplier Relationships (L4M6),Finance & Accounting,1600.0,4.28,19,66
Persuasive body language for business,Business,5760.0,4.96,9,65
Learn Practical Python 3 for Beginners (2018),Development,8640.0,4.88,52,2266
Managing Change and Rebuilding Your Career After A Setback,Lifestyle,1600.0,0.0,0,0
Ultimate Options For Beginners,IT & Software,1920.0,3.06,2,269
"Mujer,Regálate orden en tus finanzas",Finance & Accounting,1600.0,3.5,1,3
Home Business Goldmine,Business,3200.0,4.4,13,72
The Complete Java Certification Course,Development,8640.0,4.48,8780,33251
Watercolor paint a MODERN style picture with limited palette,Lifestyle,3200.0,5.0,1,32
Designing Business Models,IT & Software,1920.0,4.07,12,102
Work From Home: How to Start a Home Daycare Business,Finance & Accounting,2880.0,4.82,29,118
"Killer Sales Technique, Learn Conversational Selling",Business,8640.0,4.05,135,1430
Learn MariaDB : A Beginner to Advanced Guide,Development,8640.0,3.52,18,162
"PowerPoint Like a Boss - Get Certified, Make Amazing Slides",Lifestyle,8640.0,4.38,24,211
Crowdfund Academy: 101 Kickstarter Successes,IT & Software,6080.0,4.05,32,774
Start a Successful Social Media Marketing Agency from Home,Finance & Accounting,1600.0,4.23,1240,5866
Law of Contracts in 60 Minutes: A Fast Track Course,Business,3200.0,4.19,138,1094
WPF & XAML: Build 10 WPF applications (C#) in 2020,Development,6400.0,4.04,134,4505
How to Turn Instagram into a Business & Monetize a Following,Lifestyle,8640.0,4.19,636,38137
Video Marketing: Learn DSLR Video to Grow Your Business,IT & Software,4160.0,4.46,94,3019
NCH Express Accounts Software,Finance & Accounting,2560.0,3.57,5,16
Financial Advisor Training: Closing Sales Skills Pro(Part 2),Business,8640.0,4.8,13,143
ROS : Simulating Autonomous Drone with Path Planning SLAM,Development,8640.0,3.66,27,155
Instagram Marketing: How To Generate Leads & Grow Your Brand,Lifestyle,1600.0,3.7,20,1023
Spss Eğitimi,IT & Software,5440.0,4.14,5,41
Buchhaltung mit Excel,Finance & Accounting,3840.0,4.35,8,26
Learn How to Get Decision-Makers to Say Yes to Your Proposal,Business,1280.0,4.06,19,140
Learn Adobe Brackets Free open source code editor,Development,8640.0,4.33,150,12951
Tools to overcome fear and take control,Lifestyle,2240.0,4.41,16,77
CompTIA A+ Core 1 (220-1001),IT & Software,1280.0,3.8,4,2465
International Business 101: Learn Global Business Strategy,Finance & Accounting,1920.0,4.01,41,452
Robotic Process Automation - RPA Overview,Business,8640.0,4.4,10059,28937
WebGL internals,Development,8640.0,4.25,9,111
Comprehensive Microsoft PowerPoint,Lifestyle,1280.0,3.9,43,766
Istio Hands-On for Kubernetes,IT & Software,2240.0,4.66,1500,9268
Financial Literacy in Times of Crisis,Finance & Accounting,0.0,4.39,16,767
Outsourcing Mastery: How I Became A Successful Entrepreneur,Business,6400.0,3.8,24,11454
Learn Ruby Programming The Easy Way,Development,2240.0,4.34,29,3491
The Most Effective Way to Sell Coaching/Consulting Services,Lifestyle,8640.0,4.65,521,4080
CAIIB 2020 Retail Banking Mock Tests,IT & Software,1280.0,0.0,0,15
How To Start and Grow A Successful Clothing Brand Business,Finance & Accounting,4480.0,4.43,69,4710
Alibaba The Complete Guide to Import from Alibaba to Amazon,Business,8640.0,4.52,816,5922
Agile Foundations - getting to Done,Development,2240.0,3.9,28,284
Solving 3x3 Rubik's Cube Made Easy,Lifestyle,1280.0,4.76,2,4
The Complete WiFi Ethical Hacking Course for Beginners,IT & Software,1280.0,3.28,38,6055
Как составить личный финансовый план?,Finance & Accounting,1920.0,3.61,7,23
Risk Reversal Options Trading Strategy Certification,Business,1280.0,3.81,9,3374
RPG Inventory Systems: Intermediate C# Game Coding Course,Development,6080.0,4.58,201,4274
NoCode Eğitim Seti,Lifestyle,1280.0,4.0,1,8
Dimensional modeling: Pivot reports with multiple tables,IT & Software,3200.0,3.9,12,736
Launching Your Own Mobile App Business,Finance & Accounting,2880.0,3.91,5,226
Beat the Banks: How to Secure Finance for Your Company,Business,6400.0,4.52,26,6104
Learn Angular 2 from Beginner to Advanced,Development,8640.0,4.39,1588,116700
Visualização De Dados Para Designers,Lifestyle,1600.0,4.42,15,36
"Internet of Things IOT, Robotics and Hacking with NodeMCU",IT & Software,3200.0,4.19,168,20609
Super Sales Star,Finance & Accounting,8640.0,4.26,47,2263
The Complete Financial Analyst Training & Investing Course,Business,8640.0,4.5,21421,182002
Design Patterns in Modern C++,Development,6400.0,4.35,2854,16348
acquerello effetti speciali,Lifestyle,2560.0,4.67,22,111
T-SQL For Beginner Data Analysts,IT & Software,1280.0,4.14,8,51
Writing Effective Business Emails,Finance & Accounting,1280.0,4.11,477,2196
Estimation Fundamentals,Business,6400.0,4.06,6,3453
C# Cross-Platform Tricks: Run ASP.NET Applications On Linux,Development,5760.0,3.77,17,354
Scenting in Soapmaking,Lifestyle,5760.0,3.91,12,72
CCNA WIRELESS WIFUND 200-355 EXAM SIMULATION QUESTIONS  2/2,IT & Software,1280.0,4.14,8,87
Audit - Financial Statement,Finance & Accounting,8640.0,4.28,567,30211
PMP PMBOK 6 Vocabulary Exams - All PMP Terms,Business,6400.0,4.0,173,1466
The Complete C Course,Development,1280.0,4.18,80,3929
Arabic Photoshop cc 2019 From Scratch,Lifestyle,2560.0,4.75,7,13
Project Finance Modeling for Renewable Energy,IT & Software,8640.0,4.48,58,204
Start your own recruitment agency from home,Finance & Accounting,8640.0,4.37,99,419
QuickBooks and Tax Preparation,Business,8640.0,4.21,4,70
Learn jQuery: An In-depth Course For Beginners,Development,3200.0,3.89,157,7226
Realistic Snowy Game Environment Creation,Lifestyle,3840.0,4.88,37,422
Microsoft Dynamics 365 Business Central- Manufacturing,IT & Software,4160.0,4.58,8,33
Master Persuasion and Influence with Jason Teteak,Finance & Accounting,6400.0,4.65,7,142
Basel Norms (Basel 1/ Basel 2/ Basel 3) Simplified,Business,2560.0,4.07,341,1993
Learn Python A-Z ; the Modern Approach,Development,7680.0,4.59,17,534
Practical Personal Brand For Self Employed & Sales People,Lifestyle,3200.0,4.38,10,64
CHFI -312-49- V9 Practice Tests made Easy (500+ questions),IT & Software,8000.0,3.73,17,90
2020 Part1 CIA Exam- Essentials of Internal Auditing,Finance & Accounting,6400.0,4.18,16,151
CompTIA Project+ Exam Prep,Business,8640.0,4.39,720,5045
Learn Web Designing & HTML5/CSS3 Essentials in 4-Hours,Development,4800.0,4.1,1039,46543
Easy ScreenPrinting from Home,Lifestyle,1600.0,4.1,10,25
Preço de Venda Para o Setor do Serviço,IT & Software,1280.0,4.5,1,2
Certified Six Sigma Black Belt Training,Finance & Accounting,8640.0,4.59,1321,7138
Business Strategy Execution: Designing Agile Organizations,Business,8640.0,4.55,1470,11418
Cloud Databases on AWS and AZURE,Development,1600.0,2.8,18,6457
Become Fast Learner: Triple your memory triple your Success,Lifestyle,8640.0,4.5,1,5
Excel VBA Macros: Hyper-disambiguated Excel VBA Programming,IT & Software,3840.0,4.39,880,6305
Executive job search,Finance & Accounting,1280.0,4.27,85,759
ISO 9001:2015  Risk and Process- Step by Step Understanding,Business,1280.0,4.09,18,379
Ethereum Tutorial: Ethereum & Smart Contracts from Scratch,Development,8640.0,4.55,39,422
Parenting: 100+ Ways To Get Your Child A 4.0 GPA,Lifestyle,1920.0,4.24,23,455
Validate your Online Business Idea in 3 Simple Steps,IT & Software,1280.0,4.45,6,1073
"Become a highly paid Consultant, Adviser, Coach or Trainer",Finance & Accounting,5120.0,4.51,65,1667
Mindful Written Communication,Business,1280.0,4.11,68,201
Build a Website using ReactJs and Contentful (Headless CMS),Development,1280.0,4.09,46,249
Purposefully attract your soulmate,Lifestyle,8640.0,5.0,2,10
21 Steps to Successful Project Management,IT & Software,1920.0,4.27,58,8898
Presentation Skills: Give a Great Team Presentation,Finance & Accounting,8640.0,4.41,392,14968
Etsy 101: Creating resume templates to sell on Etsy,Business,8640.0,4.11,28,111
Getting Started with Spring Boot 2,Development,8640.0,4.3,274,1673
Success is just a Perception,Lifestyle,1920.0,0.0,0,1
"Airbnb, Vrbo, HomeAway: How to Manage Your Vacation Rental",IT & Software,2560.0,4.17,55,981
Tableau Masterclass - solving real world business challenges,Finance & Accounting,8640.0,4.15,134,776
Human Resources 101: How to make your employees happy.,Business,3200.0,3.67,12,80
"Coding for Entrepreneurs: Learn Python, Django, and More.",Development,8640.0,4.56,1024,24564
チラシをAfter Effectsで動画に変身させよう！,Lifestyle,8640.0,4.23,20,198
Document Automation using Documate,IT & Software,1280.0,3.93,8,55
9 to 5 Breakout: Escape the Grind in 5 Easy Steps,Finance & Accounting,1280.0,4.2,40,4038
Lean Six Sigma Black Belt for IT Professionals,Business,1280.0,4.01,47,1924
Python from the beginning in Sinhala - Python මුල සිට සරලව,Development,1280.0,4.77,260,2215
Rhino 3D tutorials v5 & v6 Beginner Level to Advanced Level,Lifestyle,8640.0,4.47,3644,13370
ACCA Financial Management (FM),IT & Software,4800.0,4.66,9,78
Ebay From Scratch in 2019 - Hidden Secrets Never Revealed,Finance & Accounting,8640.0,3.08,3,3
Ultimate Writing Editing Masterclass +An eBook with Examples,Business,8640.0,4.52,191,821
Create a Survival Game in Javascript with Phaser 3 in 2020,Development,3520.0,3.89,18,119
Creating A Si-fi Environment - Bio Lab,Lifestyle,8640.0,5.0,3,90
Learn Trading Investing In Financial Markets,IT & Software,7360.0,4.53,28,100
Investment Banking Interview Questions,Finance & Accounting,1280.0,1.5,1,7
Udemy Instructor Guide: Record & Market Courses - Unofficial,Business,1280.0,4.29,10,2433
Intro to Mobile Game and App Development and Corona SDK 2015,Development,1280.0,4.2,33,170
Word 2016. Twórz profesjonalne dokumenty.,Lifestyle,1280.0,4.2,14,79
How To Craft Your Elevator Speech with - NO SWEAT!,IT & Software,1280.0,4.71,38,1806
Managing Volunteers in a Challenging Environment,Finance & Accounting,1600.0,3.78,16,156
Anti Money Laundering & Countering of Terrorist Financing,Business,2880.0,4.15,1065,1957
Make a Multiplayer Shooter in Unity,Development,1600.0,4.71,471,7007
Essential Wilderness Survival Skills,Lifestyle,8640.0,4.24,2,3
Learn JMeter,IT & Software,8640.0,4.25,495,2276
Securing IoT - Build secure IoT solutions: 2-in-1,Finance & Accounting,8640.0,3.61,32,233
Talent Management 2020:How to Develop & Retain Top Employees,Business,5440.0,4.11,66,178
Basic Java Programming with NetBeans,Development,2240.0,4.32,75,1482
Zbrush básico Vol 2: Creación de una mascota cartoon 3D en Z,Lifestyle,1280.0,4.56,59,222
Fundamentals of Computer Network Part 1,IT & Software,1280.0,4.2,3,5
Matemática Financeira com HP12C e MS Excel,Finance & Accounting,1280.0,4.53,781,2918
Options Trading for Small Account - ETF SPY Strategy System,Business,6400.0,4.39,55,2279
React Native Projects,Development,6080.0,3.8,137,884
21 Days Of Modern Meditation,Lifestyle,7680.0,0.0,0,7
AWS VPC and Networking in depth: Learn practically in 8 hrs,IT & Software,6400.0,4.58,1237,7273
How to set up Business in India?,Finance & Accounting,6400.0,3.47,4,11
Hidden Secrets Of Selling - Part 2,Business,8640.0,4.12,26,13084
Google Script How to Update Google Sheet data from a web App,Development,8640.0,4.3,153,3580
Introduction to 3D Modeling in Maya,Lifestyle,1280.0,0.0,0,4
Level 4 Diploma - Defining Business Needs (L4M2),IT & Software,1280.0,4.13,41,230
BI - Structuring Data for Business Analysis,Finance & Accounting,3200.0,3.85,9,46
How Economic Forces Impact Real Estate,Business,3200.0,3.62,28,176
Computer Science 101: Master the Theory Behind Programming,Development,3200.0,4.49,2491,12960
Crashkurs Katzenerziehung,Lifestyle,1280.0,4.08,17,59
Leading Traders Give Their Best Strategies (Corona updated),IT & Software,0.0,3.73,29,3366
The Complete Guide To Making Money With Auto Repair Shops,Finance & Accounting,1920.0,3.83,12,1029
Create Delighted and Devoted Customers,Business,3200.0,4.51,13,109
"Python training, from scratch to penetration tester",Development,8640.0,4.12,271,8202
The Social Media Marketing Mega Bundle - 7 Courses In 1,Lifestyle,8640.0,4.48,651,55390
Bubble Milk Tea Basic Business Training,IT & Software,1920.0,3.29,4,14
Finance 101: Financing Your Startup Small Business In 2020,Finance & Accounting,3200.0,3.13,18,1104
Ideas and Methods of Creating Content Easily,Business,8640.0,2.93,14,3710
Building a Responsive Site with Zurb Foundation,Development,5440.0,3.78,8,105
All in One Digital Marketing Masterclass for Passive Income,Lifestyle,8640.0,3.97,9,45
The Digital Strategist: Timeless Tech Disruption Principles,IT & Software,6400.0,3.76,18,197
Deltek Acumen Risk – Step by Step,Finance & Accounting,8640.0,4.91,7,36
DIY Patent Search - How to Save on Patents,Business,6400.0,2.62,7,89
Cosmos DB,Development,3200.0,3.6,53,277
Salesforce Lightning Reporting: All You Need To Know!,Lifestyle,3200.0,3.9,23,1305
How to Buy Your First Rental House,IT & Software,1920.0,4.36,47,896
Fiction for Young Writers (Writing Mastery),Finance & Accounting,5120.0,4.77,249,1126
How to Give Feedback without Giving Offence,Business,1280.0,4.01,22,119
New to Unix / Linux Command?Learn Step by Step|Adv. Commands,Development,1600.0,4.79,42,691
Complete SEO Course (Rank # 1 on Google) (2020),Lifestyle,1280.0,4.09,5,10
Primavera P6 for Beginners,IT & Software,6400.0,4.29,66,225
How To Get Substantial Seed Funding For Your Startup,Finance & Accounting,1920.0,4.81,8,1135
Local Business Marketing & Website Traffic Growth Strategies,Business,8640.0,3.74,89,34187
Step by Step Guide for Javascript - Basics to Advanced,Development,1280.0,4.24,527,59413
Improve your Anatomy grade today!,Lifestyle,1920.0,4.61,44,162
"SQL Bootcamp for Business, Product, & Data Analysts",IT & Software,1600.0,4.22,14,1338
New Manager Training,Finance & Accounting,4800.0,3.67,27,1183
Microsoft Power BI - Business Intelligence for Beginners,Business,8960.0,4.36,3200,14958
SQL Server Administration On Linux Operating System,Development,1280.0,4.5,25,333
YouTube Advertising : YouTube Video ads hack and secrets,Lifestyle,1280.0,0.0,0,3
शेअर मार्केट ट्रेनिंग - मराठी मध्ये,IT & Software,7040.0,0.0,0,2
Online Business Plan,Finance & Accounting,8000.0,5.0,3,502
All about KPIs,Business,6080.0,4.28,243,1242
Build+Deploy+Test with Jenkins 2.0,Development,1920.0,4.24,4620,67732
Japanese Pastry Course #4 Japanese Roll cake,Lifestyle,1920.0,4.53,85,474
Real Estate Market Research Basics,IT & Software,1600.0,3.99,21,100
Fundamentals of Diamond Trading,Finance & Accounting,12800.0,4.7,4,10
How to Teach English Online and Get Paid,Business,3200.0,4.57,120,5624
PHP with PDO - ULTIMATE Crash Course,Development,3200.0,4.49,381,2152
Création d'une maquette web avec Affinity Designer,Lifestyle,1280.0,4.28,8,36
Generational Communication in the Workplace,IT & Software,1280.0,3.84,13,24
Comprendre la finance,Finance & Accounting,5120.0,4.25,69,296
Hotel Management - Fundamentals in Labour Cost Management,Business,3200.0,4.19,8,1044
Best python course for beginners ( Basic + Advanced ),Development,8640.0,3.7,53,1585
Project Management in Marketing,Lifestyle,1600.0,4.22,78,223
DevOps and traditional ITSM in IT service management,IT & Software,2240.0,3.59,24,112
A Complete Course on Microstrategy 10.1x BI tool,Finance & Accounting,8640.0,2.59,106,474
How to Build a Profitable Ecommerce Drop-Shipping Business,Business,1280.0,4.08,294,3022
VueJS V1 Introduction to VueJS JavaScript Framework,Development,8640.0,3.66,75,22989
Introdução a Pintura Digital,Lifestyle,5440.0,4.87,5609,8241
Learn Hacking and use your Android as a Hacking Machine,IT & Software,1280.0,3.48,505,24562
Fundamentals Of Telemarketing Workshop,Finance & Accounting,3200.0,4.03,25,94
Project Management - Advance Yourself With PMP Certification,Business,6400.0,3.8,17,749
Cassandra Administration,Development,5440.0,4.05,243,1345
The Hodgepodge Formula to Enjoyable Employment!,Lifestyle,8640.0,5.0,3,695
Coaching Course: Practical Guide to Quickbooks Online- Basic,IT & Software,12800.0,0.0,0,1
How to start a Business with Domain Flipping Names,Finance & Accounting,1280.0,3.54,19,1096
Ultimate Builderall Masterclass,Business,3200.0,3.85,37,1359
Building your First VR Experience with Unity,Development,8640.0,4.3,386,2796
Confidence: 21 Days to an Empowered State of Mind,Lifestyle,8640.0,4.15,102,4270
Talent Management; How to Survive the War on Talent,IT & Software,1280.0,2.79,32,649
Employee Performance Management - From Zero to Hero,Finance & Accounting,8000.0,4.42,32,1029
"Creating Team Vision, Mission & Values",Business,9920.0,4.45,147,447
Unity: Building First-Person Shooter(FPS) Games,Development,8640.0,3.6,23,96
Formatos de Salão & Técnicas de Limagem,Lifestyle,1920.0,3.83,47,118
Puppet Techniques for Enterprise Deployments,IT & Software,8000.0,3.57,4,40
How To Become a Full Time Writer From Scratch,Finance & Accounting,8640.0,4.15,76,827
"ISO9001:2015, How to Write a Quality Manual",Business,8640.0,3.3,5,29
Introduction Course to RDM building management,Development,1280.0,4.01,17,59
Trabalhe Vetorizando fotos com CorelDraw,Lifestyle,1280.0,4.77,18,95
Public Speaking for Novices- Exude Confidence & Clear Speech,IT & Software,8640.0,4.73,19,1135
GDPR Office 365 Readiness Course: Compliance & Data Security,Finance & Accounting,3200.0,4.24,19,4181
Time Management - Getting Control Of Your Life,Business,5760.0,4.16,3,15
Cloud Migration on AWS and Microsoft Azure,Development,1600.0,3.53,21,1946
Poetic Visionboarding: How to Use Poetry to Set Goals,Lifestyle,6400.0,3.1,3,5
Trading Psychology Made Easy: Patience,IT & Software,1280.0,4.34,22,122
Understanding Executive Coaching.,Finance & Accounting,3840.0,3.72,14,1307
Design The Ultimate Upwork Profile 4 Successful Freelancers,Business,8640.0,4.15,16,6777
CSS for Beginners,Development,1280.0,4.11,23,2540
Çocuklara Özel Satranç Eğitim Seti (4-14 Yaş),Lifestyle,3200.0,4.51,27,1188
Valuation of Fixed Income Securities and Equity with Excel,IT & Software,1600.0,0.0,0,0
Six Sigma Black Belt Certification - Practice Tests,Finance & Accounting,1280.0,2.04,7,67
Technical Analysis : High-Profit COUNTER TREND Trading,Business,6400.0,4.46,49,253
Master Python Programming: The Complete Python Bootcamp 2020,Development,8640.0,4.53,521,2887
How to Write a Marketing Plan for your Business,Lifestyle,1920.0,3.83,4,15
The Motley Fool's Guide to Investing,IT & Software,8640.0,4.11,167,890
Investing: How I Consistently Beat The Stock Market,Finance & Accounting,8640.0,4.16,42,2125
"Amazon SEO, Reviews & Listing Optimization SECRETS (2020)",Business,8000.0,4.72,148,2931
Clojure Fundamentals For Beginners,Development,2560.0,3.72,172,841
Thriving After Divorce: From Victim to Victor,Lifestyle,1600.0,4.26,48,339
PMP: The Complete PMP Course & Practice Exam PMI PMBOK 6 '20,IT & Software,8640.0,4.37,721,5166
Stochastic Indicator-An Ultimate Powerful Tool In Trading,Finance & Accounting,3200.0,3.83,31,100
DIY Approach for Creating Direct-to-Camera Videos,Business,1920.0,4.08,10,399
Learn to Host Multiple Domains on one Virtual Server,Development,8640.0,4.48,274,49722
SEO ライティング基礎～検索キーワードの本質と検索意図を知る,Lifestyle,8640.0,4.26,9,75
A Practical Guide to TIBCO Spotfire for Business Analytics,IT & Software,6400.0,4.37,66,307
CPA-10 ANBIMA CURRICULUM TREINAMENTOS,Finance & Accounting,5760.0,4.22,34,228
TRADING TACTICS,Business,8640.0,4.05,46,1105
Xamarin Android Memory Puzzle Game with C#,Development,1280.0,4.02,70,4707
Curso Adobe XD DEFINITIVO - UI / UX Design de interação,Lifestyle,1280.0,4.46,202,757
Learn Financial Statement Basics: A beginner's journey,IT & Software,1280.0,0.0,0,2
Big Changes Ahead In The US Tax Law-How It Will Affect You?,Finance & Accounting,3840.0,4.35,6,132
Diversity & Inclusion: Building a Grassroots Foundation,Business,12800.0,4.54,714,2952
Apache HBase : Hadoop Column Oriented NoSQL Database,Development,8640.0,3.71,33,208
Managing Remote Teams,Lifestyle,3200.0,4.0,1,7
Amazon FBA-The Complete Amazon FBA Bootcamp 2020,IT & Software,8640.0,3.77,41,2312
How To Run A Retail Business,Finance & Accounting,8640.0,3.68,6,18
Productivity Hacks for Writers (Writing Mastery),Business,6400.0,4.5,1284,7139
Learning Path: R: Real-World Data Science Solutions with R,Development,8640.0,3.85,10,54
Cartooning and Character Design: The Pirate Edition!,Lifestyle,3200.0,4.66,71,2736
Oracle SQL - Step by Step SQL,IT & Software,8640.0,4.44,2090,14035
How to Get Free Items Online to Resell,Finance & Accounting,8640.0,4.4,36,8686
Presentation Skills: Opening your presentation with impact,Business,6400.0,3.98,45,156
Mastering AngularJS UI Development,Development,6080.0,3.59,35,524
Archicad - preparing for the online test,Lifestyle,1280.0,3.75,2,37
Gunbot - Crypto Trading Bot. All the Settings Guide,IT & Software,1280.0,3.93,5,21
Sales - Close More Sales Faster with these Pro Moves,Finance & Accounting,8640.0,4.19,80,3672
Soft Skills at Workplace and Beyond: How to Influence People,Business,1280.0,3.61,36,2171
PMP Exam Simulator - PMBOK 6TH Edition -,Development,2560.0,3.33,58,1366
Learn Adobe XD From Scratch,Lifestyle,0.0,4.3,228,5793
Blockchain in Human Resources,IT & Software,8320.0,4.08,7,43
"Stock Options Strategy: The CROC trade (low risk, pro level)",Finance & Accounting,1280.0,4.37,149,913
How To  Win Repeat Customers Time And Time Again,Business,2240.0,4.25,11,1424
Unity Game Development Master Class,Development,8640.0,4.38,149,1094
How to Develop Your Killer Instinct,Lifestyle,1280.0,0.0,0,17
Complete Python Scripting for Automation,IT & Software,2240.0,4.37,722,5097
Adopting Agile in Your Organisation,Finance & Accounting,8640.0,4.68,8,20
Reliability and Maintenance Engineering - FMEA,Business,8640.0,4.21,186,503
Master AngularJS : Learn Angular JS From Scratch,Development,6400.0,3.99,26,283
Steps to Voice-Over Success!,Lifestyle,8640.0,4.9,6,24
Exam DA-100 & 70-778 : Power BI Practice Sets Year 2020,IT & Software,1920.0,3.81,39,557
Surviving Customer Service: Skill & Career Enhancement,Finance & Accounting,2560.0,4.27,69,3662
Google Analytics: How To Get Certified (GAIQ test),Business,1280.0,4.45,7,40
Learn Web Development Using VueJS,Development,2560.0,3.85,30,183
Let’s Write a Basic Story,Lifestyle,1280.0,4.83,5,27
Managerial Accounting - The Ultimate Beginner Course!,IT & Software,6400.0,4.42,44,274
Using Massage Upgrades to Generate Sales (2hrs CEU),Finance & Accounting,6080.0,4.83,7,15
Sexual Harassment Law in India,Business,1280.0,4.01,35,793
Python Programming - Complete Beginner Course,Development,6400.0,3.06,22,389
Time Management Mastery Course - Enhanced Productivity,Lifestyle,0.0,4.22,2129,17797
Learn about Indian stock market.,IT & Software,1280.0,0.0,0,0
Money Management Forex in 2020: Top 10 NZDUSD EAs,Finance & Accounting,8640.0,4.81,20,162
Introduction To Quickbooks With Customer And Receivables,Business,1280.0,4.04,24,755
Linked List Data Structure using Python,Development,5440.0,4.58,203,20008
Become a Restaurant Server Sales Pro,Lifestyle,3200.0,0.0,0,0
Soft Skills for Entrepreneurs: Attract More Customers Now!,IT & Software,6400.0,4.29,8,83
Agile Fundamentals: Including Scrum and Kanban - 2020,Finance & Accounting,8640.0,4.4,11977,49877
Online Training : How to become Online Trainer,Business,1280.0,3.26,41,2286
Introduction to Ethereum: Learn How to Build Blockchain Apps,Development,5120.0,3.96,90,10947
Canva for Beginners - Graphic Design Theory Volume 1,Lifestyle,8640.0,4.07,299,18731
Sales Training: Practical Sales Techniques,IT & Software,6720.0,4.58,11529,38698
GDPR: Certification for Non-EU Small Businesses-Windows 7,Finance & Accounting,1280.0,4.05,26,1736
Accounting Skills for Managers,Business,1280.0,4.13,11,108
Introduction to ASP.Net Core MVC Pattern,Development,1920.0,3.73,29,3293
Create full parametric wardrobe in Revit Family from scratch,Lifestyle,1280.0,5.0,4,7
Success! Project Management Professional PMP Exam Questions,IT & Software,8640.0,3.45,16,112
Algorithmic futures trading - Investing with no experience,Finance & Accounting,8640.0,2.87,37,1646
Online Business: 30 Days Challenge,Business,1280.0,4.55,5,2447
Javascript basics in 34 minutes,Development,1600.0,3.96,377,15384
WordPress: Crea Tu Primera Página Web Profesional,Lifestyle,1280.0,4.77,115,1618
Basic AWS Architecture Best Practices - 1 Hour Crash Course,IT & Software,1280.0,4.44,617,12423
Cryptocurrency & Stock Trading Course,Finance & Accounting,8640.0,3.07,2,7
Generational and Cultural Considerations Of A Good Manager,Business,4800.0,3.63,14,62
Learn iOS 11 and Swift 4 in 14 Days Flat,Development,8640.0,4.45,14,3235
Access 2010 Intermediate,Lifestyle,2560.0,4.2,32,289
Automation Hacks for Entrepreneurs,IT & Software,1280.0,4.59,17,1119
How to build fast and efficiently your startup?,Finance & Accounting,8640.0,4.89,55,1108
Semi Automatic Forex Trading - 1Click Trading,Business,8640.0,4.62,3,21
Apache Spark 2.0 with Java -Learn Spark from a Big Data Guru,Development,8640.0,4.32,2488,17769
IN TOUCH WITH YOUR INNER VOICE  Level 1 / Course 2,Lifestyle,2560.0,0.0,0,7
Developing ASP.NET MVC 4 Web Applications,IT & Software,1600.0,2.76,25,227
"Akreditif ve Dış Ticaret  , İhracat",Finance & Accounting,1280.0,3.71,5,62
Executive Strategy & Management,Business,8640.0,3.3,31,103
Godot Getaway: The Blender Course,Development,1920.0,4.96,23,313
The best business ideas for  globetrotters & digital nomads,Lifestyle,4480.0,0.0,0,9
Sales Mastery: Rapid B2B Sales Growth & Epic Career Success,IT & Software,1280.0,5.0,5,9
Personality: Understanding Different People,Finance & Accounting,8000.0,4.4,10,1142
Start your own recruitment agency from home,Business,8640.0,4.37,99,419
ISPSoft For Delta PLC Programming (PLC-SCADA-9),Development,3520.0,3.53,38,121
Infusionsoft Training for Beginners,Lifestyle,8640.0,3.52,67,828
Forex Trading - Learn How To Double Your Cash Trading Online,IT & Software,1280.0,4.61,43,173
Alibaba - How To Succeed At Importing Products,Finance & Accounting,5760.0,4.65,1395,13356
Outsourcing without Fear - an Entrepreneur's Hands on Guide,Business,1280.0,5.0,3,547
MongoDb With .Net Core-Sagar Jaybhay,Development,1280.0,3.42,8,59
Bien utiliser votre Mac au quotidien,Lifestyle,1920.0,4.51,75,178
Cisco Firepower - Learn Network Security Basics - Firewalls,IT & Software,4480.0,3.93,40,8388
Essential Sales Skills for Beginners - or Refreshers,Finance & Accounting,1280.0,3.39,39,2901
"SQL for Beginners: Learn through 10 examples, data provided!",Business,1600.0,3.59,15,68
Python for Data Science and Visualization -Beginners to Pro,Development,8640.0,4.46,61,183
How to Make Your Own Paperback Books,Lifestyle,1920.0,0.0,0,5
C Preprocessor for C Programming MCQ Practice Questions,IT & Software,1280.0,3.41,5,2730
Freelancing 101: Teaching you what you need to Succeed,Finance & Accounting,1600.0,3.98,5,22
Motivational Ethics,Business,1920.0,4.3,512,1452
Python For Beginners - The Basics Of Python Development,Development,6720.0,4.18,424,23478
Introduction To Graphic Design (Projects),Lifestyle,8640.0,4.12,2588,50641
Value Investing Bootcamp: How to Invest Wisely,IT & Software,8640.0,4.5,4201,29703
Employee Engagement,Finance & Accounting,6400.0,4.78,7,11
Investing: How I Consistently Beat The Stock Market,Business,8640.0,4.16,42,2125
Text Classification with fastText and machine learning,Development,1280.0,3.97,21,926
Spline Modeling Fundamentals in CINEMA 4D,Lifestyle,1280.0,4.11,70,3409
Course 5: MCSA Windows Server 2019 Enterprise Storage,IT & Software,8640.0,4.78,12,384
Quickbooks Premier DESKTOP 2017 edition,Finance & Accounting,3200.0,4.1,28,100
Stakeholder Management: Goal & stakeholder identification,Business,1280.0,4.15,112,1655
"JavaScript, Bootstrap, & PHP - Certification for Beginners",Development,8640.0,4.17,1582,115168
Become a HVAC Professional - Part 2/3- Load Calculations HAP,Lifestyle,8640.0,3.85,95,473
Leading Effective Meetings: The Complete Leadership Guide,IT & Software,8640.0,4.84,37,464
Introduction to Six Sigma,Finance & Accounting,1600.0,4.4,33,1099
START ANY BUSINESS,Business,1280.0,5.0,3,6
Practical iOS 12 with Swift 5,Development,8640.0,4.75,49,545
Sachbuch und Facharbeit mit Mac-Word planen und schreiben,Lifestyle,2560.0,4.2,3,8
PfMP® Certification Tests - Two Real Exams,IT & Software,6400.0,3.67,46,547
Self-Publish Your Children's Book - From Start to Finish,Finance & Accounting,2560.0,4.42,203,2995
Crypto Clear - Clearest Guide To Profit from Cryptocurrency,Business,8640.0,4.41,4,9
React Native - First Steps,Development,8640.0,4.12,24,177
Super Easy & Fast DIY Hairstyles anyone can do!,Lifestyle,1280.0,5.0,1,54
Operations Research,IT & Software,1280.0,3.47,17,37
Crowdfunding to Win,Finance & Accounting,2560.0,4.4,26,652
Best Business Start Up Course,Business,1600.0,3.7,43,292
Mastering DevOps,Development,6400.0,3.72,367,2388
Crea tu canal de Youtube y hazte un Youtuber exitoso,Lifestyle,3200.0,4.38,11,57
Exam MS-300: Deploying Microsoft 365 Teamwork (Updated 2020),IT & Software,1600.0,4.06,7,31
Steel Re-Rolling Mill: Basic TMT Rebar Production Course,Finance & Accounting,6400.0,2.47,24,65
How to buy passive income rental property!,Business,8640.0,4.32,6,45
Python GUI Programming with Tkinter | 30-Day challenge,Development,1600.0,3.76,37,233
Angel Realm,Lifestyle,3840.0,4.65,16,104
Personal Finance Autopilot - Budgeting Made Easy!,IT & Software,1280.0,4.51,27,904
IFRS 17 - Insurance Contracts (The Basic Framework),Finance & Accounting,1280.0,1.99,6,17
How to Get Your Class A CDL and Become a Truck Driver,Business,1280.0,3.72,7,353
CSS Grid & Flexbox - The Ultimate Course Build +10 Projects,Development,8640.0,4.63,212,1501
"Experto en Diseño Urbano, Planificación y Paisaje.",Lifestyle,1280.0,4.67,44,2443
Introduction to Bookkeeping (Accounting),IT & Software,1280.0,4.5,38,3400
Learn TradingView Pine Script Programming From Scratch,Finance & Accounting,6400.0,4.26,13,96
Team Building: How to Build a Team of Rock Stars!,Business,2880.0,4.32,4,17
Vue Native - Practical Course,Development,8640.0,4.25,93,750
Curso Completo de Design Gráfico com Adobe Illustrator,Lifestyle,5120.0,4.54,1468,5120
【 キーワード速習！ 】実践MBAアカウンティング＆ファイナンス講座マスターコース,IT & Software,5760.0,4.37,551,2850
Aprende a invertir en bolsa y mercados financieros,Finance & Accounting,8640.0,4.41,48,198
Effective Property Management Advanced Course Module 3,Business,8640.0,3.91,17,352
Build Music Player in Html 5 css 3 & JavaScript (2 project ),Development,8640.0,3.47,41,733
Serigrafia separacion de colores cuatricromia en Photoshop,Lifestyle,1280.0,4.01,6,19
Введение в Финансовую Инженерию,IT & Software,3200.0,4.53,47,359
Optimization with Metaheuristics in Python,Finance & Accounting,8640.0,4.5,532,2935
Business Email Writing for Freelancers and Entrepreneurs,Business,1280.0,3.94,13,85
Create Your First RPG And FPS Multiplayer Game In Unity,Development,8640.0,4.26,1310,11864
Microsoft Powerpoint 2011 for Mac Tutorial,Lifestyle,3200.0,4.6,40,660
Nmap course: Nmap Scanning Tool easily for beginners,IT & Software,8640.0,3.17,7,16
"How to Ask Powerful, Emotionally Engaging Questions",Finance & Accounting,1600.0,3.57,177,1921
Business Intelligence with Microstrategy 10 Analytics,Business,2880.0,4.3,705,2588
React Beginner's Bootcamp,Development,8640.0,2.93,85,15707
Face Painting,Lifestyle,6400.0,4.15,18,63
Easy E-Commerce With WordPress &WooCommerce,IT & Software,8640.0,4.52,3,6
Supercharge Intraday Trading Skill,Finance & Accounting,8000.0,4.26,7,38
Leadership: Advanced Training for Experienced Managers,Business,12800.0,4.41,152,2112
"How to build a file server with Postgres ,Go",Development,8640.0,3.03,10,81
Faça um colar difusor para aromaterapia de argila.,Lifestyle,1280.0,4.21,2,3
Comptia Security+ (SY0-501) Real Exam Practice Tests,IT & Software,2560.0,3.6,3,64
Data Visualization and Analysis with R,Finance & Accounting,1280.0,4.26,8,1329
The Circular Economy,Business,8640.0,4.22,416,998
Unreal Engine 4.x Projects,Development,8000.0,4.08,39,442
Illahi Noor : A golden initiation in the Unity Ray !,Lifestyle,1920.0,4.85,128,516
MuleSoft DataWeave 2.0 deep dive,IT & Software,1600.0,4.19,24,6520
Tableau for R Users - Explore Tableau and Embed R Code,Finance & Accounting,3520.0,3.97,233,1852
Introduction on how to become a successful interpreter,Business,1280.0,3.9,15,29
RabbitMQ: The Complete Guide with Software Architecture Applications,Development,6400.0,3.81,1382,6707
Get Started Online With No Investment - Newbie Friendly,Lifestyle,8640.0,4.25,38,10109
Grant writing - Improve your win rate,IT & Software,1600.0,4.45,17,83
Wholesaling Real Estate in 30 days step by step,Finance & Accounting,6400.0,4.22,108,690
"AS9100 Rev D, How to Write a Aerospace Quality Manual",Business,8640.0,3.66,15,46
Learning PySpark,Development,8000.0,3.56,121,396
5 Quick and Easy Weeknight Curry Course,Lifestyle,1920.0,4.84,23,186
PMP® Exam Prep -FULL Training. 1100 Questions. Part 1,IT & Software,3200.0,3.67,3,15
Tools for Early Innovation,Finance & Accounting,1920.0,4.2,20,104
Managerial Accounting - The Ultimate Beginner Course!,Business,6400.0,4.42,44,274
The JavaScript Crash Course,Development,8640.0,1.85,60,7019
"How to paint my ""Bluebell Woods"" in FREE style watercolors.",Lifestyle,2240.0,0.0,0,19
C Programming for Beginners - Go from Zero to Hero!,IT & Software,6080.0,4.24,158,7301
Practical Restaurant Management Course,Finance & Accounting,1280.0,3.21,7,1070
Building a Balanced Scorecard,Business,3200.0,4.08,219,779
Introduction to Database Management Systems (DBMS),Development,6400.0,3.86,82,3729
Digital Strategy Masterclass (Laser-Focused Marketing Plan),Lifestyle,8640.0,3.91,12,78
Tableau 10.2.1 Development,IT & Software,6400.0,4.34,9,50
Intellectual Property Toolkit,Finance & Accounting,2240.0,3.28,3,28
Practical Risk Management for Business and Projects,Business,6720.0,4.52,6,29
The basic beginners guide on JavaScript 2020,Development,7040.0,4.46,15,478
Start a Professional Podcast,Lifestyle,1280.0,0.0,0,1
Python Tutorial For Beginners,IT & Software,1280.0,3.76,13,2054
Deliver Your Project & Master Project Management,Finance & Accounting,1280.0,4.49,468,2017
Quality Methodologies and Standards for Projects (PMI - PMP),Business,1600.0,4.73,19,4182
Build A Consultant Website With WordPress and Elementor 2.0,Development,6400.0,3.4,18,1035
Curso de meditação para quem nunca praticou!,Lifestyle,0.0,4.76,15,463
Management and Leadership for all levels,IT & Software,1280.0,3.69,3,20
The Science of Getting Rich,Finance & Accounting,1920.0,4.22,10,42
Data Visualization with R and ggplot2,Business,8640.0,4.26,30,190
Python 3 Masterclass step by step with coding exercises.,Development,8640.0,4.78,126,782
Automação de Marketing com GDigital,Lifestyle,0.0,4.05,15,1005
iOS 12 & iOS 13: Build a Complete App from Beginning to End,IT & Software,8640.0,4.51,34,247
Plan a Successful Event - Right now!,Finance & Accounting,1280.0,3.6,8,318
How To Build A Buzzfeed Style Blog On Wordpress,Business,1280.0,3.8,166,18615
Git Fundamentals: A Practical and Visual Learning Approach,Development,1280.0,4.71,20,271
Microsoft Teams for Everyone,Lifestyle,1280.0,0.0,0,9
How to buy bitcoin,IT & Software,1280.0,3.37,2,400
The Cash Flow Statement - An Introduction,Finance & Accounting,3200.0,3.88,126,659
How to Flip Cars Like a Pro - Learn Car Flipping,Business,8000.0,4.24,494,2281
ARCore and Sceneform Masterclass for Android,Development,2240.0,4.48,48,261
Perspective Sketching the Easy Way: From Coffee Cups to Cars,Lifestyle,2560.0,3.92,153,3445
Beginner to Pro in Excel: Financial Modeling and Valuation,IT & Software,8640.0,4.53,28665,127680
Associate Professional in Human Resources (aPHR®) exams,Finance & Accounting,1920.0,3.47,15,122
Public Relations: Getting PR For Your Business or Startup,Business,1600.0,4.11,10,1000
Understanding of MATLAB,Development,6400.0,3.81,14,4689
Youtube Traffic Generation - Getting Targeted Free Visitors,Lifestyle,6080.0,3.84,20,1491
Forex Trading for Beginners Course + 40 Robots Monthly,IT & Software,8640.0,5.0,6,44
Innovation Master Class,Finance & Accounting,6400.0,4.37,4763,14661
Cryptocurrency Trading Course 2020: Achieve Wins Daily!,Business,8640.0,4.42,5350,19352
Real World Data Science in Python: Create a Car Buyer App,Development,9280.0,4.92,8,137
Learn How To Sell Fiverr Kindle Covers,Lifestyle,3200.0,4.21,16,2039
Curso: O Investidor Moderno,IT & Software,1280.0,4.86,4,76
Futures & Options For Monthly Returns,Finance & Accounting,8640.0,1.0,1,15
Tableau - Business Intelligence and Analytics using Tableau,Business,8640.0,3.59,168,8679
Data integration (ETL) with Talend Open Studio,Development,2240.0,3.96,266,893
Mini London Travel Guide,Lifestyle,1920.0,0.0,0,0
Ultimate Stock Market Investing: Learn How to Value Stocks,IT & Software,3200.0,4.2,244,2428
Managerial Accounting - The Ultimate Beginner Course!,Finance & Accounting,6400.0,4.42,44,274
"Cryptocurrency:  Amazing Technology, Dangerous Investment",Business,8640.0,4.65,16,1044
Learn JQuery Programming Practically,Development,8640.0,3.21,19,8275
Persuasion in the Modern World- Persuasion made easy,Lifestyle,1280.0,4.02,5,734
Reader-Friendly Business Writing,IT & Software,3200.0,4.27,7,45
"Grundlagen von Kryptowährungen: Coins, Wallets, ICOs & mehr",Finance & Accounting,8640.0,4.11,22,224
Global Professional in Human Resources GPHR Practice exams,Business,1600.0,3.84,9,92
Certified Web Application Security Tester (C-WAST),Development,1280.0,3.68,262,4706
Additional Workflow Patterns with TIBCO Business Studio,Lifestyle,1280.0,2.76,3,76
MTA 98-382 Introduction to Programming Using JavaScript,IT & Software,1280.0,3.89,14,60
Forex Momentum Swing Trading Mastery,Finance & Accounting,2240.0,4.43,66,220
Basic Excel for Basic Bookkeeping and Accounting,Business,6080.0,4.08,554,8854
100 Angular Challenge,Development,8640.0,4.59,11,172
Adobe Photoshop para principiantes,Lifestyle,1280.0,4.44,426,15785
Economics : How consumer makes buying decision,IT & Software,0.0,3.65,12,1316
Stock Market Trading in 14 Days Technical Analysis (Hindi),Finance & Accounting,1280.0,4.17,7,19
Bitcoin & Ethereum CryptoCurrency Course (2 Course Bundle),Business,1280.0,3.64,59,11758
Learn Scrapy By Examples,Development,1280.0,4.02,16,504
Encuadernación creativa: cuaderno personalizado en ecopiel,Lifestyle,1280.0,4.75,25,79
Performance appraisal: Manager's guide to performance review,IT & Software,2880.0,3.75,438,1667
Business and Sales Presentations to Captivate Your Audience,Finance & Accounting,4160.0,4.57,16,82
PMI-PMP-Project Management Professional - 35 Contact Hours,Business,8960.0,4.4,848,2910
RESTful API ASP.NET Core 3 and EF Core: Step by Step Project,Development,1280.0,4.51,76,484
Win at Work with The 36 Stratagems,Lifestyle,3200.0,4.23,14,63
保險公司針灸給付的新動態 與 如何提高診所保險申報的效率,IT & Software,0.0,4.23,5,113
Haushaltsbuch in Excel,Finance & Accounting,8640.0,4.17,3,33
Program Management Professional (PgMP) Exam Prep Course,Business,8640.0,4.41,11,90
React Redux Firebase CRUD Application with Authentication,Development,1280.0,4.34,210,6527
Basic Psychic Skills: Part 2,Lifestyle,1280.0,4.5,1,10
ISACA CISA Certified Information Systems Auditor Prep Exam,IT & Software,1280.0,4.3,10,173
Investment Portfolio Analysis with R,Finance & Accounting,1600.0,4.24,132,859
Project Management with Primavera P6,Business,9600.0,4.31,2087,6671
Practical Transformation Using XSLT and XPath (5-hour free preview; 24 hours total),Development,9280.0,4.26,169,955
A User Experience Approach to Agile & Scrum,Lifestyle,5760.0,3.75,8,36
Bug Bounties: WhiteHat Hacking for Fun and Profit,IT & Software,6400.0,3.1,34,454
Sales Training: Master Your Sales Pitch,Finance & Accounting,8640.0,4.07,39,2180
Amazon Sales Pro Secrets: Learn from an Amazon Top-Seller,Business,8640.0,3.73,27,3318
Beginners Ruby Programming Training - No Experience Required,Development,3200.0,4.48,223,18082
Learn Quran Reading with Tajweed Juz 02 (Juz / Para 2),Lifestyle,1280.0,4.63,11,483
RECRUITMENT ENGINEERING: Talent Sourcing Guide of 2020,IT & Software,3200.0,4.34,83,343
"Managing Project Risks, Assumptions, Issues and Dependencies",Finance & Accounting,6080.0,3.43,5,31
Master Global Trade--How to Import & Export in 2020!,Business,1280.0,3.57,10,606
"Complete Guide To Making Apps: 250,000+ Downloads",Development,12480.0,3.78,583,16324
"Quote Images for Pinterest, Facebook, & Instagram",Lifestyle,0.0,4.14,1393,34261
AWS Cloud Practitioner Practice Exams (2019 Edition),IT & Software,1280.0,4.12,12,25
Complete Guide to Bitcoin & Ripple Futures Trading,Finance & Accounting,0.0,4.07,73,5653
Master Your Network™ 1.0,Business,8640.0,4.66,7,49
Vehicles in Unreal Engine 4,Development,7680.0,4.38,25,333
Modelagem para Maquete no Blender,Lifestyle,1280.0,4.53,9,38
Dynamics NAV - Setup new company from Scratch.,IT & Software,1600.0,4.14,27,185
Accounting Made Easy for Business Owners and Entrepreneurs,Finance & Accounting,1280.0,4.75,15,2174
"Entrepreneurship Finance, Theory and Enterprise Valuation.",Business,8640.0,3.92,4,15
(NEW) Python Programming Course: The Complete Bootcamp,Development,8640.0,4.21,11,84
"Ухоженный инстаграм, влюбляющий мужчин",Lifestyle,2880.0,0.0,0,5
VMware Professional vSphere 6.7 (VCP-DCV 2020) Practice Exam,IT & Software,1600.0,3.83,11,44
Income Tax – Schedule C Small Business Sole Proprietor,Finance & Accounting,8640.0,4.3,85,3507
Bookkeeping -Step by Step Mastery ***COMPLETE COURSE***,Business,6400.0,4.31,518,2578
Getting Familiar with Windows Server 2016 Administration,Development,8000.0,4.14,13,52
Transformational leadership manual for beginners,Lifestyle,3200.0,3.0,1,8
eCommerce Analytics - Customer Segmentation,IT & Software,1280.0,3.97,9,49
How 20% a Month is very Achievable with Options Trading,Finance & Accounting,1280.0,3.67,15,2722
Learn How to Double or Triple Your Production in Real Estate,Business,3200.0,4.53,99,1512
Python & Web Fundamentals Course,Development,1280.0,3.84,211,17078
Ultimate Beginners Cartooning Course pt 2 : Animals,Lifestyle,8640.0,4.71,26,1037
Contabilidad de Provisiones y Contingencias,IT & Software,2560.0,4.67,3,20
Business Analyst: Project Management Techniques and Tools,Finance & Accounting,7040.0,4.55,2104,14029
Binary Options Trading: The RVS Strategy for Trading Profits,Business,6400.0,3.26,11,269
C# Basics - Learn Coding & Programming for Beginners,Development,8640.0,4.46,341,24554
Your Career is just a Perception,Lifestyle,1920.0,0.0,0,1
Data Science and Machine Learning Developer Certification,IT & Software,2880.0,4.29,4,197
Technical Writing: Master Your Writing Career,Finance & Accounting,3200.0,4.16,526,2925
Tax Strategies of the Wealthy,Business,8640.0,4.63,159,1131
Wordpress Plugins that will transform your Website,Development,2560.0,4.42,11,144
Master Advanced High End Beauty Retouching in Photoshop,Lifestyle,8640.0,4.23,672,30180
Finanças e suas áreas,IT & Software,0.0,4.81,17,247
Economics in 10 Principles,Finance & Accounting,1280.0,4.06,225,823
Customer Success | How to Exceed Your Customers Expectations,Business,2240.0,4.28,1208,4731
Create Music Website for Music Artists & Bands in WordPress,Development,1280.0,4.86,28,2864
"Reiki I, II and Mastery - Certificate",Lifestyle,0.0,3.98,39,914
ClicData for Beginners: Connect & Visualize Your Data,IT & Software,1280.0,4.39,6,27
Blockchain for Healthcare,Finance & Accounting,0.0,4.28,438,8479
Health Data 101,Business,2240.0,4.25,97,783
Mastering RxSwift in iOS,Development,1280.0,4.37,672,2190
Curso de Excel Avançado Gráficos - Medidas de Desempenho,Lifestyle,2560.0,4.49,6,28
QuickBooks Desktop Bank Feeds And Importing Transactions,IT & Software,1280.0,4.28,25,993
Accelerate Your Business in 6 Weeks: Key Growth Multipliers,Finance & Accounting,8640.0,4.44,6,46
Complete Tutorial on Becoming an Online Betting Affiliate,Business,1280.0,3.49,36,780
Introductory Probability and Statistics,Development,8640.0,3.9,10,97
自叙伝・自分史を高齢の親や大切な人を喜ばせる為に、 上手に作ってあげる７つの秘訣　　　（自分の自分史制作としても学習可）,Lifestyle,1280.0,4.14,6,12
Bug Bounty for Beginners,IT & Software,8640.0,3.59,5,67
Complete Foundation and Basic Stock Market Course in Hindi,Finance & Accounting,1280.0,4.5,4,30
Ebook Publishing,Business,1280.0,4.22,35,1041
Java Fast Track Preparation for Interview as Java Developer,Development,8640.0,4.67,19,1458
Create A Webtoon Style Webcomic Website -No Code -All Levels,Lifestyle,8640.0,4.36,3,312
Employee Engagement Certification4 Management Coaching,IT & Software,8640.0,4.26,7,665
日本スリランカ租税条約の解説,Finance & Accounting,0.0,2.88,2,20
21 Steps to Start Speaking More Smoothly & Confidently,Business,1600.0,4.16,86,2672
Ruby Programming For Everyone,Development,8640.0,4.65,214,4327
WordPressとMailChimpでマーケティングオートメーションを実装する方法,Lifestyle,8640.0,4.06,31,544
Successful Negotiation -- Plan and Prepare Your Strategy,IT & Software,1600.0,3.94,29,135
SQL - Master Class For Data Analysis,Finance & Accounting,1920.0,4.5,886,5122
Sales Course: Learn The Whole Sales Process,Business,1280.0,4.3,247,18606
Making Sense of Use Cases,Development,1280.0,4.64,63,300
Complete Excel Course: Zero to Mastery,Lifestyle,8640.0,2.52,95,7469
Caption This! Become a Pro in Video Captioning and Subtitles,IT & Software,3200.0,4.84,5,25
Use the Magic Multiple Moving Average Forex Trading system,Finance & Accounting,3200.0,4.52,833,4562
Customer Success 101,Business,2560.0,4.76,12,27
Beginner's guide to Redis 5,Development,1280.0,3.61,15,104
WordPress for New Beginners: Learn & Customize your Website,Lifestyle,1280.0,4.6,4,1006
Pardot Specialist Certification Preparation Kit,IT & Software,3200.0,2.84,6,22
Tableau 2020 Certified Associate Exam Guide A-Z (w Datasets),Finance & Accounting,12800.0,4.61,512,3388
"Winning Communication Skills for Telephone, Conference Calls",Business,9600.0,4.45,857,39262
Certification Course For Jaava Learne,Development,8640.0,1.51,27,5102
WSH Hazards and Control Measures,Lifestyle,0.0,4.34,354,2875
Hyper-V Cluster Implementation and Management,IT & Software,6080.0,1.58,3,67
XGBoost for Business in Python and R,Finance & Accounting,3200.0,4.49,9,75
Challenging inappropriate behaviour in the workplace,Business,3200.0,4.25,8,659
Machine Learning for ABSOLUTE beginners! [April 2020 Edition,Development,8640.0,1.86,183,11157
Cómo implementar e-learning efectivo y sin fracaso,Lifestyle,2560.0,3.72,35,124
The Complete CompTIA IT Fundamentals FC0-U61 Prep Test,IT & Software,1280.0,4.02,74,351
Becoming a Healthcare Administrator,Finance & Accounting,2560.0,4.07,92,715
How to Write a Sponsorship Proposal That Earns - 2020 Update,Business,3200.0,4.56,135,2540
Powerful Unity JavaScript Everything You Need To Know,Development,4480.0,3.59,31,1924
KohのIllustrator スーパーテクニック　トレーニング'01 卵の顔,Lifestyle,1280.0,4.45,11,203
Applying the Standards for Internal Auditors Part 3,IT & Software,6400.0,4.28,18,135
SAP Financial Accounting Vendor Invoice Management,Finance & Accounting,1280.0,3.29,11,288
Create That EBook,Business,1280.0,4.47,16,659
ARKit - Create Augmented Reality Apps for iOS Apps,Development,3200.0,4.27,40,254
Instagram Marketing : Earn,Lifestyle,1280.0,5.0,1,1
SAP Extended Warehouse Management - The Database of SAP EWM,IT & Software,9600.0,5.0,6,6
Derivatives for Level 1 CFA® Exam,Finance & Accounting,2880.0,4.22,57,463
Grow your business Globally through channel partners,Business,5760.0,4.21,29,5597
React For Kids - Getting Started With Web Development,Development,8640.0,2.69,43,7247
HR Reporting and HR Dashboard,Lifestyle,1280.0,1.0,1,8
The Complete Lifestyle Design & Digital Nomad Course,IT & Software,8640.0,3.64,25,5639
Financial Statements: Learn Accounting. Unlock the Numbers.,Finance & Accounting,3200.0,4.36,30,338
Forex Trade Management - Get The Most From Your Trades,Business,1280.0,3.08,8,1023
Test Driven Development(TDD) with Laravel - Trust but Verify,Development,1280.0,3.9,11,68
Organize your online business for busy entrepreneurs,Lifestyle,6400.0,4.12,16,1028
Azure practice questions for interviews and exams,IT & Software,1600.0,3.05,15,117
Start your own Tourism Business - A Beginners Course,Finance & Accounting,1280.0,4.01,53,199
Jump Start Your Presentation Skills Today to Be The Best!,Business,12800.0,4.45,570,3897
DevOps Project: CICD with Git GitLab Jenkins  and Laravel,Development,4800.0,4.6,12,62
The Power of Reading Picture Books to Young Children,Lifestyle,1280.0,4.41,24,86
"How to Choose and Use a College Savings Plan (529 Plan, USA)",IT & Software,1600.0,4.9,17,484
Phân tích chuỗi thời gian trong kinh tế - tài chính,Finance & Accounting,0.0,4.75,4,156
Information Architecture for the Technical Writer,Business,1280.0,3.32,13,51
Selenium WebDriver Test Automation Framework With Real Project,Development,2560.0,3.76,375,12355
Building an E-Learning Course with Camtasia Studio 8,Lifestyle,5440.0,3.57,18,234
CFA Level 2 - Portfolio Management (2020 - 2021),IT & Software,8320.0,5.0,1,21
How to Find and Develop a Great Business Idea,Finance & Accounting,8640.0,3.59,7,38
OKR: Methodology and Application,Business,3200.0,4.3,14,29
Feature Engineering for Machine Learning,Development,8640.0,4.67,1465,9489
Watercolour for beginners #2,Lifestyle,1600.0,4.81,13,63
The Complete Oracle SQL Certification Course,IT & Software,8640.0,4.53,21879,82655
The Art of the Fundraising Ask,Finance & Accounting,2880.0,4.18,5,536
Weekly Schedule System for Business Owners [with templates],Business,8640.0,4.22,3,32
Build advanced blog using node.js,Development,8640.0,2.24,14,3512
How to become a Travel Blogger - Get paid to travel,Lifestyle,3840.0,0.0,0,1
How To Start A Profitable Coaching Business,IT & Software,8640.0,3.84,20,3585
Strategy for Activists,Finance & Accounting,6080.0,4.89,5,21
Effort Estimation: how to estimate and get better every day,Business,1600.0,3.38,23,4167
Programming A Chat Box From Scratch Using PHP and AJAX,Development,1280.0,3.56,15,1368
Kurs Microsoft Office 2019 - od Podstaw do Eksperta,Lifestyle,5760.0,4.54,31,156
Outsource your idea | Launch your business for 1/4 the price,IT & Software,8640.0,4.22,410,42661
Financial Ratios Simplified : A practicle guide,Finance & Accounting,0.0,3.78,144,5774
Applied ISO14971 Medical Device Risk Management,Business,8640.0,4.39,235,588
Mastering ElasticSearch,Development,8000.0,3.87,12,102
Generate Qualified Leads & Referrals w/ 10 Min Presentations,Lifestyle,5440.0,4.7,16,89
Learning Terraform on Microsoft Azure - Terraform v12 / v13,IT & Software,2240.0,4.18,1142,5629
The Consulting Case Interview: Beginner to Expert,Finance & Accounting,4480.0,5.0,6,9
"How-To-Guide on Lean Startup ""CRASH"" course.",Business,2880.0,2.75,3,24
New to Unix / Linux Command? Learn Step by Step|For Beginner,Development,6720.0,4.4,347,2995
Male Character Creation in Zbrush,Lifestyle,6400.0,4.59,341,2476
Real Fast Podcast into Best Selling Kindle Books Easily,IT & Software,6080.0,4.46,39,10402
Phone Selling,Finance & Accounting,1600.0,4.01,13,36
How to Work from Home Flipping Furniture,Business,3200.0,3.34,26,132
Machine Learning with AWS AI and IBM Watson,Development,1600.0,3.19,36,749
Rhino Grasshopper How to Use Image Sampler,Lifestyle,1280.0,3.64,3,6
The Ethical Hacking Starter Kit: 12 Techniques,IT & Software,8640.0,3.34,529,12098
Sales Smarts: A playbook to become a sales pro!,Finance & Accounting,1920.0,5.0,5,6
Entrepreneur's course to writing AWESOME business plan!,Business,2560.0,4.14,13,3358
Learn Unit Testing with NUnit and C#,Development,2560.0,3.97,409,2881
Spiritual Alchemy,Lifestyle,8640.0,4.77,52,213
Blockchain and Bitcoin 101,IT & Software,1280.0,4.26,6,520
How To Create a Digital Download & Serial Key Store With Wix,Finance & Accounting,8640.0,4.24,26,5411
[2020] Customer Service 2.0: Learn Digital Customer Service,Business,2880.0,4.55,802,3535
Advance Jmeter : Performance Testing using Jmeter,Development,1600.0,4.24,30,361
Overcome Anxiety & Stress in 8 Steps,Lifestyle,5760.0,4.71,5,411
Ultimate Influence and Persuasion,IT & Software,5120.0,4.68,59,4316
區塊鏈入門與投資,Finance & Accounting,8000.0,4.5,1,25
How to get free publicity for your charity or business,Business,3200.0,4.64,3,9
"Build Games with Unreal Engine, Unity® and Blender!",Development,8640.0,4.46,14,202
How To Use TikTok To Promote Your Business,Lifestyle,8640.0,4.27,10,1076
Options trading - how to exchange time for income,IT & Software,0.0,3.91,86,5881
Security Analysis and Portfolio Management using Excel,Finance & Accounting,1280.0,0.0,0,3
Root Cause Analysis,Business,1920.0,3.9,59,1119
Learning Bootstrap 2 - A Course For Beginners,Development,3200.0,4.72,9,560
"Montessori, Course Three ~ Sensorial",Lifestyle,1280.0,5.0,6,168
Keep Hacking at HackerOne,IT & Software,6400.0,4.03,20,198
Fiverr Gig Marketing (Sales gone full potential),Finance & Accounting,1280.0,4.37,6,109
New Manager's Five-week Success System: 25 Days > Management,Business,6400.0,4.25,550,4016
Scala Tutorial For Absolute Beginners,Development,3200.0,3.9,85,2169
The Complete Modern Social Media Marketing Masterclass,Lifestyle,1280.0,3.86,36,3815
Linux Certification for Experts - Practice Test - Part 2/2,IT & Software,1280.0,3.57,2,15
Financial Management,Finance & Accounting,6400.0,4.01,12,217
Pricing your Home Staging Services,Business,2240.0,4.48,19,573
Getting Started With Apache Cassandra,Development,3200.0,4.26,2035,10839
Drawing Pencil Portraits - Basic Techniques and More!,Lifestyle,1600.0,5.0,1,9
Payroll Accounting Introduction,IT & Software,3200.0,3.9,304,1160
61% Profit In 1 Month - Crush Your Forex Trading Paradigm,Finance & Accounting,1280.0,4.34,58,1176
Crypto For Business,Business,7680.0,4.52,9,25
"Web Development Essentials - HTML5, CSS, Javascript",Development,4480.0,4.49,67,354
adtech kyushu 2013 trackB6,Lifestyle,0.0,2.0,1,152
List Building for Affiliate Marketing Using Facebook,IT & Software,8640.0,4.24,49,394
Fun With Statistics : Population And Sample,Finance & Accounting,1280.0,4.61,4,11
Self-Esteem: Self-Discipline and Emotional Control at Work,Business,8000.0,4.28,26,1410
Oracle Fusion Financials Cloud Online Training Course,Development,4480.0,3.19,39,111
Podcast Monetization Mastery,Lifestyle,2560.0,0.0,0,95
How to Reduce Taxes in Real Estate Business - US Focused,IT & Software,1280.0,3.82,20,3069
The Ultimate Passive Income Course,Finance & Accounting,1280.0,3.4,16,2519
Learn about business writing skills,Business,1280.0,2.76,22,940
Introduction to Programming for Beginners,Development,8000.0,4.2,152,2095
zumba y Rumba Fitness.,Lifestyle,1280.0,0.0,0,3
Laravel 5.4 complete tutorial for Beginners and Intermediate,IT & Software,1280.0,4.05,25,6943
Dropshipping For Newbies: Beginner Guide to Drop Shipping,Finance & Accounting,1280.0,3.35,148,18465
Fundamentals of Business Taxes,Business,1280.0,4.47,178,1171
The Complete front end web developer Bootcamp - 14 projects,Development,8640.0,4.35,1298,5263
"Mental Health Fundamentals for Addiction, Anxiety & Stress",Lifestyle,1280.0,3.57,10,1809
Linux Master Class : Skill up to become a Linux professional,IT & Software,8640.0,4.21,22,1192
Become an Odoo Consultant & start selling Odoo to Businesses,Finance & Accounting,6400.0,3.35,37,140
UiPath RPA - Level 2,Business,8640.0,4.38,1184,7992
A 16 Hour C# Course With Microsoft Visual Studio 2013,Development,1920.0,4.41,1541,13689
Perder Peso e Otimizar a Saúde com a Alimentação Paleo,Lifestyle,1920.0,4.53,7,47
Harmonic Trading: The Art Of Trading With Low Risk,IT & Software,8640.0,4.63,15,152
Introduction to Microeconomics,Finance & Accounting,2560.0,4.5,45,256
Strategic  Business Planning: Formulate Effective Strategies,Business,6720.0,4.03,20,78
NodeJs React Rest Summer Special 2020,Development,8640.0,4.25,71,36472
Writing Skills For Coaches,Lifestyle,1920.0,4.8,8,114
Copywriting White Papers – An All Levels Strategy,IT & Software,5760.0,4.52,796,7272
Nonprofit Grant Writers: How To Find Foundation Funding,Finance & Accounting,1920.0,4.31,36,305
Leadership Development:Ready To Use Tools to lead Your Team,Business,6400.0,3.89,3,1017
JavaScript - Become Higly Paid Front End Developer,Development,2240.0,3.12,164,796
Modelos Mentais para UX,Lifestyle,2240.0,4.13,81,292
Offensive Python | Mastering Ethical Hacking Using Python,IT & Software,8640.0,4.23,132,3217
Medical coding for U.S. healthcare industry,Finance & Accounting,3520.0,3.89,43,142
Understanding Performance Management as an HR Professional,Business,6400.0,4.41,644,2237
"#1 Complete Blockchain, Cryptocurrency, Wallet Development",Development,8640.0,4.64,79,7395
Dynamic floral illustration in watercolours and ink,Lifestyle,1280.0,5.0,2,8
Fixed Income in Python,IT & Software,0.0,4.15,6,3008
2020 Complete Public Speaking & Presentation Skills Course,Finance & Accounting,8640.0,4.1,52,846
8 Things Everyone Should Know About Social Entrepreneurship,Business,1280.0,3.84,12,61
Learn C++ Beginner to Advanced In simple steps,Development,8000.0,4.49,13,650
Narrative Design Master Class: Game writing essentials,Lifestyle,8640.0,4.38,123,1020
Linux EX300 Exam Preparation - Upgrade From EX200,IT & Software,1600.0,4.32,72,206
Advanced Deep Learning with Keras,Finance & Accounting,8000.0,3.69,48,393
Project Management Success: Learn by Managing 5 Projects,Business,11840.0,4.38,162,872
"Full-Stack Web Development using Angular 10, Web API & SQL",Development,1600.0,4.45,10,144
"Social Media Marketing: Connect, Engage & Build Your Brand",Lifestyle,6400.0,4.19,12,724
ComputerCavalry: IT System Administrator (Group Policy),IT & Software,1600.0,3.38,88,4035
Principles of Microeconomics,Finance & Accounting,1280.0,3.51,4,11
Compliance Training for Employees,Business,1280.0,4.05,14,32
Learn how to build a Chess game in iOS 10.,Development,8640.0,4.2,51,1055
Essentials : Learn The 5 NLP Core Principles of Success,Lifestyle,1280.0,4.25,1413,14756
Customer Service: How to sell more without advertising,IT & Software,1280.0,4.69,586,4843
Black Scholes Option Pricing Model,Finance & Accounting,1920.0,3.62,10,49
Stuttering Treatment | The ABC's of Smoother Speech,Business,1280.0,4.11,285,8894
Docker Complete Training,Development,1280.0,3.54,135,847
HR812 SAP SuccessFactors Employee Central Payroll Final Test,Lifestyle,1280.0,3.14,6,32
Real Estate Agent - Preparing for taxes.,IT & Software,1280.0,0.0,0,5
Organizational Acupuncture™: For the Health of Your Culture,Finance & Accounting,1280.0,3.36,51,2943
How to Write a Book for Amazon Kindle,Business,8640.0,4.07,23,10751
React + Spring Boot Microservices and Spring Cloud,Development,1280.0,3.84,18,153
Goal Setting Ultimate Guide,Lifestyle,3200.0,4.37,142,1856
DsFiverr: Dropshipping On Fiverr | Dominate Fiverr,IT & Software,8640.0,4.18,12,79
מושגים בסיסיים באופציות חלק ג,Finance & Accounting,0.0,4.0,1,44
Get Your Fiction Manuscript Past the Gatekeeper,Business,3840.0,4.91,3,3042
Microsoft SQL Server for Beginners to expert,Development,1280.0,4.09,584,59288
Build a spare room studio for rapid video and audio creation,Lifestyle,1920.0,4.27,31,6428
Kotlin for beginners basics ( Hindi + English),IT & Software,1280.0,5.0,7,14
Stock Markets: How I Became Rich By Changing How I Trade,Finance & Accounting,1280.0,4.03,12,687
Advanced Stock Options for Serious Equity Investors!,Business,8640.0,3.99,31,1340
Become A Full Stack Web Developer in 14 Days,Development,8640.0,4.53,101,1217
Strengthening Loving Relationships,Lifestyle,1600.0,4.74,4,14
Introduction to Excel for Finance and Accounting,IT & Software,0.0,5.0,1,735
How To Start & Run Your Very Own Subscription Box Business!,Finance & Accounting,1280.0,3.84,100,558
Risk Management for Beginners,Business,1280.0,3.86,17,104
WordPress E-Commerce Development w/ WooCommerce & Storefront,Development,8640.0,4.16,332,2619
Segredos da Hipnose Clinica,Lifestyle,3200.0,4.29,7,20
Business Intelligence With QlikView - 0 To Full Sales App,IT & Software,1600.0,4.33,163,1040
Generations in the Workplace,Finance & Accounting,1280.0,4.7,4,11
10.  Bonds and Bond Pricing,Business,1280.0,4.05,14,369
Node.js for Beginners - Become a Node js Developer + Project,Development,8640.0,4.39,883,9129
Instagram for Beginners - Easy tips to grow your business,Lifestyle,1280.0,4.26,30,946
تعلم التداول من الالف الى الياء ببساطة وبدأ بكسب المال,IT & Software,1280.0,4.11,34,103
Getting Started - Outsourcing & Remote Teams PREMIUM,Finance & Accounting,1600.0,4.33,4,74
Customer Success: How to Reduce Churn and Increase Retention,Business,3200.0,4.44,159,2124
Octave for Data Scientists,Development,7680.0,3.39,9,46
كورس أساسيات وقواعد التصميم الجرافيكي,Lifestyle,1280.0,4.37,208,5408
Certified Public Accountant (FAR) Practice questions -2020,IT & Software,6400.0,0.0,0,4
Charting for Beginners 101: Technical Analysis Demystified,Finance & Accounting,2880.0,4.29,256,2831
Managing A Team Effectively: Build Team Management Skills,Business,1600.0,4.23,30,778
App Store Success : How To Make Money With Apps,Development,8640.0,3.45,23,163
Voice Over Training for Voice Acting,Lifestyle,4800.0,2.43,3,11
Primavera P6 Advanced Training,IT & Software,6400.0,4.21,1136,4100
Curso de Trading desde Cero,Finance & Accounting,2240.0,0.0,0,0
Real Estate Investing: Real Estate Investing Basics,Business,8640.0,4.14,79,9498
Android Complete Guide for Firebase and ML using Kotlin,Development,2560.0,3.47,20,165
Dog Training - Puppies - A-Z Guide To Puppy & Dog Training,Lifestyle,9600.0,4.21,139,2082
Business Networking for Success and Company Growth: Part 3,IT & Software,8640.0,4.5,31,8497
Corporate Accounting for Beginners,Finance & Accounting,6400.0,4.16,156,15085
CBPA Practice Exam Questions,Business,6400.0,4.62,4,10
Creating Interactive HTML5 Video,Development,6400.0,4.73,87,1097
Digital Marketing and SEO for beginners in 4 weeks,Lifestyle,8640.0,3.97,30,1619
Professional Scrum Master certification Practice Tests PSM1,IT & Software,1280.0,4.46,12,5388
How to Create eBook Cover Graphics Using Free Software,Finance & Accounting,2880.0,4.53,16,141
Agile PM 201 - Understanding Agile at a Deeper Level,Business,8320.0,4.51,2551,10650
RSLogix5000 Training Using PLC Ladder Logic. Basic,Development,3200.0,4.35,568,1865
Ultimate Career Development,Lifestyle,1280.0,4.3,136,4214
How To Run A Retail Business,IT & Software,8640.0,3.68,6,18
3D Excel Gantt charts - An Innovative Project Management !,Finance & Accounting,8640.0,4.22,7,728
Publish Parse-enabled Trivia Apps Without Coding,Business,6080.0,3.47,37,1313
Getting Started with TypeScript,Development,1280.0,4.52,10,138
Animate Explainer Videos From Storyboard to Animation,Lifestyle,6720.0,4.32,10,59
TYPESCRIPT FOR BEGINNERS,IT & Software,1280.0,4.44,151,675
Forex Trading for Beginners - Basics,Finance & Accounting,3200.0,3.92,16,1000
Forex Trading Strategy - Advanced Trend Trading Crash Course,Business,1280.0,4.26,220,1907
Mastering iPhone programming - Lite,Development,1280.0,3.86,35,16516
Improve your Handwriting & enhance your Learning abilities,Lifestyle,7680.0,0.0,0,3
Professional Trading Through RSi in HINDI,IT & Software,2560.0,4.5,1,3
"Scrum User Story Writing Mastery, Agile Project Management",Finance & Accounting,8640.0,4.14,46,1207
Manage Diversity,Business,1920.0,4.36,1207,2157
Unity Multiplayer Game development with Photon PUN2 [2020],Development,8320.0,3.89,171,1059
Hairstyles & Updo's for Tweens (young teens),Lifestyle,1280.0,0.0,0,52
Analytics & Data Science for managers & humanitarians,IT & Software,8000.0,3.59,3,36
Advanced Technical Analysis PART 2,Finance & Accounting,6400.0,4.6,449,3283
BPMN 2.0 Master Guide: Learn Process Modeling from Scratch,Business,5760.0,4.35,77,1204
Building game logic to game development in Unity5,Development,1280.0,3.27,56,4302
Pinterest Marketing Secrets 1.0,Lifestyle,7680.0,4.68,22,122
Udemy 7: Smart Fixes & Marketing  Udemy Tips -Unofficial,IT & Software,8640.0,4.39,12,970
Microsoft Excel Training - Interactive Dashboards,Finance & Accounting,1920.0,4.53,122,1099
Problems & Solutions in Accounting Basics,Business,2560.0,4.26,36,10834
How to create your first blog with WordPress,Development,8640.0,3.42,27,4323
Cómo crear una Campaña Universal de Aplicaciones paso a paso,Lifestyle,1280.0,4.3,19,784
Everything You Need To Know About RS485,IT & Software,1280.0,4.57,246,871
Certification2 WEC Life Purpose Life Coach Training,Finance & Accounting,8640.0,4.51,81,1467
No Banks: JV Property Investing,Business,1280.0,2.56,4,2172
"Complete Java Bootcamp! Swing, JavaFX, PostgreSQL, JDBC, JSP",Development,8640.0,4.47,38,10234
ChatBots الدورة الاحترافية لعمل شات بوت للفيس بوك,Lifestyle,6400.0,3.89,4,125
Introducción a la Contabilidad,IT & Software,1920.0,3.9,46,1254
Detailed Study of GST using 100 Practical Question & Answers,Finance & Accounting,1280.0,0.0,0,1
The Practical BPMN 2.0 Master Class,Business,3200.0,4.46,1226,4645
Learn PHP  and develop  Projects.,Development,1280.0,4.25,22,2644
7 day Chakra Retreat,Lifestyle,2240.0,4.88,13,97
The Complete Clickfunnels and Shopify Sales Funnel Course,IT & Software,8640.0,4.14,179,2505
Communication Skills for Beginners,Finance & Accounting,9600.0,4.31,1988,48057
Business Coaching Certification FECBC Business Fundamentals,Business,8640.0,4.31,558,2351
Advanced Java Programming with Eclipse,Development,6400.0,3.9,18,1115
How to Use Canva to Drive More Social Engagement,Lifestyle,1600.0,2.14,4,1001
Build your Lab to practice any course - Beginner to Advanced,IT & Software,3520.0,3.99,26,1622
Flujo de Caja y Proyecciones Financieras,Finance & Accounting,1600.0,3.51,25,95
Risk Management With Monte Carlo Analysis,Business,3200.0,3.95,15,48
Testing REST APIs using Postman,Development,8640.0,4.46,34,153
Create a Healing Spirit Art Doll,Lifestyle,2240.0,4.55,75,254
Network Automation & Programmability  Foundations,IT & Software,1280.0,4.79,3,25
Market Research Classroom,Finance & Accounting,6720.0,3.47,32,684
Leaps Options Trading System - Diagonal Leaps Options Spread,Business,8640.0,4.32,50,1269
JavaScript ES6 Course: ECMA Script 6 (Step by Step),Development,4800.0,3.97,101,22478
3D Procedural Mesh Generation Fundamentals in Unity,Lifestyle,3200.0,3.92,72,635
Servicenow Ceritified System Administrator  Orlando Delta,IT & Software,1600.0,3.97,24,76
Cost Accounting - A Comprehensive Study for CA/CMA/CS /ACCA/,Finance & Accounting,1280.0,4.46,238,1795
Copy this Profitable Business NO Investment Required 2020,Business,8640.0,4.17,11,52
"Top Database Bundle: MySQL, PostgreSQL, SQLite3, SQL Server",Development,8640.0,4.49,77,6782
EXCEL كيف تنظم مصروفك باستخدام الاكسل ،تعلم اكسل ونظم مصروفك,Lifestyle,1280.0,4.72,34,644
Beginning Aircraft Structures for Pilots,IT & Software,2240.0,4.14,54,254
Sales 2.0: How to Sell the Current Customer Easily,Finance & Accounting,8640.0,4.36,97,12127
THE 8 FACTORS: Gain Clarity & Grow Your Business,Business,3200.0,4.45,405,2843
The Java Course - Learn From Scratch,Development,8640.0,2.6,240,34221
How to Quickly Excel in the Basics of Excel,Lifestyle,1280.0,3.77,80,1970
How to Utilize Squidoo and Amazon to Run an Online Business,IT & Software,2240.0,3.44,3,130
Accounting for Receivables and Bad Debt,Finance & Accounting,4800.0,4.3,16,64
Sales Training: How to Turn Yourself into a Sales Rock Star!,Business,1920.0,3.71,5,167
Learn how to code in objective c for beginners,Development,1280.0,3.71,27,1605
Learn How To Use WordPress 4 in Easy Steps,Lifestyle,1280.0,4.58,3,219
Sales Training: How To Close More Sales,IT & Software,8640.0,4.41,809,4594
Learn Neo4j Database and Graph Algorithms,Finance & Accounting,8640.0,3.61,21,162
Practical Financial Statement Analysis,Business,4800.0,4.35,95,545
Python OOP : Four Pillars of OOP in Python 3 for Beginners,Development,8640.0,4.45,6255,72508
Why You Aren't Finding Success in your Online Business,Lifestyle,0.0,4.45,54,5249
Fiverr:Learn How to Rank Gig on FIVERR by Gig Ranking course,IT & Software,8640.0,4.21,8,13
Certificate Program in Financial Accounting,Finance & Accounting,3200.0,3.93,8,1063
#1 Cryptocurrency Investment Course: A Step-By-Step Guide,Business,1280.0,4.42,1614,4879
Getting Started with Windows 10 IoT Core Development,Development,2880.0,3.98,22,124
Cómo ser la voz e imagen de tu empresa,Lifestyle,1600.0,1.85,2,4
Management Consulting Essential Training,IT & Software,8640.0,4.59,788,32942
Advanced Project Management (1/4): Project Initiation,Finance & Accounting,8640.0,3.79,222,1165
Probability and Statistics - Practice Tests and Solutions,Business,8640.0,4.76,38,583
Digital Signal Processing (DSP) From Ground Up™ with MATLAB,Development,8320.0,4.12,327,1986
Reduce Your Stress,Lifestyle,4480.0,0.0,0,0
ISACA Certified Information Security Manager - Practice Test,IT & Software,1280.0,3.99,9,88
"Risk Based AML, KYC and Compliance",Finance & Accounting,6720.0,4.25,141,314
Amazon FBA: Complete Guide To Start Your Own Home Business,Business,8640.0,4.37,800,33256
Augmented Reality Project : Image Targeted Video Playback,Development,1280.0,3.61,27,158
How to Develop A Design Concept in Graphic Design,Lifestyle,3200.0,2.0,1,372
Entrepreneurship Effectuation Theory Ninja: Pro's DIY Method,IT & Software,1280.0,3.48,15,9922
How to Create Passive Income,Finance & Accounting,1280.0,3.42,44,5286
The Seven Keys to Change Success,Business,2880.0,4.08,3,16
Full-Stack Web Developer Bootcamp with Real Projects,Development,8640.0,4.04,68,389
Electronic Shorthand: Learn how to take digital notes,Lifestyle,2560.0,4.2,151,1549
Case Studies in Project Portfolio Management: Financial Sect,IT & Software,8640.0,3.57,3,21
Accounting Decoded,Finance & Accounting,1920.0,4.25,50,3362
Start a Profitable Tutoring Business - Steps to Success!,Business,1280.0,3.89,18,301
Make a Match-Three Puzzle Game in Unity,Development,6400.0,4.74,702,4256
Curso Completo de Excel para principiantes,Lifestyle,1280.0,0.0,0,2
Scala and Akka for Finance,IT & Software,8640.0,4.05,14,75
"Tableau Tips, Tricks, and Techniques",Finance & Accounting,8000.0,4.46,7,49
Trademarks: Look Up An Existing Trademark Without A Lawyer,Business,1280.0,3.61,19,1244
C++ in 6 hours : Learn C++ : Tutorial for beginners,Development,1280.0,3.66,43,7388
How To Launch A Podcast From Scratch,Lifestyle,1920.0,4.55,2,8
Best Practices in Document Management,IT & Software,4160.0,4.18,952,3009
How to find and screen tenants for your Rental Property,Finance & Accounting,1280.0,4.38,3,9
"Public Speaking, presentations - painless and powerful",Business,5760.0,4.41,238,6506
Svelte 3 | Project Course - Movie App with Svelte JS [2020],Development,4480.0,4.5,9,80
Apple Mac OS X Mavericks - Beyond The Basics,Lifestyle,3200.0,4.25,29,1151
Ethical Hacking: Man in the Middle Attacks Basic to Advance,IT & Software,8640.0,4.64,7,174
Financial Statement Analysis – Ratio Analysis,Finance & Accounting,8640.0,4.36,536,30595
Scrum,Business,8640.0,4.5,323,4067
70-532 Microsoft Azure Certification: App Services Deep Dive,Development,1280.0,2.72,106,4895
The Complete Beginner's guide to ZBrush for Games and Film,Lifestyle,1280.0,4.33,56,955
Master Your Mindset & Brain: Framestorm Your Way to Success,IT & Software,6400.0,4.55,511,3027
Introduction to Bank Accounting,Finance & Accounting,2560.0,4.39,53,4431
The Complete Sales Skills Master Class - Sales Marketing B2B,Business,8640.0,4.25,216,27104
Using ASP.Net Blazor for Absolute Beginners,Development,1920.0,3.77,17,1999
How To Get Clients For Coaches & Consultants From Home 2020,Lifestyle,2560.0,3.75,3,14
Accounting-Debits & Credits-Practice Test Questions-Bookkeep,IT & Software,1280.0,4.11,14,1443
CAPM® Certification: Detailed CAPM Math for the CAPM Exam,Finance & Accounting,2560.0,4.13,20,2384
Human Resources 101 - For Office & Practice Managers,Business,3200.0,4.84,33,155
WordPress Landing Page Design (from Basic To Advanced),Development,8640.0,4.58,80,1838
食いっぱぐれないトラベラー : airbnbで308泊した僕が教える旅ハック！,Lifestyle,8000.0,4.69,39,310
"Mathematics revision for Machine Learning, IIM CAT and GMAT",IT & Software,1600.0,2.67,91,5947
Online entrepreneurship guide,Finance & Accounting,8640.0,4.38,8,377
AWS Machine Learning Certification Exam Simulator,Business,8640.0,3.76,17,299
Memcached,Development,1280.0,3.84,11,48
Mastering Photoshop for Beginners - Logo Design Essentials,Lifestyle,1280.0,3.89,78,2158
A Guide to Ransomware Protection,IT & Software,1600.0,4.09,99,13155
Developing a business strategy using a Value Chain concept,Finance & Accounting,1280.0,3.86,14,28
"Lean Six Sigma Yellow, Green & Black Belt I go4sixsigma",Business,9920.0,4.17,606,2901
Makefile and GNU make for C / C++ Projects on Linux systems,Development,6400.0,3.65,183,1289
Discover Your Optimum Career Path with Basic Astrology,Lifestyle,8640.0,4.76,74,404
QuickBooks Advanced Customers And Receivables Transactions,IT & Software,1280.0,4.81,55,2351
Mastering QuickBooks 2014 Made Easy Training Tutorial,Finance & Accounting,1920.0,4.33,28,531
Build an online Dropshipping business,Business,2240.0,4.17,16,118
Jenkins 2 Introduction for Beginners on Mac OS,Development,1280.0,3.8,56,2292
UI/UX App Design : Designer des Applications avec Adobe XD,Lifestyle,8640.0,4.68,166,934
Microsoft Windows Server 2012 Certification - Exam 70-411,IT & Software,3200.0,4.32,553,9157
Connect the Dots: Factor Analysis,Finance & Accounting,6400.0,3.24,77,7641
Start A Solo Ad Business,Business,3200.0,4.41,34,111
Make Four Projects From Scratch:  CSS And HTML,Development,8640.0,4.77,31,5258
Sıfırdan İleri Seviyeye Perspektif Teknikleriyle Obje Çizimi,Lifestyle,2240.0,4.6,77,359
Investimento e risparmio dedicati alla famiglia,IT & Software,1280.0,3.59,5,62
"Absolute Entrepreneurship COMPLETE: Parts 1, 2, and 3",Finance & Accounting,5760.0,4.18,4,81
Econ 101: The Complete Intro to Economics For Beginners,Business,6400.0,4.0,151,3004
Unity Third Person Shooter,Development,8640.0,4.36,57,2114
"Cocktail Mastery: Mojito, Margarita, Martini Recipe & More",Lifestyle,0.0,3.91,402,7829
The special recipe to supercharge your sales conversations,IT & Software,2880.0,4.35,7,66
Real World Project Management For Beginners: Detailed Course,Finance & Accounting,6400.0,4.17,57,231
Human Resources Strategy Bootcamp,Business,6400.0,4.65,80,458
JavaScript Complete for beginners with real world Apps,Development,7680.0,4.46,51,2696
Curso Épico Fácil,Lifestyle,1280.0,5.0,3,10
GST returns-A complete study,IT & Software,1280.0,0.0,0,6
Lean Hoshin Kanri Strategic Planning & Execution,Finance & Accounting,5440.0,4.37,34,769
Comprehensive PDF (Written) Corporation Accounting Problem,Business,6400.0,3.96,3,6310
Data Science and Machine Learning with Java,Development,8640.0,4.07,27,151
"Find your dream job before everyone else, get a job faster",Lifestyle,1280.0,0.0,0,489
Systemize your business with Podio,IT & Software,1600.0,4.54,32,156
Business Networking for Success and Company Growth: Part 4,Finance & Accounting,8640.0,4.47,4,2782
Business Analysis and Solution Evaluation (IIBA - ECBA),Business,6400.0,4.12,29,7253
Real-life Ruby on Rails App From Scratch In 14 Hours (RSpec),Development,8640.0,4.38,21,9124
Sıfırdan Başarılı Youtube Kanalı ve İçerik Oluşturma Eğitimi,Lifestyle,8640.0,4.6,29,82
TRADING TACTICS,IT & Software,8640.0,4.05,46,1105
Stock Option Day Trading with Chart Pattern Trading Tools,Finance & Accounting,8640.0,4.03,311,22443
Accounting 2 Simplified for You,Business,3200.0,4.4,303,2483
Complete Java Tutorial Step by Step - become a programmer,Development,8640.0,4.47,54,312
Getting Ahead in the Unpublished Job Market,Lifestyle,2880.0,4.67,6,2158
Inteligencia Financiera y Crecimiento Personal,IT & Software,2240.0,4.64,153,407
Stock investing for beginners - Quick & Simple!,Finance & Accounting,8640.0,0.0,0,1
Customer Success | How to Put Your Customers First,Business,1280.0,4.41,1058,3522
"REST API Testing, Automation using POSTMAN",Development,1920.0,4.33,1453,7163
How to Draw Step by Step for Kids and Beginners,Lifestyle,3840.0,4.64,68,14026
Introduction to Cryptography,IT & Software,1280.0,4.35,16,1386
Управление личными финансами,Finance & Accounting,1920.0,4.56,64,174
"Economics:   Competition, Elasticity, a little Game Theory",Business,6400.0,4.05,44,2650
Intermediate iOS 10 - Advance Your Skills,Development,8640.0,4.58,88,1045
Social Media Marketing 2016 - Community Managers Secrets,Lifestyle,5760.0,2.75,11,54
GraphQL API - Automate & develop with Postman for QA & SDET,IT & Software,1280.0,4.63,5,39
Curso Prático: Aprenda a Comprar e Vender Bitcoins,Finance & Accounting,1280.0,4.77,12,208
How To Publish Videos On DTube For Cryptocurrency Rewards,Business,4800.0,4.69,20,102
Project-Based iOS 10 App Development - Build a Real App,Development,2240.0,4.58,10,1219
Crystal Energy Healing Course,Lifestyle,1280.0,4.1,9,176
Starting a Business: Plans & Partnership Agreements,IT & Software,1920.0,4.31,19,1129
How to Start an Online Business,Finance & Accounting,3200.0,4.12,22,708
Business Fundamentals: Management and HR Management,Business,8640.0,4.48,227,3135
Unity Game Tutorial: Board Game - Ludo 3D,Development,8640.0,3.92,78,362
Curso de Reiki Tradicional Usui Nível I,Lifestyle,2240.0,0.0,0,0
How to Sell Goods and Services to the Government of Canada,IT & Software,8640.0,5.0,5,31
Business Intelligence with Microstrategy 10 Analytics,Finance & Accounting,2880.0,4.3,705,2588
Look Here! Design PowerPoint Presentations Worth Watching,Business,1280.0,4.19,34,3698
Kubernetes Certified Application Developer (CKAD) with Tests,Development,8640.0,4.7,7029,46494
Astonishing scriptures on faith for incredible you,Lifestyle,3200.0,3.91,3,11
"Practical Accounting - Beginners, Founders & Business Owners",IT & Software,3200.0,4.01,11,2403
PMP EXAM PREP-Project Management Professional FULL TRAINING,Finance & Accounting,8640.0,4.44,7693,39537
Advanced Copywriting Strategies for Online Sales,Business,8000.0,4.39,465,8654
Web Hosting Made Simple. Host your own website almost FREE,Development,1280.0,3.29,12,72
Extensiones de pestañas MINK,Lifestyle,8640.0,4.25,10,22
Complete Exchange 2013 and 2016 Practical Guide,IT & Software,8640.0,4.59,831,5173
LAW: Write Draft Contracts - Settlement Agreements,Finance & Accounting,1920.0,3.16,5,23
Local Lead Generation 101: Create Monthly Passive Income B2B,Business,8640.0,4.67,509,7804
Web Design Creating websites from scratch,Development,4800.0,3.82,234,37397
Complete Facebook & Instagram Ads Course for Ecommerce 2020,Lifestyle,1920.0,4.0,1,22
Análise Técnica - Guia Essencial ( Análise Gráfica ),IT & Software,2880.0,3.54,45,125
JVZoo Affiliate Marketing Get Yourself An Army of Affiliates,Finance & Accounting,3200.0,3.83,14,1608
"Problem Solving & Decision Making: Tools, Techniques &Method",Business,4160.0,3.99,57,1580
Learn ETL Testing With Informatica PowerCenter Today,Development,8640.0,3.95,125,2686
Social Media Calendar Template! Social Media Management 2020,Lifestyle,3200.0,4.0,36,1361
Take your first steps into the world of C++ language,IT & Software,6400.0,5.0,5,161
Writing A Book: Revision,Finance & Accounting,6400.0,3.99,16,1801
Corporate Culture Should NOT be Left to Chance with Josef,Business,1280.0,3.74,5,1512
Python 3 for Beginners | Learn by Creating a Simple Game,Development,5440.0,4.28,184,15270
Autodesk Inventor (from Zero to Professional) الانفنتور,Lifestyle,1600.0,4.28,88,682
"Network Security,Firewall, VPN and CCNA tests",IT & Software,8640.0,4.06,46,3777
The Complete Guide To Update To ISO 9001:2015,Finance & Accounting,2880.0,4.58,11,50
How to Become a Corporate Leader,Business,6400.0,4.01,28,236
Azure Pipelines,Development,8640.0,2.86,10,244
Business Networking or How to Work The Room,Lifestyle,1280.0,4.23,3,13
The Ultimate SQL Tuning Formula,IT & Software,4480.0,4.29,50,230
How To Write A Business Plan with Complete Business Strategy,Finance & Accounting,4800.0,3.79,27,82
Chief Wealth Officer,Business,2880.0,4.43,5,37
Hosting Websites with Amazon Lightsail | AWS for 2020,Development,8640.0,4.3,264,1690
Bootstrap 4 Beginners Guide Bootstrap 4 Rapid Web Design,Lifestyle,6400.0,3.78,90,8145
CompTIA Linux+ (LPIC-1 Exam 101),IT & Software,1280.0,3.26,9,1722
The Advanced Forex Course for Smart Traders,Finance & Accounting,0.0,4.2,888,31828
Building a Foundation for Leadership Success,Business,8640.0,4.21,9,511
How To Become An Outstanding Solution Architect,Development,7680.0,4.24,2919,17273
Increase Revenue From Website Visitors Using Link Redirectio,Lifestyle,8640.0,3.35,63,20147
Consolidated Financial Statements under IFRS,IT & Software,1280.0,3.91,5,18
"Intro to T-Accounts, Debits and Credits, and Trial Balances",Finance & Accounting,4800.0,4.61,12,40
MongoDB Administration,Business,8000.0,4.0,219,1167
Projects in Laravel: Learn Laravel Building 10 Projects,Development,3200.0,4.24,1133,4968
Blender Temelleri - Blender 2.8x,Lifestyle,1280.0,4.7,342,962
Wholesale Real Estate Fundamentals (COVID-19 Addition),IT & Software,8640.0,4.55,8,40
Why Craigslist is better than eBay Sell Safely on Craigslist,Finance & Accounting,1280.0,4.38,29,2695
Culture | How to Motivate your Team,Business,1920.0,4.07,226,1832
Welcome To Game Design - Game Design Canvas And Document,Development,1600.0,4.11,27,1346
Effective Email Communication: Enhancing Your Voice at Work,Lifestyle,2560.0,4.2,1828,12315
EXIN Privacy & Data Protection Essentials: Exam Simulator,IT & Software,1280.0,3.96,3,4
Trading Basics in 30 minutes,Finance & Accounting,3200.0,0.0,0,2
Finance to accelerate your startup,Business,1280.0,3.86,81,9649
Complete PHP School System Using CodeIgniter Framework(2020),Development,1280.0,4.42,289,1049
Why I Write: Embrace the Power Within & Write Like Orwell,Lifestyle,6400.0,4.29,8,97
Basics | How to Buy & Sell Cryptocurrency - Binance Exchange,IT & Software,4800.0,4.25,91,12239
Getting Started with Cryptohopper,Finance & Accounting,1280.0,4.56,113,345
Volume Analysis: The Volume Analysis Course for Trading,Business,8640.0,4.03,8,179
Build your first mobile game for iPhone Swift/iOS having fun,Development,8640.0,4.41,12,148
Self Confidence and Fear :Become More Confident and Fearless,Lifestyle,4800.0,0.0,0,1
Leadership Training – Master NLP and Become a Student Magnet,IT & Software,7360.0,4.14,17,1420
Construction Procurement Masterclass,Finance & Accounting,6080.0,5.0,4,7
Sales Management for Present and Future Entrepreneur,Business,8640.0,2.07,3,1447
The Complete Swift Guide for IOS 8 and Xcode 6,Development,3200.0,4.71,13,880
Create a Getting Things Done System & Increase Productivity,Lifestyle,1600.0,4.15,36,1288
Wholesaling Real Estate in 30 days step by step,IT & Software,6400.0,4.22,108,690
Python For Accountants | AccountingPy | Accounting,Finance & Accounting,6400.0,0.0,0,5
B2B Sales Skills Essentials from a Sales Professional,Business,1280.0,3.87,14,80
OOP Java Object Oriented Programming for beginners Projects,Development,7680.0,3.8,85,1677
Afiliado orgânico expert- venda rapido marketing digital,Lifestyle,4800.0,4.65,371,1880
PMP Preparatory Full Course - 35 PDUs,IT & Software,3200.0,4.53,36,494
CPA 101: How To Master Affiliate Marketing In No Time,Finance & Accounting,6400.0,2.44,99,11542
Delegation Mastery: Increase Productivity & Hit Your Goals!,Business,8640.0,4.39,831,8098
MVVM in WPF Survival Guide From A to Z,Development,2880.0,3.91,480,2826
Photoshop Soberano - Tratamento e composição de imagens,Lifestyle,8640.0,4.34,36,229
Preparatório ANBIMA CPA 10 - Conteúdos relevantes em provas,IT & Software,4480.0,3.99,5,24
Using Xero for your bookkeeping needs  do beautiful business,Finance & Accounting,6080.0,3.33,19,89
Intermediate Options trading concepts for Stocks and Options,Business,3200.0,4.33,67,2216
Mastering JavaScript,Development,6080.0,3.87,71,888
OneNote - Organize suas anotações,Lifestyle,1280.0,4.29,47,230
Forex Trading Mastery: Clear Mindset Focus On Profit Vol. 3,IT & Software,8640.0,3.8,31,1227
SAP FICO ACCOUNTS PAYABLE,Finance & Accounting,1280.0,3.13,35,194
Airbnb - get more bookings of 30+ days [full guide],Business,6400.0,4.36,21,119
Kivy Bootcamp : Build 15 Project,Development,1600.0,3.36,99,1710
Complete ZWCAD Course,Lifestyle,1280.0,3.64,7,28
Threat and Vulnerability Assessment for Enterprises,IT & Software,8000.0,4.11,31,208
Introducción a las Opciones Financieras y su Operación,Finance & Accounting,6400.0,4.94,12,36
Improving Team Engagement Program for Managers,Business,1600.0,3.82,3,12
Learn to build an Auth0 App using Angular 2,Development,1920.0,4.25,14,119
Microsoft Excel 2011 for Mac Tutorial - Learn The Easy Way.,Lifestyle,3200.0,3.95,130,24926
Microsoft 365 Administration (Exam 70-346),IT & Software,4160.0,4.55,4474,15583
Trading pour le moyen terme: Stratégie incluse,Finance & Accounting,8640.0,5.0,1,47
FOREX Currency Trading For Beginners,Business,1600.0,4.13,8,59
NLTK: Build Document Classifier & Spell Checker with Python,Development,3200.0,4.27,151,774
You can draw... Christmas!,Lifestyle,1920.0,5.0,4,43
Curso-Taller Inventarios bajo la NIIF PYMES 2015,IT & Software,1920.0,0.0,0,0
Crowdfunding Training Course: Everything You Need to Know,Finance & Accounting,1600.0,5.0,3,3
The Complete Shopify Making Money Selling E-books Course.,Business,2880.0,2.63,27,8959
.NET Core Microservices,Development,8000.0,3.91,989,4186
Learn Easily Practical NLP Techniques That Actually Work!,Lifestyle,2880.0,0.0,0,2
How to RedBubble,IT & Software,4480.0,3.88,15,37
Investing in stocks: Avoid stock market loss,Finance & Accounting,8640.0,4.06,21,1183
"Investment Appraisal Mastery - NPV, IRR, Payback, PI, ARR",Business,6400.0,4.74,175,860
"Build Ajax Web Apps with Laravel 5.2, Bootstrap and jQuery",Development,6400.0,3.72,185,1279
"Be Happier Now, Easy Tips to Finding Joy Every Day",Lifestyle,1600.0,4.75,4,24
The Go-Getter’s Guide To Team Hiring,IT & Software,1280.0,3.51,14,1987
Trading Portfolio Expert Advisors + 100 EURUSD Strategies,Finance & Accounting,8640.0,4.89,105,568
Shopify Dropshipping - Make 2k a day with consistent profit,Business,8640.0,4.83,4,47
Blazing-Fast Vue and GraphQL with Gridsome,Development,1920.0,4.36,173,835
Adobe Illustrator CC for beginners create custom brushes,Lifestyle,3520.0,5.0,3,10
Pratique pour l'examen | Professionnel Certifié en Bitcoin,IT & Software,1280.0,0.0,0,1
Aprenda toda teoria e prática sobre Tesouro Direto,Finance & Accounting,1280.0,0.0,0,1
Bounce Back From Failure & Turn Conflict into Collaboration,Business,1280.0,4.22,559,1793
A Complete Guide to ArcGIS: 4 in 1,Development,8640.0,4.27,53,275
"Realistic Vector Art Principles (Affinity,Adobe Illustrator)",Lifestyle,8640.0,4.98,55,288
70-461 Session 7: Querying Microsoft SQL Server (SQL code),IT & Software,3200.0,4.78,27,332
Best Leadership & Management Training Course,Finance & Accounting,8640.0,4.16,106,9724
How to Write a Nonfiction Book That Actually Sells,Business,6400.0,4.48,362,8725
C++ Programming In Ubuntu,Development,6400.0,4.46,30,6871
Chakra Mirror Technique: Phase 1 & 2 by Antojai®,Lifestyle,8640.0,4.65,98,577
How to Start a Business Selling on eBay with Dropshipping,IT & Software,6400.0,3.27,358,31637
Herkes İçin Teknik Analiz - Grafiklerle Uygulamalı Eğitim,Finance & Accounting,1920.0,4.58,183,583
Upwork Success Intensive: Guide to Freelancing on Upwork,Business,3200.0,4.03,8,588
Python Fundamentals,Development,6400.0,4.14,369,10067
Darkest Secrets to Improve Your Luck,Lifestyle,8640.0,5.0,6,13
Preparing Financial Statements for Auditors,IT & Software,4800.0,3.0,2,24
Finanças Pessoais e Planejamento,Finance & Accounting,1920.0,4.5,1,5
Ways To Effectively Manage a Property Portfolio,Business,8640.0,4.36,80,5494
ML Web Apps to Change the World - Predicting Life Expectancy,Development,1600.0,4.42,26,4999
Business Blogging On Steroids,Lifestyle,2240.0,3.76,11,352
Salesforce Platform App Builder Practice Tests SPRING '20,IT & Software,1280.0,3.53,15,1128
Planning Your Finances Right Out of College,Finance & Accounting,1280.0,0.0,0,0
A Beginner's Guide to Business Intelligence,Business,1280.0,3.88,5,20
The Complete iOS Development Course. Swift Programming A-Z,Development,8640.0,4.65,517,3025
Microsoft PowerPoint 2016 Basic Level,Lifestyle,0.0,4.4,108,3145
Google Sheets: Make a Savings Goal Calculator - Week & Month,IT & Software,1280.0,0.0,0,0
How a Building is Designed and Built - Part 2 of 6,Finance & Accounting,9600.0,4.6,202,1274
Financial Risk Manager (FRM) Certification: Level II,Business,3200.0,3.53,24,222
Basic Statistics and Data Mining for Data Science,Development,8000.0,3.84,22,166
Mechanical design and Product development process,Lifestyle,4800.0,4.41,213,803
CCNA 2020 - CCNA 200-301 exam - a complete guide - Cisco,IT & Software,2240.0,4.54,952,5338
How To Create A 5 Figure Writing Business- 2020. ZERO SKILLS,Finance & Accounting,3520.0,4.3,103,13456
Sales Recruitment Training Motivation and Evaluation,Business,6400.0,3.73,7,11
Java Programming - advanced,Development,1920.0,4.31,11,1647
Learn Email | Gmail -Urdu,Lifestyle,0.0,4.23,32,815
Green Screen Videos for Beginners using Camtasia Greenscreen,IT & Software,1600.0,3.75,19,1036
Personal Finance Bootcamp: Easy Guide to Build Wealth,Finance & Accounting,8640.0,3.28,6,14
Fundamentals of Data Analysis for Big Data,Business,3200.0,4.16,247,1311
.NET/C# Beginners Bootcamp,Development,8640.0,3.5,28,458
IELTS Writing Task 2 Intensive Course (Band 7+),Lifestyle,3840.0,5.0,6,44
Become a Blockchain Expert (BE I) | Bitcoin & Cryptocurrency,IT & Software,8640.0,4.56,226,1173
Aprenda a operar na bolsa de valores em menos de 3 horas!,Finance & Accounting,2880.0,0.0,0,1
Build a Fitness|Nutrition Online Business Working from Home,Business,8640.0,4.62,41,369
Apache Kafka Series - Kafka Connect Hands-on Learning,Development,8320.0,4.59,2423,19305
Social Media Marketing for Creative Entrepreneurs,Lifestyle,3200.0,4.1,34,165
Financial Modeling for Corporates,IT & Software,4800.0,3.95,126,586
Complete Financial Modeling for Project Finance in Excel,Finance & Accounting,8640.0,4.5,237,803
Business Success - Business Planning is Not Rocket Science,Business,1600.0,4.77,10,858
"How to do more with MIT App Inventor 2, Thunkable or Kodular",Development,4480.0,4.12,31,164
Book Review Avalanche,Lifestyle,1280.0,0.0,0,9
"Investigator Ethics for the PI, Consumer and Client",IT & Software,1600.0,4.01,53,2055
Terms for Binary Options Traders,Finance & Accounting,1280.0,1.76,2,1912
Relationship Marketing for your Coaching Business,Business,8640.0,4.73,11,190
C# Basics for Beginners : C# Programming & .NET for Projects,Development,8640.0,4.26,9,116
Typography Logo Design 4 Photography Business Design Theory,Lifestyle,8640.0,3.65,34,10557
Risk Management PMI-RMP Real Practice Exams,IT & Software,8640.0,4.8,663,2082
Prepara tu mente para la abundancia,Finance & Accounting,3200.0,4.58,6,65
"SharePoint 2016: Architecture, Deployment and Security",Business,8000.0,4.31,42,243
Learning Doctrine The Easy Way!,Development,3200.0,4.1,69,452
"What helped me achieve Success, SFS model (Certificate)",Lifestyle,1280.0,4.08,7,845
Android OS Internals / AOSP Mobile Development /2020 Edition,IT & Software,1280.0,3.61,26,90
ISO 37001. Anti-bribery management system.,Finance & Accounting,2560.0,4.46,126,275
Complete Amazon FBA Wholesale Course|Become an Expert Seller,Business,1280.0,4.48,70,2685
Develop a Shopping Cart Website with Django 2 and Python 3,Development,6400.0,4.2,340,1392
Design Beautiful Thumbnails for YouTube Videos - Adobe XD,Lifestyle,6400.0,0.0,0,0
Quickbooks Basic to Advance Training Course in Hindi Urdu,IT & Software,7360.0,4.22,57,185
QuickBooks Online For An Amazon Merchant Store,Finance & Accounting,0.0,3.96,8,1016
Making & Compounding Profits in Forex trading,Business,4480.0,4.27,8,59
Learn JavaScript the fun way by developing a clicker game,Development,6400.0,4.47,18,2742
Zoho CRM User: Learn How to Master Sales Process Workflows,Lifestyle,0.0,3.95,184,4719
Mastering Python Networking,IT & Software,8640.0,4.21,19,172
Master Sales Training,Finance & Accounting,2560.0,3.83,32,287
Freelance Mindset - Become an Unstoppable Freelance Force!,Business,8640.0,4.66,35,245
Object Oriented Programming Bootcamp 2020 -  OOP in Python 3,Development,1280.0,4.18,46,3800
How to Digitally Paint -- Paint with Manga Studio 5,Lifestyle,6080.0,4.25,149,2060
Security Analysis and Portfolio Management,IT & Software,1280.0,3.5,2,2
GST/HST for Canadian Small Businesses,Finance & Accounting,0.0,3.82,20,341
Customer | At Your Service,Business,1280.0,4.2,43,233
Data structure crash course,Development,1600.0,3.98,17,3006
Learn Affiliate Marketing Fast - New PPV Video Course,Lifestyle,6080.0,4.21,3,13
How to Buy a Home: Expert Advice on the Whole Buying Process,IT & Software,1280.0,3.71,8,55
Understanding Yourself and Others Through Myers-Briggs®,Finance & Accounting,4800.0,4.24,328,1856
"Call Center, The Essential guide",Business,2560.0,3.35,54,139
web development for beginners,Development,1280.0,4.24,345,15665
Master Dèng Mèngjié‘s Chinese painting lesson B,Lifestyle,1280.0,5.0,1,33
IBM QRadar Administration,IT & Software,1280.0,2.4,4,22
The Fundamentals of Risk-Based Auditing,Finance & Accounting,6400.0,3.76,53,206
PRINCE2 Foundation Practice Certification Exams (6 Exams),Business,6400.0,4.39,640,6450
Angular/Python - Recommender system,Development,8640.0,3.67,40,2831
Blender For Beginners + Learn to Create A Cartoon Character,Lifestyle,7040.0,3.66,31,14613
Collections in Python [Exercises],IT & Software,1280.0,4.28,3,46
Curso Completo de Análise Técnica Gráfica - Teoria e Prática,Finance & Accounting,8640.0,4.48,2,17
PMP: The Complete PMP Course & Practice Exam PMI PMBOK 6 '20,Business,8640.0,4.37,721,5166
SQL server - from setup to execution,Development,2240.0,4.04,155,19836
الرخصة الدولية لقيادة الكمبيوتر - برنامج معالج النصوص Word,Lifestyle,1280.0,0.0,0,0
Start-up Business Financials: Forecasting Made Easy!,IT & Software,3200.0,3.74,79,3488
Crea tu propio fondo de pensiones y retírate joven,Finance & Accounting,0.0,4.27,290,8357
Fashion Brand Launch: Sourcing and Manufacturing,Business,3520.0,2.88,28,779
Learn Drupal 8 - With a Live Project,Development,2560.0,3.93,48,2133
How To Grow Your Local Business With Facebook,Lifestyle,8640.0,4.36,181,13867
Job Interviews - Prepare for Success,IT & Software,3200.0,4.2,40,5031
Basics of financial model for Start-up businesses,Finance & Accounting,1280.0,0.0,0,5
Google Analytics 45-Minute Crash Course,Business,8640.0,3.89,15,115
Typescript Async/Await in Node JS with testing,Development,1600.0,3.57,36,718
Flowery shoes gouache painting,Lifestyle,1280.0,0.0,0,2
Learn Pro Forex Trading in 3 Days - Master Program,IT & Software,1280.0,2.79,5,777
عينة من دورة تحرر من الأخطاء التي تمنعك من الاستثمار,Finance & Accounting,1280.0,2.82,13,252
Options Trading for Rookies:  Understand Options Completely,Business,8640.0,4.69,2541,13284
Restful API Development with Spring Boot + JPA + Cloud,Development,8640.0,4.21,59,3977
Advanced Video Marketing for Beginners | Video Marketing Ads,Lifestyle,6400.0,4.05,94,15218
"Anyone can understand Blockchain, Bitcoin and Crypto!",IT & Software,7680.0,4.74,102,450
Curso Completo de Opciones Binarias: Estrategias 90% Acierto,Finance & Accounting,5120.0,3.92,132,607
Provident fund - Basics (India),Business,1600.0,4.27,11,17
SharePoint for Developers: Building Hosted Add-Ins,Development,8000.0,3.99,85,623
Thawing the Inner Family of Self,Lifestyle,3200.0,3.59,14,174
Excel Pivot Tables Data Analysis Master Class,IT & Software,5440.0,4.43,82,675
Personal Finance: How to Get More Mileage Out of Your Bucks!,Finance & Accounting,1600.0,4.37,24,886
All Aspects of Recruitment and Human Resource Management,Business,1280.0,3.87,72,342
MapReduce Architecture for Big Data,Development,1280.0,3.0,51,11545
Google Analytics (Beginners & Advanced): Fast Track Training,Lifestyle,2240.0,0.0,0,1
IDA Pro 3 Hours Primer,IT & Software,6400.0,4.5,11,111
ISO 9001:2015 Transition Training Course,Finance & Accounting,9280.0,4.49,1227,4120
Interpreting Financial Statements,Business,1280.0,3.84,125,1892
Intro To Ruby Programming,Development,8640.0,4.72,213,1720
Google My Business Pro - Nuovi clienti a costo ZERO!,Lifestyle,3200.0,5.0,1,8
Declaração do IRPF 2020 - INTERMEDIÁRIO,IT & Software,4800.0,0.0,0,0
How To Write 1 Book In Under 6 Hours,Finance & Accounting,2560.0,4.17,225,21809
How to Start Your Own Podcast the Easy Way & Grow,Business,1280.0,4.2,13,1568
DRUPAL TUTORIAL: Drupal 8 Beginner to Advanced in 8 PROJECTS,Development,8960.0,4.34,1437,6592
Master Common Interview Questions to Help Land Your Next Job,Lifestyle,1280.0,4.36,45,1049
Playing Catch: Pitch Perfect Presentations for Entrepreneurs,IT & Software,6080.0,4.41,3,27
Project Management Office (PMO) Setup Guide,Finance & Accounting,6400.0,3.94,135,417
"Selling by Email - Build Your Business, Close the Deal",Business,8640.0,4.07,60,11848
Power Your Business with Artificial Intelligence,Development,8640.0,4.2,14,95
Keep Your Word - The 7 Day Challenge,Lifestyle,3200.0,5.0,1,13
BASICS OF GST,IT & Software,1280.0,3.73,5,17
Bolsa de Valores Para o Investidor Sério,Finance & Accounting,1920.0,0.0,0,1
Salesforce 101: Introduction to Salesforce,Business,1600.0,4.4,2935,20336
Neo4j : A NOSQL database from scratch,Development,8640.0,3.31,22,243
106: Irreducible Complexity and Thermodynamics,Lifestyle,1600.0,4.6,8,149
Libertad Financiera en 7 pasos + Estrategias de Inversión,IT & Software,6400.0,4.08,3,12
Building a Digital Business Strategy,Finance & Accounting,2560.0,4.23,1058,3925
Business Fundamentals For Small Startups Entrepreneurs.,Business,3200.0,4.42,45,16086
How to automate and develop applications using Autoit,Development,1600.0,4.62,197,12175
Successful Parenting by understanding the face and emotions,Lifestyle,1920.0,5.0,1,1
The Complete List Building Course: All Levels,IT & Software,8640.0,4.43,539,35553
Understanding Worker Classification Crash Course,Finance & Accounting,4800.0,4.38,76,299
"Format MS Word for Amazon Kindle, Get Beautiful Ebooks",Business,6400.0,4.63,93,1676
Modern web development course: beginner to advanced,Development,8640.0,3.86,512,23226
FREE Course: Facebook Ads For Ecommerce & Dropshipping 2020!,Lifestyle,0.0,4.17,43,2396
ICBB IASSC Certified Lean SixSigma Black Belt | 2020 Exam,IT & Software,1920.0,3.59,13,1211
Strategic Performance Management - Tome 2: Managing teams,Finance & Accounting,4800.0,3.86,24,223
Step by Step GDPR Compliance for Non-EU Based Small Business,Business,1280.0,4.27,21,723
Internet of Things using Augmented Reality in Unity IoTAR,Development,8640.0,3.5,122,2567
The Unstoppable Self-Confidence & High Self-Esteem Blueprint,Lifestyle,8640.0,3.89,13,2165
Start Using Wireshark to Hack like a Pro,IT & Software,2560.0,4.32,2483,13019
Create B2B Sales Cold Calling Scripts & Value Propositions,Finance & Accounting,8640.0,4.62,569,2334
The Complete Lifestyle Design & Digital Nomad Course,Business,8640.0,3.64,25,5639
"Learn PHP 7, MySQL, Object-Oriented Programming, PHP Forms",Development,6400.0,4.37,349,1729
كيف تصنع فيديوهات خبرية بالأفترإفكت,Lifestyle,4800.0,4.92,9,41
The Complete Communication Skills Master Class for Life,IT & Software,10240.0,4.33,9196,62384
Accounting & Financial Statement Analysis: Complete Training,Finance & Accounting,8640.0,4.57,6195,37953
Luxury Travel Advisor | The Ultimate Lifestyle Business,Business,8640.0,4.13,19,67
Adobe Muse CC Course - Design and Launch Websites,Development,1280.0,4.39,238,2628
The Complete Mindfulness Course - Enjoy Life In the Present,Lifestyle,8640.0,4.37,383,35074
Trading con Patrones Clásicos del Precio,IT & Software,1280.0,0.0,0,3
Negotiation Fundamentals,Finance & Accounting,3200.0,3.43,4,69
Online Business How to Attract and Land Your Dream Customers,Business,6080.0,4.77,9,88
Create A New Tab Override Chrome Extension,Development,1280.0,4.48,16,81
Kurs Microsoft Office 365 - od Podstaw do Eksperta,Lifestyle,5120.0,3.81,62,462
How to complete your Real Estate Investing Docs,IT & Software,2240.0,4.3,42,745
Analizar índices y KPI Financieros con Business Intelligence,Finance & Accounting,1280.0,3.93,29,320
ISO/IEC 17025: 2017 - Basic Understanding - made easy,Business,1920.0,4.47,25,50
"Python Tips, Tricks and Techniques",Development,8000.0,4.11,31,180
Chapter3/4:  All the Yellow Tea and White Tea in China,Lifestyle,1600.0,0.0,0,6
Budget LikeAPro,IT & Software,8640.0,0.0,0,3
Evolution and Features of ETFs,Finance & Accounting,6400.0,0.0,0,0
A Complete Guide to Becoming a Trader on the Forex Market,Business,1600.0,4.14,18,591
Creating a Responsive HTML Email,Development,1280.0,3.86,684,4324
Definição de Cachos Permanentes,Lifestyle,12800.0,4.75,2,2
Learn How To Budget - Personal budgeting made easy,IT & Software,1600.0,4.54,1249,4649
Coaching for Peak Performance,Finance & Accounting,1920.0,3.82,6,15
People Skills. How people tick & how to read them instantly!,Business,4800.0,4.35,976,3291
HTML5 - Background Processes with Web Workers in Depth,Development,1280.0,2.98,13,129
The Money School- Understanding Money Basics,Lifestyle,1280.0,3.26,5,20
Identifying Procurement Fraud Risk,IT & Software,3200.0,4.6,10,27
Shopify Sales Funnels for eCommerce + Facebook Advertising,Finance & Accounting,8640.0,4.1,47,4741
How to Control Your Costs and Increase Profitability,Business,1600.0,4.0,19,277
How To Setup a Micro-Blog in 3 Easy Steps,Development,3200.0,3.61,24,6933
The Ultimate Realistic Portrait Drawing with Charcoal Pencil,Lifestyle,8640.0,4.87,8,109
Credit Risk Analysis,IT & Software,1280.0,4.21,185,732
SQL Server 2016 – Maintenance and Automation,Finance & Accounting,8000.0,4.59,18,150
Pitch Deck Design: Raising Startup Capital,Business,2240.0,4.22,93,1447
WebServices/API Testing by SoapUI-Groovy|Real-time API|23+hr,Development,8640.0,4.04,795,4063
Land That Awesome Sales Job and Get PAID!,Lifestyle,4800.0,4.18,4,1389
Unlock the story from data,IT & Software,5760.0,3.58,90,310
Certified Quality Engineer Training,Finance & Accounting,8960.0,4.46,694,2680
The Complete SQL Bootcamp 2020: Go from Zero to Hero,Business,8640.0,4.68,78006,295509
Learn Reinforcement Learning From Scratch,Development,8640.0,4.1,28,191
Tutorial to Create Your Own Website,Lifestyle,1280.0,3.91,10,3554
Business Ethics: How to Create an Ethical Organization,IT & Software,1920.0,4.22,113,330
S Corporation Income Tax - Form 1120S,Finance & Accounting,8640.0,4.33,41,7054
Awaken the Accountant in You | Master the Accounting Basics,Business,8640.0,3.49,279,5335
HP-UFT 12.0 Automation,Development,3200.0,4.34,1715,17978
Planejamento de conteúdo para Mídias Digitais com Photoshop,Lifestyle,1280.0,4.6,106,452
Intro to Quantitative Methods for Level 1 CFA® Exam,IT & Software,1920.0,0.0,0,13
Innovation Kickstart,Finance & Accounting,6080.0,3.46,10,1539
Freelancing for FREEDOM!,Business,1280.0,4.31,5,320
Jumpstart with NodeJs Streams,Development,1280.0,4.11,26,503
Photoshop essentials in 90min plus workshops,Lifestyle,1280.0,4.18,20,4371
MikroTik RouterOS Hardening LABS,IT & Software,1280.0,4.51,219,1392
Entrepreneurship for Noobees,Finance & Accounting,1280.0,3.98,28,5014
Kingdom Finance & Multiple Streams of Income,Business,6400.0,4.59,20,660
Master JavaScript from Scratch (with jQuery and React JS),Development,1280.0,3.22,428,17714
Learn Fashion and Personal Styling,Lifestyle,6400.0,4.41,24,64
Organizational Design,IT & Software,1920.0,4.24,251,4586
Building Excel-Based Integrated Financial Models,Finance & Accounting,3200.0,3.94,13,49
Training Design for Behavior Change,Business,6400.0,3.45,4,19
Linux  Bash Scripting,Development,1280.0,3.29,34,2994
Marketing estratégico para empresas,Lifestyle,4160.0,1.0,1,2
The Power BI Masterclass - Additional Tips and Tricks,IT & Software,6400.0,4.62,13,160
Journalism Skills for Beginners,Finance & Accounting,1280.0,4.26,114,487
Elliott Wave Theory: Trade the Elliott Wave Theory from A-Z,Business,8640.0,4.22,62,335
ASP.NET MVC Crash Course™ 2020 - Hands-on ASP.NET MVC,Development,1280.0,3.83,13,2757
Curso de AutoCAD | Como Fazer Uma Planta Baixa Passo a Passo,Lifestyle,8640.0,4.84,71,472
Master Your Mac Security  macOS Complete Security Guide!,IT & Software,8640.0,4.21,35,221
How to Get Your Class A CDL and Become a Truck Driver,Finance & Accounting,1280.0,3.72,7,353
Swing trade stocks and forex with the Ichimoku Cloud,Business,2240.0,3.52,94,1297
Learn to code with Python from scratch.,Development,8640.0,4.19,22,219
Movavi Video Editor,Lifestyle,0.0,3.98,3,301
Oracle Hyperion Planning 11 Certification Practice Test,IT & Software,1920.0,2.69,7,1642
利益最大化メソッド「財務戦略研修【基礎編】」,Finance & Accounting,5760.0,0.0,0,1
Agile and Scrum: Understanding the basics easily,Business,1280.0,3.12,53,1239
Build Your Own Self-Hosted Dropbox in less than 2 hours,Development,1280.0,3.72,15,723
The Secrets That Create Better Communication Together,Lifestyle,6400.0,4.81,10,320
Raspberry Pi for Beginners 2020 Edition (Mac+PC),IT & Software,1280.0,3.16,10,52
Accounting–Subsidiary & Special Journals–Practice Test Quest,Finance & Accounting,1280.0,0.0,0,295
Things To Do Before You Open Your Etsy Shop,Business,6400.0,4.74,13,580
JavaScript 2018: Modern Approach,Development,2240.0,3.38,207,951
"Cómo Dibujar un Ojo Realista a Lápiz Fácil, Dibujo Artístico",Lifestyle,2560.0,3.96,58,269
"Java 3000: SQL & SQLite, Part II (SQL3)",IT & Software,2240.0,2.66,4,1009
How to build successful project strategy,Finance & Accounting,2560.0,4.13,63,7190
Master Business Etiquette & Social Skills Essentials,Business,4480.0,4.64,16,77
Adobe Illustrator CS ACE Exam - Practice Tests,Development,1280.0,2.99,9,43
Learn Adobe Photoshop CC and CS6 Basics from Scratch,Lifestyle,2560.0,4.35,20,399
A process into  Domain investing,IT & Software,1280.0,0.0,0,0
101 Hypnosis Downloads Get The Life You Desire with Hypnosis,Finance & Accounting,9280.0,4.15,128,8400
Doing Well by Doing Good,Business,8640.0,4.34,8,65
Android App & Game Development :Build 6 Android Apps & Games,Development,3200.0,4.12,58,1278
Body Language for Entrepreneurs,Lifestyle,8640.0,4.62,7458,50889
GIS & QGIS Level 1: Fundamental of QGIS (3.8 Version),IT & Software,8640.0,3.83,66,214
Complete Financial Modeling & Analyst,Finance & Accounting,6400.0,3.55,52,229
Introduction to Book Keeping and Basic Accounting,Business,1280.0,3.66,43,890
Hands On Spring Boot Course - Build a FinTech App,Development,3200.0,4.41,16,124
Marketing Digital Mobile - Sua marca através do celular,Lifestyle,2560.0,4.0,1,15
NCH Express Accounts Software,IT & Software,2560.0,3.57,5,16
How to Succeed on Fiverr by Doing Freelance Work,Finance & Accounting,3200.0,3.68,117,6044
ACCA: AA (F8) - Audit and assurance,Business,6400.0,4.21,75,383
PHP & MySQL For Beginners,Development,1280.0,3.12,210,15516
"Prepare for job interview in English,Pass your job interview",Lifestyle,5120.0,0.0,0,0
Applied ISO14971 Medical Device Risk Management,IT & Software,8640.0,4.39,235,588
Launch Your Home Business - Online Business Ideas Course,Finance & Accounting,1280.0,3.98,26,545
Etsy 101: How to create Geofilters to sell on Etsy,Business,8640.0,4.77,5,38
Learn R Programming For Machine Learning and Data Science,Development,8640.0,3.42,91,11723
Kurs Microsoft Word 2016 - od Podstaw do Eksperta,Lifestyle,1920.0,4.39,51,188
Cisco OSPF Practical Labs 2020- Basic to Advanced,IT & Software,1280.0,4.36,84,846
Ace the MBA Application!,Finance & Accounting,3200.0,4.39,25,161
Do Your Own Accounts,Business,3200.0,4.59,21,168
Learn by Doing: Vue JS 2.0 the Right Way,Development,6080.0,4.29,382,1779
Deep Dive into the Planets in Astrology,Lifestyle,8640.0,4.66,3,33
FINANCE BOOT CAMP FOR ENTREPRENEURS,IT & Software,12800.0,4.52,10,1509
Dein Weg zu mehr Geld und finanzieller Freiheit,Finance & Accounting,5760.0,4.36,5,63
Inclusive Leadership: Working with Equality and Diversity,Business,8640.0,4.37,661,2531
Jira - Agile Project Management 101 -Bonus Basecamp Project,Development,6080.0,3.91,76,1788
Fabulous Fringy Updo hairstyles anyone can do!,Lifestyle,1280.0,0.0,0,50
CentOS Linux Administration,IT & Software,7680.0,4.09,25,916
Primavera Risk Analysis,Finance & Accounting,6400.0,4.36,109,516
Algorithmic Trading In Forex: Create Your First Forex Robot!,Business,8640.0,4.57,2895,20072
Oracle Certification: Mastering Java for Beginners & Experts,Development,8640.0,4.09,1029,55510
Mobile Game Development with Flash CS6 and ActionScript 3.0,Lifestyle,2560.0,4.62,4,45
The complete Splunk Beginner,IT & Software,1280.0,4.01,18,144
TOP-NOTCH Trend Based Fibonacci Trading Extension Learning,Finance & Accounting,1280.0,3.59,25,5186
Stock Option Day Trading with Chart Pattern Trading Tools,Business,8640.0,4.03,311,22443
React - Mastering Test Driven Development,Development,6400.0,4.48,1374,7510
7 Creative Leadership Skills that Drive Change,Lifestyle,0.0,4.38,2523,43709
BIM Mastering Geometry on Revit with Dynamo Samples and Uses,IT & Software,4160.0,4.44,96,827
Foundations in data analysis: techniques to unlock insights,Finance & Accounting,2880.0,4.0,12,61
Working the Crowd: Know the Fundamentals,Business,2240.0,4.25,50,315
Introduction to Shaders in Unity3D with Shader Graph,Development,1280.0,4.36,47,351
Facebook Marketing & Ads Mastery 2020,Lifestyle,1280.0,3.35,67,7837
The Trading Academy Trading Course,IT & Software,8000.0,0.0,0,2
Fiverr for Beginners Secret Tricks - Fiverr Ultimate Guide,Finance & Accounting,1280.0,3.78,25,80
Learn this Killer Sales Process and Close Massive Deals Now!,Business,4800.0,3.35,42,3206
Learn Coding: C++ & Python,Development,7040.0,4.04,30,2171
Photoshop 2020 - The Ultimate Beginner's Course,Lifestyle,3200.0,5.0,6,30
How Do I Fight a DUI charge? Attorneys and Lawyers in Canada,IT & Software,6400.0,4.88,13,42
CIPS Level 4 Diploma: Commercial Contracting (L4M3),Finance & Accounting,1600.0,4.22,9,40
"Spiritual Insights for Businesses, Leaders and Entrepreneurs",Business,1920.0,4.67,49,704
Artificial Intelligence - Getting started with AI and ML,Development,1600.0,3.73,26,128
Mastering Time Management For a Successful Person 2019,Lifestyle,3200.0,0.0,0,3
הביטקוין לא לבדו - מטבעות וירטואלים נוספים,IT & Software,1280.0,0.0,0,0
ACCA Financial Management (FM),Finance & Accounting,4800.0,4.66,9,78
Internet of Things Business Impact,Business,3200.0,4.32,240,1267
Complete Angular Course: Go From Zero To Hero,Development,8640.0,2.12,106,23253
FAA Part 107 Exam Prep with Quizlet and PDF Study Materials,Lifestyle,1280.0,4.33,5,23
Introduction To Microsoft Azure: Virtual Machines (IaaS),IT & Software,1280.0,3.22,22,1657
Create and sell animated videos in minutes using PowerPoint,Finance & Accounting,8640.0,3.74,214,3406
Make Living Working from Home with 120 Real Companies,Business,3200.0,2.26,3,33
Programming in C - The Complete Course,Development,4800.0,4.38,925,4168
Estructura del plan de Social Media,Lifestyle,1280.0,3.52,3,6
"Legalidad y fiscalidad de Blockchain, Fintech, Criptomonedas",IT & Software,1920.0,3.87,12,62
Technical Analysis Fundamentals: Reading Stock Charts,Finance & Accounting,8640.0,4.02,86,1296
Design of Experiment-DOE with Minitab for Product Design,Business,1920.0,3.94,6,33
Introduction to Oracle SQL,Development,1280.0,3.86,71,6138
2020 Wordpress SEO Masterclass: Free Traffic to your Website,Lifestyle,1920.0,3.69,2,14
RedHat Certified Engineer (RHCE) Practice Exams For 2020,IT & Software,2240.0,2.95,14,1324
PMP: The Complete PMP Course & Practice Exam PMI PMBOK 6 '20,Finance & Accounting,8640.0,4.37,721,5166
How to Trade the Stock Market - For School Students,Business,1280.0,3.81,31,145
The Complete JavaScript Bootcamp,Development,8640.0,4.36,164,2185
Tap In: How to Create a Foolproof Tapping Sequence,Lifestyle,2240.0,3.5,1,5
Take the SAT or ACT Free!,IT & Software,1920.0,0.0,0,7
The People Side of Change Management,Finance & Accounting,3200.0,3.39,86,335
Financial Accounting Plus Excel and SAP Crash Course.,Business,1280.0,3.53,31,128
"Flutter Complete with Dart, Firebase & built Weather App",Development,8640.0,4.28,33,20563
Access VBA: The Beginner's Blueprint to Programming Access,Lifestyle,8640.0,4.57,315,2665
MBA from Walt Disney Business Course,IT & Software,1280.0,3.52,4,651
Your Craft Business: A Step by Step Guide,Finance & Accounting,3200.0,4.55,146,852
"Zero To Viral: Conceive, Launch & Scale Your Startup Ideas",Business,8640.0,4.18,21,5660
The Complete ServiceNow Developer Course,Development,8640.0,4.42,2727,13597
"Do Zero a WebDesigner c Guilherme: Html5, Css3, Js, Php, SQL",Lifestyle,8640.0,4.5,54,213
The STATA OMNIBUS: Regression and Modelling with STATA,IT & Software,2560.0,4.41,35,177
Strategies for Finding New Web Design & SEO Clients in 2020,Finance & Accounting,8640.0,4.53,156,1354
Short Selling Stocks Masterclass,Business,8640.0,3.77,7,1107
Create A 3D Game In Augmented Reality | Step-By-Step Videos,Development,2880.0,4.76,125,934
photoshop - Cover Designing,Lifestyle,8640.0,5.0,1,4
1Z0-1084-20 Oracle Cloud Infrastructure Developer Associate,IT & Software,1280.0,4.21,32,133
How to Start An Online T-Shirt Business Using Shopify,Finance & Accounting,1280.0,4.02,65,1049
Flawless Webinar Hosting: Gain Confidence And Effectiveness!,Business,8640.0,4.72,11,1486
Website Development With MODX CMS,Development,1280.0,4.5,10,1833
Marketo for Managers,Lifestyle,12800.0,4.29,175,743
Behavioral Finance: Why People Are Bad With Money,IT & Software,8640.0,4.08,12,1049
CMA Exam#1 IN-Depth Review of Budgeting& Forecasting,Finance & Accounting,1280.0,3.97,12,674
Measurement System Analysis (MSA) for Quality / Operations,Business,2880.0,4.2,15,55
C# Advanced Programming OOP,Development,8640.0,2.91,13,2332
Über 20 praktische Tipps für effiziente E-Mails im Team,Lifestyle,1920.0,4.3,6,60
How to Sell Without Discounting,IT & Software,3200.0,4.09,11,23
Xero Online Cloud Accounting Complete Training Course 2020,Finance & Accounting,8640.0,4.69,11,536
Cryptocurrency  101: Invest & Trade Like a Pro,Business,8640.0,4.36,15,35
Complete Time Series Analysis With Python,Development,8640.0,4.16,615,3299
Kurs SEO ALL-In-ONE | Libër kurs instrumente dhe asistence,Lifestyle,8640.0,0.0,0,0
IT Support Training: Master IT Support with Active Directory,IT & Software,1280.0,4.07,20,128
How to Set Up a Walmart to eBay Dropshipping Business,Finance & Accounting,6400.0,3.97,333,1658
Complete Health and Safety Auditor Course. OHSAS 18001.,Business,2240.0,4.39,988,2612
Java Web Services & Java EE Microservices: JSP Servlets JBDC,Development,8640.0,4.03,115,2604
Microsoft Excel - Power Of Macros In 60 Minutes,Lifestyle,1280.0,4.01,26,657
Quick dive into R,IT & Software,3200.0,3.67,85,2345
Shopify Dropshipping - Make 2k a day with consistent profit,Finance & Accounting,8640.0,4.83,4,47
Agile Scrum: Learn to use Scrum for Beginners,Business,7040.0,3.92,40,2498
Foundation for Oracle Database Administrator (DBA),Development,5440.0,3.76,47,1769
葡萄酒护照 Nº1,Lifestyle,1280.0,4.39,5,19
Digital Media Fundamentals Vol. 2,IT & Software,1280.0,4.79,6,894
The Complete Public Speaking Certification Program (Part 1),Finance & Accounting,8640.0,4.3,246,1871
How To Find Carriers,Business,8640.0,4.52,77,494
QuickStart! - phpMyAdmin,Development,1280.0,4.06,22,88
A Complete Guide to Building Your Network by Keith Ferrazzi,Lifestyle,6400.0,4.17,1172,5288
Income Tax Preparation When You're Self-Employed,IT & Software,6400.0,4.11,38,193
Erfolgreich die eigenen Finanzen verwalten in 7 Schritten,Finance & Accounting,1920.0,3.92,5,51
Easy 5-Step Fibonacci Swing Trading System,Business,1280.0,4.2,177,1646
How to create a Flappy Bird inspired iPhone game in Swift 2,Development,8640.0,3.78,30,3123
Positive Self Talk For Goal Achievement,Lifestyle,2560.0,4.12,5,1050
Freelance Writing: Start Your Freelance Writing Career,IT & Software,8640.0,4.1,40,1452
Ally Up: Using allyship to advance diversity & inclusion,Finance & Accounting,12800.0,4.56,1040,2306
Sports Leadership and management,Business,1280.0,4.51,110,262
Getting Started with iOS 9 Development,Development,8640.0,4.45,29,1588
Procreate Academy. Aprende Dibujo Digital en tu Ipad desde 0,Lifestyle,8640.0,4.56,521,1789
Professional Scrum Master Certification Prep (PSM 2),IT & Software,1920.0,4.34,36,392
Mining Cryptocurrencies and Bitcoin for Best Profit,Finance & Accounting,1280.0,3.59,22,142
How To Crowdfund,Business,1280.0,4.15,26,96
Easily Build A WordPress Website - Avada Theme,Development,1280.0,4.56,104,1957
Learn How to Manage Anxiety,Lifestyle,1280.0,3.47,4,495
Энергия Денег -эффективное управление денежными потоками,IT & Software,8640.0,4.09,5,35
Troubled Project Recovery,Finance & Accounting,8640.0,4.3,11,75
How to Start a Profitable Tutoring Business: Online tutoring,Business,2240.0,4.7,31,95
Build Location Based Augmented Reality Apps with Mapbox,Development,8640.0,3.23,82,709
Excel Basic Keyboard Shortcuts (Skills by Drills),Lifestyle,2880.0,4.69,24,2059
The Complete Apache Tomcat Web Server Course,IT & Software,8640.0,3.79,403,2896
eBay Dropshipping (The Smart Way) - LukeProfits,Finance & Accounting,1280.0,4.1,109,6179
Employee Engagement Management Coaching Certificate,Business,8640.0,4.38,566,2593
A Beginner's Guide to Augmented Reality with Unity,Development,1280.0,4.55,727,6123
"Google Ads Para Vendas, captura de Clientes, leads e Emails",Lifestyle,1280.0,2.89,5,18
CEA ANBIMA  - Preparatório para a certificação,IT & Software,1600.0,3.2,7,33
The Ultimate Mystery Writing Course for Kids,Finance & Accounting,1280.0,4.33,205,1038
Difficult Conversations at Work Made Easier,Business,5760.0,4.31,473,1492
Absolute Introduction to Object Oriented Programming in Java,Development,5440.0,4.5,3892,23977
Diseña el sistema visual y la papelería de una marca,Lifestyle,1600.0,4.08,16,93
Web Application Hacking Course For Beginners,IT & Software,8640.0,3.01,68,12216
Strategies for Creating Multiple Business Online,Finance & Accounting,1280.0,3.66,31,4791
Become a social entrepreneur,Business,8640.0,3.74,19,1169
AWS Mobile with Google Dart,Development,1280.0,4.36,20,1145
"Texturing and Baking Game Assets in ZBrush, xNormal and nDo",Lifestyle,1280.0,4.15,18,264
Aprenda a operar no mercado de ações,IT & Software,8000.0,4.7,40,108
"Bank Reconciliations, & Cash Internal Controls-Practice Test",Finance & Accounting,1280.0,0.0,0,720
Bank Reconciliation & VAT on Excel,Business,1600.0,3.74,115,441
Data Visualization with MATLAB - Projects and Examples,Development,8640.0,4.04,254,3042
Mind Mapping Mastery –> Effective Mind Maps -> Step by Step,Lifestyle,8640.0,4.32,3004,28052
DISCovering Communication Styles,IT & Software,8640.0,3.72,11,64
How to Start a Successful Mobile Voip Business in 7 days,Finance & Accounting,1280.0,2.36,11,1039
Introduction to Accounting for Beginners to Advanced,Business,1280.0,4.43,17,1477
AJAX API exercise Crypto Currency Data Application,Development,6400.0,4.29,14,1065
Trello: From novice to guru in a week,Lifestyle,4800.0,0.0,0,0
IPv6 - learn the basics of the new IP protocol,IT & Software,1920.0,3.91,37,188
Fiverr Success For Beginners 2019 -  Zero To Hero In 30 Days,Finance & Accounting,1600.0,3.43,141,8367
QlikView: Data Analysis,Business,8640.0,3.76,11,86
Modern Javascript for Beginners 2020 + Javascript Projects,Development,8640.0,4.33,490,43650
Design tips for Webdesign  (no code),Lifestyle,8640.0,4.09,36,3908
The Absolute Beginners Guide to Cyber Security Part 3,IT & Software,6400.0,3.43,91,47815
U.S Startup & Small Business Registration And Business Law,Finance & Accounting,1280.0,4.29,78,2736
The Fundamentals of Risk-Based Auditing,Business,6400.0,3.76,53,206
Getting Started with Unity 2D Game Development,Development,8000.0,4.07,22,130
How To Be a Babysitter,Lifestyle,1920.0,4.62,4,5
Learn How to trade the Forex Market!,IT & Software,8640.0,3.08,3,9
Live trading 0.1btc into 1btc in 12 days,Finance & Accounting,2880.0,3.65,4,27
Marketing Promotion Plan,Business,1600.0,4.57,5,1008
"FULLSTACK Web Development- HTML,CSS, JavaScript, PHP, ELIXIR",Development,1280.0,4.06,51,1094
30 Days Challenge for a Better Time Management,Lifestyle,1920.0,3.27,47,6787
Understanding Annuities,IT & Software,0.0,4.03,66,2262
Double Business Profits - With Simple Online Marketing,Finance & Accounting,1280.0,4.29,17,3390
The Ultimate Guide to Reselling Items in the Facebook Groups,Business,2560.0,4.13,21,1271
Python for Beginners - Go from Java to Python in 100 Steps,Development,8640.0,4.41,617,3296
Navigating Family Relocation,Lifestyle,1600.0,2.5,1,1
10 Labs similar of the CCNA 200-125 exam,IT & Software,1600.0,4.21,4,26
Product Management 101,Finance & Accounting,1280.0,4.46,4960,40950
Being Strategic: Thinking and Acting with Impact,Business,8640.0,4.53,819,2318
The Complete Beginner's guide to LabView Programming,Development,1600.0,4.06,133,1048
Mastering The Power of The Mind,Lifestyle,1280.0,5.0,1,4
Complete Firebase Tutorial for Android App Development,IT & Software,4800.0,3.66,33,4037
Destroy financial blocks,Finance & Accounting,2240.0,4.31,4,1469
Body Language in the Workplace,Business,8640.0,4.29,160,20280
Learn the 2020 Advanced Python Programming,Development,8640.0,4.39,87,3141
Desperte a sua essência energética,Lifestyle,4160.0,0.0,0,5
Introduction to Google App Maker Part 1 of 5,IT & Software,8640.0,4.54,66,137
Data Presentation for Business: How to make great charts,Finance & Accounting,1920.0,3.48,50,5799
Beautiful Data Visualization Projects! D3.js for Beginners,Business,8640.0,3.83,3,51
Apache Spark Hands on Specialization for Big Data Analytics,Development,8960.0,3.51,504,12204
Video Marketing Made Easy Facebook/YouTube Video Ads Mastery,Lifestyle,8640.0,0.0,0,6
Cisco 300-101 - ROUTE - Implementing Cisco IP Routing,IT & Software,8640.0,4.6,7,91
Project Management Crash Course with PMLC,Finance & Accounting,8640.0,4.39,78,3828
Candlestick Reversal Trading with backtest results included,Business,8640.0,4.34,15,89
Learn PHP Programming for Absolute Beginners - Lite,Development,1280.0,4.22,72,2754
How a Nonfiction Author Becomes a Local Expert,Lifestyle,2560.0,4.3,5,845
Fiverr Freelancing 2020: Sell Fiverr Gigs Like The Top 1%,IT & Software,1280.0,4.65,534,23644
Simples Nacional (aprendendo a calcular tributos),Finance & Accounting,1280.0,3.5,22,76
UK Self Assessment Tax Return Filing Online,Business,1280.0,4.31,33,116
iOS 9 App Development For Beginners,Development,6400.0,4.58,76,11420
YouTube 101 For Creators,Lifestyle,1280.0,0.0,0,6
Office 365-Powershell for the Email Administrator,IT & Software,6400.0,4.31,63,554
The 5 secrets of acing your next interview,Finance & Accounting,1280.0,4.82,3,7
METALLURGY AND CORROSION ENGINEERING FOR AIM/RBI,Business,12800.0,4.31,29,88
Word add-in using c# vsto and web types,Development,1600.0,3.34,11,3882
Google SEO Ranking Factors - More Business by Ranking Higher,Lifestyle,0.0,4.39,120,4263
The Complete Guide to Ethical Hacking: Beginner to Pro,IT & Software,8640.0,4.02,3,12
B2B Sales Strategy to Close 2-5 Big Accounts Every Month,Finance & Accounting,2560.0,4.07,28,6913
The Ultimate ICO Training Course,Business,8640.0,4.59,17,90
An Absolute Beginner's Guide To Linux!,Development,1280.0,4.72,268,10047
How I Crafted A Landing Page To Convert At 71%,Lifestyle,8640.0,4.29,62,1936
"Virtual Private Networks for beginners - VPN, Cisco training",IT & Software,1600.0,4.07,708,7710
The Complete Beginners Online Trading Course: Stocks & Forex,Finance & Accounting,6400.0,4.51,196,4161
Masterclass: Start a Profitable Internet Cafe Business,Business,6400.0,4.1,12,750
Agile Business Analysis: Getting / Writing Lean Requirements,Development,8640.0,4.37,1498,8684
Minicurso: Navegação Otimizada,Lifestyle,2240.0,0.0,0,0
TODO SOBRE EL BITCOIN Y LAS CRIPTOMONEDAS EN UN SOLO CURSO,IT & Software,1280.0,3.75,39,1107
CFA Level 2 - Corporate Finance (2020 - 2021),Finance & Accounting,8320.0,4.29,23,169
MySQL and Database Management: From beginner to Expert,Business,6400.0,3.99,69,487
Blog Creation with Google Blogger Template & Basic WordPress,Development,8640.0,3.66,21,5428
ACRYLIC LANDSCAPES with a Painting Knife. Beginners Level 1,Lifestyle,1280.0,4.23,84,1732
Agile Vs Waterfall comparison + Agile Scrum Introduction,IT & Software,1280.0,4.49,34,1668
Forensic Accounting: Fraud Investigation!,Finance & Accounting,8640.0,4.59,27,127
SPSS Essentials: Statistics made easy,Business,1600.0,4.38,217,920
The Complete Bootstrap Masterclass Course - Build 4 Projects,Development,8640.0,3.82,785,49042
Game Asset Creation with Blender 2.8 & Substance Painter,Lifestyle,1280.0,4.81,26,124
Bitcoin and CryptoCurrency Jump Start Course,IT & Software,1280.0,4.57,55,3027
Learn how to be Disability Confident in Business.,Finance & Accounting,1600.0,4.35,11,32
Solar Energy Powered Photovoltaic Water Pump System Bootcamp,Business,6400.0,4.34,11,636
Software Development Mindsets For Successful Career,Development,1280.0,4.32,26,4706
Fun Nose work Games for Pet Dogs,Lifestyle,5440.0,4.07,128,1537
Android Kotlin Masterclass Using MVVM - Jetpack,IT & Software,6400.0,4.2,42,5621
A Beginners Guide To Creating Your First Online Business,Finance & Accounting,3200.0,1.94,3,724
Assisted Living - Transform Houses into Serious Cash-Flow!,Business,1280.0,3.85,16,296
A Beginner’s Guide To Linux Commands,Development,1280.0,4.59,39,354
Master Microsoft Visio 2016 the Easy Way,Lifestyle,6400.0,4.6,200,3374
Guía para la libertad financiera,IT & Software,3200.0,4.18,17,716
Get Customers Excited And Sell More Right NOW!,Finance & Accounting,3200.0,4.34,26,710
"Call/Contact Center Management, The essential Guide",Business,2240.0,4.0,7,19
"Installing Wordpress 5 - Installation, Registrars & Hosting",Development,2880.0,4.07,253,7567
Живопись акрилом. Красный закат,Lifestyle,8320.0,4.0,1,3
Importing from China - How to manage your first China trip,IT & Software,1280.0,4.03,39,936
Effective Agile Leadership: Lessons From The Corporate Scrum,Finance & Accounting,4480.0,4.24,56,161
Master Course in Tableau Prep - Prepare & Clean Data,Business,6400.0,4.59,533,2539
Unleashing the Javascript concepts : JS the beginners guide,Development,8320.0,4.35,11,508
MBTI in Practice,Lifestyle,3840.0,3.85,21,100
IT Governance: A Guide for IT Professionals,IT & Software,3520.0,3.67,90,1688
Management & Leadership Course for New Manager - BUS103,Finance & Accounting,1280.0,4.36,309,4383
Dynamics NAV - Setup new company from Scratch.,Business,1600.0,4.14,27,185
Java SELENIUM MasterClass CORE JAVA,Development,1280.0,3.48,85,5739
Animate a Logo in Adobe After Effects CC with Motion Graphic,Lifestyle,6400.0,4.48,14,422
Consistência Operacional na Bolsa de Valores,IT & Software,8640.0,4.56,2,22
Forex Basics: Learn how to read and analyze Forex charts,Finance & Accounting,8640.0,3.76,7,42
Daily Scrum – Avoid 19 Pitfalls of the Daily Scrum,Business,1920.0,4.3,27,438
Modern Android App Development Bootcamp With Kotlin 2020,Development,1280.0,4.43,506,7349
Proven Strategies How to write an article for your Success,Lifestyle,0.0,4.14,71,4398
An Introduction to Embedded Systems and STM32,IT & Software,3520.0,3.61,54,6629
"SEO, keywords and ranking WordPress websites with FREE tools",Finance & Accounting,1280.0,3.77,9,2174
DsFiverr: Dropshipping On Fiverr | Dominate Fiverr,Business,8640.0,4.18,12,79
Advanced Java programming with JavaFx: Write an email client,Development,8640.0,4.63,340,4402
2020 Guide to Generating Leads With Google Local Service Ads,Lifestyle,8640.0,4.64,71,10080
Minecraft Modding with Forge,IT & Software,3200.0,2.69,9,80
Grant writing - Improve your win rate,Finance & Accounting,1600.0,4.45,17,83
Introduction to Data Visualization,Business,3200.0,3.6,815,12483
ChatBots: How to Make a Facebook Messenger Chat Bot in 1hr,Development,1280.0,4.18,1146,86646
Fulfillment And Happiness In Your Work With Mindfulness,Lifestyle,1920.0,4.91,9,1036
How to run a business in Nigeria successfully.,IT & Software,1280.0,4.52,3,7
Reselling Gift Cards - Work from Home - Lifestyle Business,Finance & Accounting,6080.0,4.32,414,3944
Administer a Construction Contract,Business,1600.0,3.79,50,357
R: Complete Machine Learning Solutions,Development,8640.0,3.51,52,552
"A'dan, Z'ye 3dsMAX",Lifestyle,1920.0,4.61,242,975
Grafana Beginners to Advance Course for 2020,IT & Software,8640.0,4.28,69,8953
Etsy & Printful + Printify - Print on Demand Course 2020,Finance & Accounting,1280.0,4.86,15,1053
How to Confidently make Business Approaches that get Results,Business,8640.0,4.2,10,425
"Fast, Good & Cheap",Development,1920.0,4.5,198,1054
Working with Teams - Beginner,Lifestyle,1920.0,4.73,6,7
Communication for project managers and PMP candidates,IT & Software,4800.0,4.02,17,555
Elliott Dalgaları ve Neo Dalgalarında İtkisel Dalgalar & ROA,Finance & Accounting,7040.0,0.0,0,1
Service Desk and ITIL Fundamentals,Business,1280.0,4.11,188,2402
React Native Expo from Beginner to Pro :: Also with MeteorJS,Development,1920.0,4.13,839,39623
Learn how to start a branded blog for free and monetize,Lifestyle,1280.0,4.42,16,52
Learn How to Build a Computer,IT & Software,1600.0,4.55,331,1367
Passive Income: 7 Ways To Make Passive Income Online  - 2018,Finance & Accounting,7680.0,3.91,160,11406
INTRODUCTION TO INVESTING FOR COMPLETE BEGINNERS,Business,1280.0,4.56,45,3519
Learn Express,Development,1600.0,4.05,91,1393
Facebook e Instagram Ads I,Lifestyle,1280.0,5.0,1,5
Blogging for Beginners: How to Start a Successful Blog,IT & Software,1280.0,4.14,8,1298
Build a Fitness|Nutrition Online Business Working from Home,Finance & Accounting,8640.0,4.62,41,369
Sourcing Amazon FBA Replenishables,Business,1600.0,4.06,151,1305
Perl for Beginners: Learn A to Z of Perl Scripting Hands-on,Development,8640.0,4.15,177,3669
LinkedIn Marketing für Ein- und Aufsteiger,Lifestyle,6400.0,4.19,168,1402
Construction: Pricing Extension of Time Claims: Vol 1 of 2,IT & Software,8640.0,4.39,215,867
Become a Successful Product Reviewer on YouTube,Finance & Accounting,8640.0,4.58,238,7655
Outsourcing Pros and Cons and How to Outsource your Business,Business,8640.0,4.23,31,810
Data Manipulation in Python: A Pandas Crash Course,Development,8640.0,4.7,312,2448
How to Draw Heads - Step by Step - From Any Angle,Lifestyle,8640.0,4.61,1111,6814
Microsoft Azure Kubernetes Service(AKS) - ElasticSearch,IT & Software,1600.0,3.48,3,28
Finance pour non-financiers,Finance & Accounting,1280.0,4.21,10,33
ePLAN Electric P8 - The Essentials - For Beginners,Business,5120.0,4.7,144,359
Ultimate Java Development and Certification Guide,Development,1920.0,3.62,307,8177
"The ""HAKE"" watercolor painting wonderbrush and how to use it",Lifestyle,1280.0,4.71,62,4094
CERTIFIED REGULATORY COMPLIANCE MANAGER practice exams,IT & Software,1920.0,2.4,3,50
Financial Derivatives: A Quantitative Finance View,Finance & Accounting,8640.0,4.55,839,5622
Succeeding In Life - A Step-by-Step Blueprint,Business,8640.0,4.64,12,1095
Angular Programming MADE EASY : A Concise Angular Course,Development,8640.0,1.86,32,7042
Public Speaking Trainer: Enter the Presentation Training Biz,Lifestyle,8640.0,4.13,14,764
"Technical Analysis on BItcoin, Altcoins and Financial Market",IT & Software,3200.0,3.89,16,59
Start your marketing agency from home 2019,Finance & Accounting,1280.0,3.68,14,3780
"""Geometry Of Chance"" - strategy of defeating roulette",Business,2240.0,3.63,50,125
Web Scraping  for  Beginners with : Python | Scrapy| BS4,Development,7680.0,4.11,21,3572
Create comics without drawing,Lifestyle,8640.0,4.35,10,245
CompTIA Project+ (PK0-004) 6 Practice Test 300 questions,IT & Software,2240.0,3.61,41,268
Simple Forex Swing Trading Strategy in 25 mins,Finance & Accounting,1600.0,4.39,6,14
Financial Modeling: Build a Complete DCF Valuation Model,Business,6080.0,4.42,2792,16888
Learning Path: OpenCV: Master Image Processing with OpenCV 3,Development,8640.0,3.04,66,530
Affiliate Marketing Bootcamp,Lifestyle,1920.0,0.0,0,11
Your Ultimate Guide To UiPath RPA Development in 2020!,IT & Software,8960.0,3.71,61,302
Γίνε Μαγνήτης Αφθονίας!,Finance & Accounting,4480.0,4.85,21,59
Learn To Make Money Buying and Selling Diabetic Test Strips,Business,6400.0,4.08,12,62
Programming for Kids,Development,6400.0,3.95,23,92
Enhance Your Dungeons & Dragons (D&D) Adventures,Lifestyle,3200.0,4.01,34,230
10 Secrets How to compete with online roulette using system,IT & Software,1280.0,3.51,20,648
Declaração do Imposto de Renda 2020 - IRPF  - CURSO BÁSICO,Finance & Accounting,1920.0,4.05,7,16
Fundraising: 10+ Fundraising Ideas For Raising Capital,Business,1920.0,4.33,74,13244
HTML for beginners,Development,3840.0,4.43,78,9158
PowerPoint Presentations to Help Land a Job,Lifestyle,2240.0,0.0,0,1
Scrum Product Owner (PSPO I) Certification & 200+ Questions,IT & Software,1600.0,4.22,115,659
How to Start a Business Selling on eBay with Dropshipping,Finance & Accounting,6400.0,3.27,358,31637
Startup Selling: Sell More Stuff,Business,2880.0,3.7,15,2984
Learn Web Animation the Easy Way: An Intro to SVG and GSAP,Development,3200.0,4.35,377,1776
Poster Design From Scratch.,Lifestyle,6400.0,2.49,123,4900
Public Speaking Presentation: Writing a perfect Speech,IT & Software,8640.0,3.73,22,4146
Sales foundation: sales skills & sales hacks (FASTLANE),Finance & Accounting,4160.0,4.27,50,3764
Fundamentals of Plastics and Polymers,Business,1280.0,3.98,131,408
Complete C++ : Basic to Advanced,Development,8640.0,4.28,20,134
Encuadernación Básica III,Lifestyle,2560.0,4.5,1,3
AWS SysOps Administrator Associate - 2019,IT & Software,6400.0,4.46,146,6519
From Ordinary to Extraordinary  Leadership: An Overview,Finance & Accounting,1920.0,4.82,8,25
How to Communicate Effectively in Your Business,Business,1280.0,4.2,41,74
CSS3 Gradients for Web Designers,Development,1280.0,4.64,11,1218
AutoCAD 2020,Lifestyle,1600.0,4.06,18,1605
AZ-300 Azure Architect Technologies Practice Exams 2020,IT & Software,1280.0,1.37,3,9
"Accounting basics, create financial statements easily",Finance & Accounting,8640.0,3.41,11,2025
How to Become a  Medical Transcriptionist,Business,2880.0,4.6,118,498
Learn Data structures & Algorithms using Python for Freshers,Development,6400.0,3.6,153,21595
Autodesk Navisworks Manage for BIM,Lifestyle,1280.0,0.0,0,8
How to Eliminate Loss & Profit Consistently in Stock Market,IT & Software,3200.0,4.26,21,129
Daytrading: An der Börse Geld verdienen für Einsteiger,Finance & Accounting,6400.0,4.51,415,1972
How to Build a Business as a Social Media Influencer,Business,8640.0,4.54,80,2650
Create 20 sport casino games in Construct 2 / Construct 3,Development,6400.0,3.92,10,190
7 tips for new leaders - avoiding common mistakes,Lifestyle,2880.0,4.32,507,2480
OPTIONS (BEAR/BULL PUT-STRADDLE/STRANGLE-BULL/BEAR CALL),IT & Software,1280.0,4.71,5,36
Business Banking 101,Finance & Accounting,1600.0,4.05,19,191
MPC Forum #1/2018 - Regional Digital Impacts (Malaysia),Business,1280.0,3.82,10,21
Introduction to C++ and Qt5 Programming for Raspberry Pi,Development,2240.0,3.52,51,450
Aquarell Blumenmalkurs *Dreamy Flowers*,Lifestyle,1600.0,4.7,3,6
Online Business Management,IT & Software,6400.0,3.87,62,5971
Keys to Successful Entrepreneurship: Strategic Support,Finance & Accounting,1280.0,4.07,9,1698
Operations Management in small businesses: key techniques,Business,2240.0,4.35,72,505
PhoneGap Build For Beginners,Development,2240.0,4.13,246,6790
OSHO ZEN TAROT: A Guidance tool-kit for problem solving.,Lifestyle,1280.0,0.0,0,3
Binary Options Strategies Course : No More Loss,IT & Software,2240.0,2.76,6,30
Introduction to Financial Statements,Finance & Accounting,2560.0,3.97,8,137
Effectively Managing Employee Performance,Business,4160.0,4.26,1373,4777
Build an app with ASPNET Core and Angular from scratch,Development,8640.0,4.59,12048,50662
WordPress Essentials,Lifestyle,3200.0,3.61,9,84
Aprenda a Investir em Ações,IT & Software,0.0,4.67,66,1027
A guide to become a Welding Inspector,Finance & Accounting,1600.0,3.49,11,42
Learn the 5 Principles For Persuasive Presentations,Business,1280.0,2.87,22,1625
Real-World Projects with MEAN Stack,Development,8000.0,3.37,19,95
BIM Allplan 2018: La modellazione Parasolid,Lifestyle,7680.0,4.26,5,11
Accounting - The 6 most important rules you must learn,IT & Software,1280.0,4.51,25,1053
ISO 9001:2015 Quality Management System,Finance & Accounting,12800.0,2.14,3,7
Accounting Adjusting Entries–Presentations Only-Bookkeeping,Business,1920.0,4.18,10,500
Bash Shell Programming for Data Sciences,Development,3200.0,3.66,58,1409
Manage Your Mindset: Coaching for Confidence,Lifestyle,4800.0,5.0,1,2
Blockchain A-Z™: Learn How To Build Your First Blockchain,IT & Software,8640.0,4.59,9081,47394
Off Grid Solar Power Systems Design 101,Finance & Accounting,2560.0,3.76,120,1590
Forex Trading Profit 183%p.a : Trend is Our Friend-ALGOTREND,Business,7680.0,2.61,16,78
ASP.Net MVC Quick Start,Development,5120.0,3.84,1932,18832
How to build a strong LinkedIn profile,Lifestyle,1280.0,4.37,49,2468
Recruitment: IT Basics for IT Recruiters,IT & Software,1600.0,4.58,5,15
Mastering Technical Analysis: Start Trading Better Today,Finance & Accounting,8640.0,4.5,12,52
How You Can Make 6 Figures Calling For Sale By Owners,Business,3840.0,4.82,44,188
C++ Programming from Zero to Hero :  The Fundamentals,Development,8640.0,4.18,64,562
Excel 2016,Lifestyle,3200.0,3.77,30,146
Remote Sensing in QGIS: Fundamentals of Image Analysis 2020,IT & Software,1280.0,4.24,21,1408
Aprende de los Ingresos Pasivos,Finance & Accounting,0.0,4.0,7,465
"Complete Video Production for Businesses, Bloggers & Tutors",Business,4480.0,4.3,11,1014
"JavaScript and Ruby on Rails with React, Angular, and Vue",Development,8640.0,4.17,287,2802
Como Criar um Site Minimalista para Sua Empresa,Lifestyle,0.0,4.71,66,3175
International Tax - Royalty and Fee for Technical Services,IT & Software,1280.0,5.0,1,31
The Ultimate ICO Training Course,Finance & Accounting,8640.0,4.59,17,90
"Intraday, Swing Trading & Scalping Technique that works",Business,8640.0,3.94,12,38
Learning CSS3 - A Comprehensive Tutorial For Web Developers,Development,3200.0,3.93,167,2630
The Adventurers Guide to Drawing and Painting Dragons,Lifestyle,7680.0,4.46,157,1986
Mastering Python - Networking and Security,IT & Software,3200.0,4.36,610,5738
Introduction to Agile & Scrum,Finance & Accounting,8640.0,4.32,192,3776
"Dropship 101 Beginners Guide to Shopify, AliExpress & Oberlo",Business,8640.0,4.44,15,63
Create Advanced & Modern User Interface In JavaFX,Development,8640.0,3.94,70,463
Break The Mould,Lifestyle,8640.0,3.99,5,2238
Getting Started with Apache Kafka,IT & Software,1280.0,4.38,62,1017
Learning Neo4j Graphs and Cypher,Finance & Accounting,8000.0,3.69,12,63
Credit Analysis with Real Estate Sector Case Study,Business,6400.0,3.92,6,2231
Angular Front To Back,Development,8640.0,4.65,5841,21138
The Complete Elementor tutorial in 2020 | Learn all How tos,Lifestyle,6720.0,5.0,5,1227
Psychological Selling,IT & Software,5440.0,3.93,35,110
Creative Thinking: For An Ever Changing World,Finance & Accounting,8640.0,3.08,47,4221
Warehouse Management Fundamentals,Business,8640.0,4.18,868,3052
Beginner's Guide to Use WordPress Gutenberg Editor,Development,1280.0,3.5,11,1590
Mind Power Techniques- 3 Steps To Break All Bad Habits,Lifestyle,5760.0,4.04,9,1251
AI-100: Azure AI Solution practice Test: Real Exam Questions,IT & Software,1280.0,2.48,67,345
Car Buying BluePrint System,Finance & Accounting,1280.0,4.37,13,223
Preparation of Consolidated Financial Statements (Basic),Business,1600.0,3.6,23,1189
Interview Questions and Answer on Python,Development,1280.0,4.1,27,14734
How To Vlog & Create a Sustainable Passive Income,Lifestyle,8640.0,4.26,11,68
Fast Practice Test for OCI OCP 2020 | 1Z0-997-20,IT & Software,1280.0,3.2,6,17
For 2020 - Product Creation Profits With A Twist,Finance & Accounting,1920.0,3.07,3,14
The Simplest Guide™ to Data Analysis with SAS *Base*Advanced,Business,8640.0,4.58,629,2549
Web API - JavaScript Fetch getting JSON data Fun with APIs,Development,8640.0,4.38,35,4201
Level 1 (Shoden) Traditional Reiki Techniques,Lifestyle,2240.0,5.0,1,3
The Complete Agile Course for Absolute Beginners,IT & Software,1280.0,2.96,64,1787
"Best Trading Course for Bitcoin, Altcoins, Stocks and Forex",Finance & Accounting,3200.0,1.0,1,8
Get Tons of Ideal Clients Now,Business,1920.0,4.73,13,124
C# in Depth: A Comprehensive Course (Beginner-To-Advanced),Development,8640.0,3.73,176,6358
تعلم برنامج الاكسيل من خلال المشاريع العملية والمحاسبية,Lifestyle,6400.0,5.0,1,6
The Wedding Planner Toolkit,IT & Software,6400.0,4.87,10,41
Body Language basics,Finance & Accounting,1920.0,4.19,35,540
Sales Optimization Skills: Increase Your Sales by 200%,Business,3200.0,3.5,8,5310
Machine Learning for Android App development Using ML Kit,Development,8000.0,3.51,20,117
Pinterest Marketing Expert 2.0,Lifestyle,6720.0,4.56,9,94
Practice Tests for Certified FATCA Professional,IT & Software,1280.0,3.73,2,4
Innovators and innovation: Travel through time!,Finance & Accounting,6400.0,3.92,10,1221
Forex - Trade Gartley with Precision - Complete Strategy,Business,1280.0,4.35,6,96
Spring Framework and Spring Boot for Java,Development,1920.0,4.31,43,335
Обучение яхтингу - от новичка до матроса,Lifestyle,3200.0,4.85,152,464
Salesforce Platform Developer 1 Practice Test,IT & Software,2560.0,4.09,17,104
Aprenda a Investir em Ações: O Guia Para Iniciantes,Finance & Accounting,1280.0,4.27,30,523
Accelerate your Career,Business,6080.0,3.74,16,5944
The Ultimate ASO Guide - App Store Optimization in iOS 11,Development,8640.0,4.31,21,7540
Google SEO : Improve your Website Ranking in Search Engine,Lifestyle,8640.0,3.37,57,4951
Leading Effective 1-on-1 Meetings: Win loyalty and retention,IT & Software,6400.0,4.18,459,9833
Earning passive income in crypto market,Finance & Accounting,0.0,4.27,21,3695
Managing Health and Safety at Work,Business,8640.0,4.16,292,1054
Python For Maya: Artist Friendly Programming,Development,7680.0,4.48,1195,6091
CPA Affiliate Marketing: How to Get Started in CPA Marketing,Lifestyle,6400.0,3.92,72,2245
LabVIEW Step By Step: Beginners Complete Guide,IT & Software,2560.0,3.94,141,6686
OPTIONS IRON CONDOR STRATEGY(IRON CONDOR FOR MONTHLY INCOME),Finance & Accounting,1280.0,3.79,11,40
Candlestick Trading Ninja: 10 Hour Glossary & DIY Strategy,Business,1280.0,4.1,271,16728
Complete Web Developer Course to Build Premium Web Templates,Development,1280.0,3.44,48,386
A Seon Meditation Course on Five Element Sound Therapy,Lifestyle,1280.0,5.0,1,4
ISACA CISA (Information Systems Auditor)- Exam Practice Test,IT & Software,1280.0,2.29,12,146
Game Theory: Strategic Thinking in Economics and Business,Finance & Accounting,1600.0,4.66,4,600
Dropshipping Blueprint + Software,Business,3200.0,2.9,11,1043
"Mobile App Development for Beginners (Swift 3, iPhone iOS10)",Development,3200.0,4.13,233,6621
Electronic Circuits Analysis by PSpice,Lifestyle,4800.0,4.03,36,3927
70-532 Microsoft Azure Certification: App Services Deep Dive,IT & Software,1280.0,2.72,106,4895
Navigating the Home Purchase Agreement: How to Buy a House,Finance & Accounting,1600.0,4.42,5,20
English Job Interview Success for the Non-Native Speaker,Business,1920.0,4.26,29,92
Learning Entity Framework Core,Development,8000.0,4.29,133,610
Taller de cosmética natural - Haz tus propios productos,Lifestyle,1920.0,4.26,6,12
The Single Most Profitable Business - Real Estate Investing!,IT & Software,8640.0,3.04,41,5108
Agile Business Analysis,Finance & Accounting,5760.0,4.45,5650,15826
Management For The New Managers,Business,1280.0,4.44,23,942
Learn Flowcharting and Pseudocode. Be a better programmer!,Development,3200.0,4.51,392,2258
Fear Mastery: Become Fearless In 15 Days,Lifestyle,8640.0,4.05,87,2282
Salesforce Marketing Cloud Consultant Practice Tests - 2020,IT & Software,6400.0,4.33,7,53
Get Started with Business Networking Basics in One Hour,Finance & Accounting,1280.0,4.41,302,2483
How To Start Your Own Commercial Cleaning Business,Business,8640.0,3.56,4,44
Beginning Selenium WebDriver and Java Training,Development,1600.0,3.16,15,278
Adobe Photoshop Lightroom 4 Tutorial,Lifestyle,3200.0,3.72,39,1184
Gestão Prática de Caixa para PME's e Profissionais Liberais,IT & Software,6400.0,0.0,0,3
Aprenda a fazer declaração de imposto de renda Pessoa Física,Finance & Accounting,1600.0,5.0,1,6
Create and Launch your Podcast Website with WordPress,Business,3840.0,4.68,6,21
Zero To Hero: Apache Maven,Development,2240.0,3.72,9,416
"Beekeeping 101: Organic, Natural, Traditional",Lifestyle,3200.0,4.01,29,74
Counselling Children & Adolescents - ACCREDITED CERTIFICATE,IT & Software,7360.0,4.35,1850,6789
"O Mercado de Bitcoins - O que é, como investir e o futuro.",Finance & Accounting,1280.0,4.36,5,20
Accounting for Beginners | Master the Basics of Accounting,Business,2560.0,3.48,24,869
Understanding MVC (Model-View-Controller) with PHP,Development,1280.0,4.23,34,2256
Painting Wild Places with Watercolors:  Cayo Costa,Lifestyle,1280.0,4.22,19,209
AMBA AXI Infrastructure Based on Xilinx FPGA IPs and Verilog,IT & Software,1280.0,4.1,58,318
The Complete Guide: Start A Business While You Work,Finance & Accounting,8640.0,4.57,35,928
Record Company Music Label Business Plan Template & Example,Business,3200.0,3.69,5,82
Build Two Websites With HTML and CSS,Development,8640.0,4.16,31,1212
【タイピングソフト付】仕事がガンガン速くなる！タッチタイピング[超入門]10日間マスター講座[touch typing],Lifestyle,1600.0,4.29,456,2311
New Business Idea: Start a Healthcare Business from Home,IT & Software,8960.0,4.86,7,35
Social Security Survivors Benefits 101,Finance & Accounting,5120.0,0.0,0,3
"Your complete guide to Agile, Scrum, Kanban",Business,1600.0,4.23,312,20189
Build 64 iOS9 projects in Swift. Build 50 apps and 14 games!,Development,8640.0,4.35,40,1361
Copywriting Secrets: Become a Content Writing Expert,Lifestyle,6400.0,4.26,301,3909
Penetration Testing with KALI and More: All You Need to Know,IT & Software,1280.0,4.36,803,44229
Авторский Курс по Крипто Трейдингу - Рабочие Стратегии,Finance & Accounting,8640.0,4.01,3,13
#Remote PMP Management Consulting Meetings Hypnotic Edition,Business,12800.0,4.15,72,5399
Materialize CSS From Scratch With 5 Projects,Development,7680.0,4.69,1475,9386
Wordpress für Anfänger,Lifestyle,1280.0,4.2,24,158
Cisco CCNP Switch 300-115 - Complete Course,IT & Software,1280.0,3.48,13,3525
Brand Identity Breakthrough: Make Your Products Irresistible,Finance & Accounting,1280.0,4.66,24,655
Public Speaking: Speak Like a High-Powered Executive,Business,8640.0,4.1,8,880
Spring 5.0 Project: Building a Travel Website,Development,8000.0,3.49,9,69
Create your own App in Excel,Lifestyle,1280.0,4.1,26,477
Making A Website With WordPress From Scratch (Bootcamp),IT & Software,1280.0,4.54,2,3
Advanced LinkedIn for Lead Generation Course,Finance & Accounting,3200.0,3.87,34,272
How to Use the Top 11 Real Estate Fin Ratios in the Best Way,Business,8640.0,4.54,19,1894
Java - ambitious start. Create a real web app!,Development,2560.0,4.65,32,779
Creating Digital Portraits with Style,Lifestyle,1600.0,5.0,2,19
How to Manage Time Effectively and Increase Productivity,IT & Software,1280.0,4.53,20,60
21 Steps to Becoming a Virtual Assistant,Finance & Accounting,1920.0,3.71,63,259
How To Quickly Diffuse Another Person's Anger,Business,6400.0,4.38,1837,5976
Web Scraping with JavaScript & Node.js,Development,1280.0,4.02,15,141
Make your favorite Disney dishes at home,Lifestyle,1280.0,0.0,0,1
Top Dollar Dog Trainer - The Dog Trainers Business Course,IT & Software,8640.0,3.66,10,351
تعليم الفوركس - المتاجره السعريه الزمنيه,Finance & Accounting,8640.0,3.0,1,8
A Masterclass in Growth Strategy Design & Execution,Business,9600.0,4.94,29,119
Artificial Intelligence & Machine Learning with Unity3D,Development,8640.0,3.84,8,139
Copywriting Pro - Genera más clicks y más ventas,Lifestyle,6400.0,4.57,79,240
TED Talk Success: Be a Sought After TedX Speaker,IT & Software,9600.0,3.64,40,9784
¿Entiendes la economía?,Finance & Accounting,1280.0,3.16,4,11
Product Launch Hacking: Masterclass,Business,8640.0,3.74,36,326
Machine Learning For Researchers,Development,1280.0,4.16,38,10575
Learn Conducttr - Part 2,Lifestyle,0.0,4.43,18,3984
Introduction to PMP® - Project Management Professional Exam,IT & Software,1280.0,3.48,40,777
Wage and Hour Law Compliance,Finance & Accounting,6400.0,4.24,22,82
"Get a VA, outsource your app business and get your life back",Business,3200.0,4.45,17,145
Neural Networks for Swift Developers,Development,8640.0,3.22,15,341
Microsoft 365 Planner,Lifestyle,1920.0,4.12,221,1009
Adobe Photoshop CS6 Certification Practice Tests For 2020,IT & Software,2240.0,3.26,3,778
Anti-Money Laundering (AML) Fundamentals,Finance & Accounting,2880.0,4.79,5,14
Covered Calls: Boost Your Cash Flow!,Business,1920.0,4.69,8,53
Unity Android Game Development : Build 7 2D & 3D Games,Development,8640.0,4.53,1451,9448
Camping adventure in watercolor,Lifestyle,2240.0,0.0,0,0
Trading Forex: Comienza a invertir en el Mercado de Forex,IT & Software,8640.0,4.43,100,1117
Business Networking for Success and Company Growth: Part 3,Finance & Accounting,8640.0,4.5,31,8497
Real Estate Asset Management 101,Business,8640.0,4.55,560,2723
The Complete C Developer Course - Build 7 Exciting Projects!,Development,8640.0,4.03,641,21647
The Death of Stress I - Foundations of Stress Elimination,Lifestyle,6400.0,0.0,0,1
How to Create Passive Income,IT & Software,1280.0,3.42,44,5286
2020 Complete Course: The Accounting External Audit Process,Finance & Accounting,1280.0,4.01,12,1138
"Excel, PowerPoint & Presentations for Investment Bankers",Business,6400.0,4.21,91,418
Intro to Game Development using Unity - Part I,Development,1280.0,4.55,835,25879
PC不要! スマホではじめるデジタルイラスト,Lifestyle,2560.0,3.99,61,335
Outsourcing without Fear - an Entrepreneur's Hands on Guide,IT & Software,1280.0,5.0,3,547
The Complete Shopify Aliexpress Dropship course,Finance & Accounting,8640.0,4.63,14006,74011
Branding 101: How To Find Brand Name Ideas For Your Business,Business,5440.0,2.98,8,913
Shader Development from Scratch for Unity with Cg,Development,1280.0,4.52,2255,12652
Como emagrecer mesmo sendo ansioso,Lifestyle,1600.0,5.0,2,14
C# 7 & .NET Core 2.0 Programming: From Beginner to Developer,IT & Software,8640.0,3.04,21,141
How to be confident in communication,Finance & Accounting,1600.0,4.26,5,19
How to Win Customers and Skyrocket your Sales and Profits,Business,6400.0,3.88,23,3083
The Complete Apple Watch Developer Course - Build 14 Apps,Development,6400.0,4.67,887,18458
Prototipado rápido animaciones e interacciones web y móvil,Lifestyle,2240.0,3.21,12,111
Create a perfect pitch deck - technology & fintech startups,IT & Software,8640.0,3.68,30,2181
Como ter uma vida financeira equilibrada,Finance & Accounting,2240.0,4.45,59,183
Strategic Program Management,Business,2560.0,3.23,13,265
Basics of R Programming Language for Buddies,Development,2240.0,3.66,68,341
Autocad Civil 3D Tutorial Paso a Paso,Lifestyle,1280.0,3.7,58,2421
RHCSA Exam Training by Infinite Skills,IT & Software,3200.0,4.02,1132,7152
Jak zarabiać w internecie w 2020 roku?,Finance & Accounting,7040.0,3.37,24,123
CFA® Level 1 (2020) - Complete Corporate Finance,Business,5120.0,4.53,549,4975
Apache Kafka Guru - Zero to Hero in Minutes (Mac/Windows),Development,8640.0,3.56,71,425
Procreate Digital Art For Beginners Food Illustration,Lifestyle,6400.0,0.0,0,1
Learn numbers and associate with others,IT & Software,8640.0,5.0,1,15
Believe It! - Your Obituary is How You Build a Business Plan,Finance & Accounting,1280.0,4.09,16,1126
The Ultimate Investment Banking Training Bundle 2019,Business,8640.0,4.13,246,7056
Electrical Design Bootcamp - LV Power Calculations,Development,4480.0,3.44,22,81
Mental health- Build em up,Lifestyle,1280.0,2.92,4,6
Learn Deferred Taxes through Case Studies,IT & Software,1920.0,4.13,76,15013
Building a High-Performance Corporate Culture,Finance & Accounting,1280.0,3.73,130,2240
Amazon FBA Course for Beginners 2020 (Private Label Product),Business,8640.0,3.68,159,13061
How to make 20 games without coding in Construct 2!,Development,8640.0,4.03,95,3817
Learn To Earn by Prakash Gaikwad,Lifestyle,2880.0,0.0,0,0
PMP Exam Prep - [PMBOK V.6 ],IT & Software,6400.0,3.73,14,52
Fibonacci Technical Analysis Skill for Forex & Stock Trading,Finance & Accounting,8640.0,4.51,498,4134
How to Create A Forex Day Trading Routine in 2020,Business,1600.0,3.97,10,314
Algorithms - An Intro Course in Algorithms coded in Python,Development,1280.0,3.34,55,2055
Curso básico de Crochê,Lifestyle,1280.0,5.0,6,39
6 Steps To Grow Your Machine Quilting Service Business,IT & Software,12800.0,4.06,14,205
Aprende a Invertir en la Bolsa de Cualquier Lugar desde 0,Finance & Accounting,4480.0,2.5,1,10
Introduction to Accounting in 1 hour - Free ebook included!,Business,7040.0,4.33,93,2034
Manual Software Testing+QA+JIRA+Test Rail+AGILE+Database,Development,8640.0,3.97,9,20
Project Management Simplified,Lifestyle,1280.0,3.96,130,4383
Bitcoin Trading 101 - how to buy and sell cryptocurrencies!,IT & Software,8640.0,3.84,46,3044
How To Use TradingView Technical Analysis Charts Like A Pro,Finance & Accounting,1280.0,2.72,7,33
Ultimate Free Tools And Resources For Entrepreneur,Business,6080.0,4.66,55,8677
python from scratch for beginner - build real smart apps,Development,1280.0,4.21,18,2373
Corso Microsoft Excel: dal Livello Base all'Avanzato,Lifestyle,1280.0,4.02,136,1016
Node-RED and ESP32 Project,IT & Software,8320.0,4.74,10,265
The Amazon FBA 6 Figures in 6 Months Blueprint,Finance & Accounting,8640.0,3.13,35,5996
Lean Six Sigma Yellow Belt Online Course,Business,2560.0,4.23,659,2438
"Power BI Masterclass 8 - Python, Finance, and advanced DAX",Development,8640.0,4.22,162,1049
Learn Photoshop Tools From Scratch,Lifestyle,1280.0,3.14,243,22100
【FP直伝】賢い人が実践する自分でライフプランを作成する方法をお伝えします,IT & Software,6400.0,4.42,37,427
Handling Objections & How To Be A Master Closer,Finance & Accounting,8640.0,4.26,563,5840
How to Win 97% of Your Options Trades,Business,8000.0,4.24,1681,11209
Adobe Flash Animation - Build Simple Websites From Scratch,Development,8640.0,4.4,25,17813
27 GIMP 2.10 Projects + 547 GIMP Templates,Lifestyle,8640.0,4.53,239,3711
Contabilidad Gubernamental en México,IT & Software,1920.0,4.54,60,406
Accounting for Capital & Intangible Assets under ASPE,Finance & Accounting,4480.0,0.0,0,1
Online Arbitrage Mastermind 2.0 [Resell Products from Home],Business,8640.0,4.39,708,13165
C# - Complete A to Z C# Masterclass™: Hints + Coding Tips,Development,8640.0,3.75,98,332
Microsoft Excel Basic to Advance Level,Lifestyle,4160.0,4.36,349,9891
The Truths about (in)secure Retirement,IT & Software,12800.0,3.79,18,159
Geld mit Youtube verdienen!,Finance & Accounting,8640.0,0.0,0,2
LinkedIn Advanced. Lead Generation Strategies For B2B Sales,Business,5760.0,4.78,58,385
Scala: Scala Programmer - Beginner to Expert!: 3-in-1,Development,8640.0,3.84,37,271
Photoshop CS6 do básico ao intermediário,Lifestyle,8640.0,4.61,127,467
CCNA 200-301 (Cisco Certified Network Associate) - Complete,IT & Software,8640.0,3.48,6,408
Trading Forex - Trader avec les fourchettes d'Andrews,Finance & Accounting,4480.0,4.63,44,313
Fiction for Young Writers (Writing Mastery),Business,5120.0,4.77,249,1126
ES6 Bootcamp From A-Z,Development,6400.0,4.47,20,4104
Zoho CRM - The Ultimate Guide on Zoho CRM,Lifestyle,6400.0,3.76,112,4816
How to Buy Property At Auction,IT & Software,5760.0,4.61,14,90
Buy Hard Too: Beginners' Guide- Investing in Stocks & Bonds,Finance & Accounting,1280.0,3.73,6,1038
Amazon Sales Rank Explained: Choose Your Next Kindle eBook,Business,6400.0,3.51,37,4323
Metadata Repositories,Development,3200.0,4.13,47,372
Pursuing Your Mission from God,Lifestyle,1600.0,4.33,11,84
Start an Online T-Shirt Business at Zero Cost,IT & Software,6400.0,3.04,96,1585
"Aprenda Tape Reading , Leitura do Fluxo de Ordens",Finance & Accounting,6400.0,4.3,133,400
Communicate Your Way to Success: Beginner,Business,3840.0,4.42,18,59
Mapping in Leaflet JS,Development,1280.0,3.55,80,541
Redacción Profesional de Artículos SEO,Lifestyle,1280.0,4.26,52,125
Start Your Own Business Offering Products on Amazon,IT & Software,2560.0,4.58,41,3025
Start a successful part-time content writing Home business,Finance & Accounting,8640.0,4.42,40,1272
Develop & Improve Your Food and Beverage Business in 1 Hour,Business,1280.0,3.73,33,2666
Network Socket Programming in Python3 Practical (Remastered),Development,1280.0,3.78,123,8989
Supercharge Your Productivity,Lifestyle,6080.0,4.25,1091,2796
Revit Families - From Beginner to Pro,IT & Software,6400.0,4.36,30,197
Learn Cryptocurrency Investment From Scratch,Finance & Accounting,6400.0,4.78,44,9028
"Business Cost Management, Procurement & Tendering",Business,5440.0,4.61,28,75
"Node.js for beginners, 10 developed projects, 100% practical",Development,3200.0,3.91,19,184
Learn Photoshop for iPad,Lifestyle,8320.0,4.2,173,787
Mastering Chef the Devops Way by School of DevOps®,IT & Software,6400.0,3.94,33,267
QUICKBOOKS CLEAN UP THE MESS,Finance & Accounting,8640.0,4.78,8,72
SAP FICO For Beginners - A Guide to SAP Financial Accounts,Business,8960.0,4.14,858,4753
JSON AJAX data transfer to MySQL database using PHP,Development,8640.0,3.69,183,11665
Solidworks ile Sac Modelleme,Lifestyle,1280.0,4.08,10,62
Arduino  FreeRTOS  From Ground Up™ : Build RealTime Projects,IT & Software,5760.0,4.51,222,1617
Customer Service Expert,Finance & Accounting,3200.0,4.34,74,217
Cost Reduction: Cut Costs and Maximise Profits,Business,8640.0,4.34,281,1063
Unlock VS Code: Ultimate Guide To Optimizing Your Workflow,Development,1280.0,4.18,104,673
Learn Adobe Dreamweaver CS6 - For Absolute Beginners,Lifestyle,6400.0,4.0,162,12790
CompTIA Security+ Certification Practice Exams - SYS0-501,IT & Software,1280.0,4.57,36,1100
Partnership Accounting,Finance & Accounting,8640.0,3.27,56,14907
Microsoft Excel Masterclass - Beginner to Advanced Level,Business,3200.0,3.83,24,338
"Git, Bitbucket, Jenkins in Java Selenium Cucumber Framework",Development,1280.0,4.11,70,7636
Acrylic lesson - Water Drops on Cherry - Fruit painting,Lifestyle,1280.0,5.0,1,11
Excel: Basic Excel and Business Analytics,IT & Software,1280.0,4.37,134,663
Emotional Intelligence Certification5 Management Coaching,Finance & Accounting,8640.0,4.21,4,632
Social Engineering for Absolute Beginners (no coding!),Business,1280.0,2.95,12,2077
Learn to build 40 2D and 3D games in Unity®!,Development,8640.0,4.39,48,552
Microsoft Excel Essentials for Professionals -- Level 1,Lifestyle,1280.0,0.0,0,0
Cybersecurity Fundamentals: Architecting a Solution 2020,IT & Software,8640.0,4.29,89,13558
Affiliate Marketing for Beginners: Make Money Online,Finance & Accounting,8640.0,4.27,97,431
Bank Reconciliations & Cash Internal Controls,Business,8640.0,4.12,123,14327
Advance CSS Shapes: Next Generation Websites (2020 Edition),Development,8640.0,4.34,28,2176
8 Perspektiv Arten,Lifestyle,7040.0,4.13,4,30
Metasploit Framework for Beginners,IT & Software,2560.0,3.99,34,2240
"Marketing, Sales and Mindset Mastery",Finance & Accounting,6400.0,4.32,31,128
Survival Skills for Non-Negotiators -- Tactics,Business,1600.0,3.19,16,66
Integrate HTML website into CodeIgniter from Scratch,Development,1600.0,4.11,12,2242
How to create a stunning artwork in just 30 minutes,Lifestyle,1600.0,3.46,442,14909
Introduction to Microstrategy Dossier creation,IT & Software,1600.0,4.22,7,22
Making Tax Digital - UK HMRC Legislation Explained,Finance & Accounting,0.0,3.86,73,3017
Small Business Management and Marketing Essentials,Business,2880.0,3.72,82,488
Create Websites and Hybrid APPs with Google Material Design,Development,1280.0,4.0,20,192
Together Let's Learn  the New Way to Self-Discovery,Lifestyle,1280.0,3.5,1,564
Hacking MasterClass - A to Z of Ethical Hacking,IT & Software,8640.0,4.46,43,1344
Beat the Banks: How to Secure Finance for Your Company,Finance & Accounting,6400.0,4.52,26,6104
101 Hypnosis Downloads Get The Life You Desire with Hypnosis,Business,9280.0,4.15,128,8400
C++ and Java Programming Combo Course For Beginners,Development,1600.0,2.71,12,861
Chemical Engineering as a Professional Career,Lifestyle,3200.0,4.16,36,1327
Amazon Self-Publishing for Beginners 2020,IT & Software,6080.0,4.12,78,691
Actors & Money,Finance & Accounting,1600.0,0.0,0,1
Navigating in a Hostile Work Environment,Business,6720.0,4.1,6,26
"Swift the Next Step, Be the BEST Swift Developer TODAY",Development,6400.0,2.99,17,1849
Make Realistic Nude Sketches In Pencil & Dry Pastels,Lifestyle,1280.0,4.69,6,1390
How to Become an Accountant from scratch!,IT & Software,1280.0,3.1,152,6328
Blockchain Business Basics – Enterprise & Business Use Cases,Finance & Accounting,2560.0,4.35,93,5374
Get to Yes - Use NLP To Overcome Rejections In Sales,Business,1600.0,4.38,28,694
Ultimate Theme Developer guide for Prestashop 1.7,Development,1280.0,3.12,9,63
The Complete Guide to Microsoft Outlook 2013,Lifestyle,0.0,4.55,643,14359
Advanced Mobile Penetration Testing Course,IT & Software,8640.0,3.07,54,11495
Introduction to Saffron and its international trade,Finance & Accounting,8640.0,3.74,7,20
Insider Secrets to Creating and Managing Virtual Sales Team,Business,4800.0,4.92,10,32
Projects in HTML5,Development,3840.0,3.57,288,9191
Effective iOS & Android App Icon Design,Lifestyle,1280.0,4.37,139,2553
Trading with Price Action and Volume Profile,IT & Software,6400.0,4.65,7,29
Service Desk Analyst Qualification - Practice Test,Finance & Accounting,1280.0,2.73,4,27
Learn About Safety Norms in Schools as a Priority,Business,1280.0,4.96,6,2477
Learn To Make Stylized Low Poly Characters [Beginner],Development,8640.0,4.7,75,894
Facebook Page Masterclass: Use It to Grow Your Business,Lifestyle,7680.0,4.79,373,2570
AWS Solutions Architect–Associate 2018 Practice Exam,IT & Software,1280.0,3.74,172,1034
The Psychology of Risk For Traders,Finance & Accounting,0.0,4.15,14,1912
"Google Data Studio For Data Analytics, Business Intelligence",Business,8640.0,4.53,13,152
Learn MySQL Basics for Data Science,Development,8640.0,2.77,35,568
How To Earn 7-Figures Using Your Unique Talent,Lifestyle,8640.0,4.47,3,4
Pattern Printing Programs in Java for Beginners,IT & Software,1280.0,4.11,12,3128
Learn this Killer Sales Process and Close Massive Deals Now!,Finance & Accounting,4800.0,3.35,42,3206
Art and Craft Festivals: A Practical Guide for Beginners,Business,1600.0,4.23,4,23
The Complete Job Control Language (JCL) Course.,Development,8640.0,4.44,387,3640
User Experience Design: Complete UX Fundamentals Course,Lifestyle,8640.0,4.29,1760,7784
Project Finance and Financial Modeling in Excel,IT & Software,6400.0,2.7,41,5849
Krisengewinner - Aktien als Chance in der Krise,Finance & Accounting,3200.0,4.52,34,182
Nailing Your First Quarter as CFO,Business,4800.0,3.85,42,167
Learn Python From Scratch - Basic to Advance,Development,1920.0,4.03,47,8313
Adobe After Effects: Infographics & data visualization,Lifestyle,4160.0,4.64,30,12509
CompTIA Security + Certification (SYO-501) : Training Course,IT & Software,1280.0,4.19,4,26
Amazon FBA Product Research Masterclass,Finance & Accounting,8640.0,3.66,41,3253
Ultimate Retirement: Build Your Own Dynamic Retirement Plan,Business,3200.0,4.08,61,1444
"From 0 to 1: Machine Learning, NLP & Python-Cut to the Chase",Development,6400.0,4.39,885,8604
デザイン石けん上級講座１　Design Soap Advance Course Part1,Lifestyle,6080.0,4.61,38,109
Python 3 For Offensive PenTest: A Complete Practical Course,IT & Software,6400.0,4.56,1275,13509
Leverage the Power of Generations,Finance & Accounting,3200.0,3.77,57,338
Start Trading Stocks Using Technical Analysis!,Business,8640.0,4.46,4166,17983
Learn Cypress Framework for End to End UI Testing,Development,8640.0,4.22,92,347
A-Z™ | Sıfırdan Microsoft Excel Eğitimi,Lifestyle,1280.0,0.0,0,15
HR Analytics: Factors impacting appraisal (excel analytics),IT & Software,8640.0,4.38,27,152
Creative Real Estate Investing & Flipping Houses,Finance & Accounting,1280.0,4.63,612,11874
Lease a Business Building: Negotiate the Best Deal,Business,2240.0,4.28,8,565
Automate anything using Robot Framework + Sikuli,Development,2240.0,3.05,26,400
Fathers-to-be Pregnancy Academy 24 to 36 Weeks,Lifestyle,2240.0,0.0,0,11
Master Your Abundance Mindset & Prosper Doing What You Love,IT & Software,8640.0,4.95,80,792
The Killer London Session( GBP/JPY) Strategy & Live Trades,Finance & Accounting,8640.0,4.26,65,251
"ISO 9001, Quality Management and Strategic Thinking Training",Business,1600.0,4.83,14,55
Learn AJAX with PHP : 3 Awesome Projects - Basic to Advanced,Development,8640.0,4.19,14,140
"DIY Mindfulness, Part 1",Lifestyle,1600.0,5.0,1,204
Financial Accounting: from Beginner to Expert,IT & Software,8640.0,4.37,12,76
Sales: The Art and Science of Selling,Finance & Accounting,3200.0,3.85,5,439
Entrepreneurship Success Mindset,Business,8640.0,3.37,89,7966
Learning Android N Application Development,Development,8000.0,4.11,14,55
Microsoft Excel 2013: Excel in 1.5 hours,Lifestyle,1600.0,3.49,32,1964
Value Investing For Beginners,IT & Software,6400.0,4.32,62,851
Twitter Followers: Get 100 Twitter Followers in 48 Hours,Finance & Accounting,8640.0,4.04,37,1684
How to be a Highly Effective Team Leader +1 Coaching Session,Business,4800.0,3.8,6,45
"Automation Testing with QTP 11, ALM 11, Selenium 2 with Java",Development,1280.0,3.96,58,4530
Adobe Indesign CC,Lifestyle,3200.0,4.67,57,259
6. Annuities Due and Deferred,IT & Software,1280.0,5.0,1,181
"Aktien, Börse und Finanzen Masterclass",Finance & Accounting,8640.0,3.63,108,759
"Journalism -TV Reporters, News Anchors Look Great on TV",Business,8640.0,4.41,123,12064
Build an Online Store & Sell Private Label Products,Development,3200.0,3.9,27,1536
"The Enneagram: Your guide to Empowerment, Love and Awakening",Lifestyle,5760.0,4.12,7,31
Juniper JNCIS-ENT: 6 Full Practice Exams 2020,IT & Software,1600.0,2.57,4,14
Start your own phone unlocking business - Unofficial,Finance & Accounting,6400.0,2.57,72,266
Top Recruiting: most effective questions for interviewers,Business,2560.0,4.51,16,1106
How To Increase Your App's User Engagement,Development,1280.0,2.54,12,3041
AUTODESK AUTOCAD LT TEMEL ARAÇ VE TEKNİKLERİ,Lifestyle,8640.0,4.65,14,570
Smart Contracts In Plain English,IT & Software,2240.0,0.0,0,1
Presentation Skills Workshop,Finance & Accounting,1280.0,4.23,16,763
Machine Learning in Healthcare (no coding required!),Business,5760.0,4.36,14,86
More Data Mining with R,Development,8640.0,3.92,99,2454
The Confidence Effect: Improve your confidence & self-esteem,Lifestyle,6080.0,4.02,11,2757
GDPR fast and efficient for freelancers and small businesses,IT & Software,8640.0,3.97,3,23
Small or new business? Want to grow by 46%?,Finance & Accounting,6080.0,4.71,123,1038
The Complete Belive TV  Facebook Live Course 2019,Business,4800.0,4.3,46,713
Multiple Regression Analysis with R,Development,1600.0,3.84,28,201
The Friendship Course:  Rules to Make and Keep Friends,Lifestyle,8640.0,3.21,33,5410
How To Start a Business - Financial Creativity For Success,IT & Software,8640.0,3.91,362,1809
BODY LANGUAGE INTERNATIONAL CULTURAL DIFFERENCES,Finance & Accounting,6080.0,4.02,9,27
Learn to Trade With Fibonacci Tools,Business,1920.0,3.59,364,1702
Android App Components: Fragments & Background Services,Development,8640.0,3.57,15,60
Dynamo. Advance. Part 1,Lifestyle,1280.0,4.65,9,41
AWS Machine Learning -  Specialty Practice Exam 2020!,IT & Software,1280.0,3.16,5,34
Grammar Mastery: Learn the Fundamentals of Grammar,Finance & Accounting,1280.0,4.27,77,1559
Side Hustle: Develop the skills you need to succeed,Business,5440.0,3.93,34,9081
Computer Science 101: Intro to Java & Algorithms,Development,8640.0,3.37,78,473
Mehr Sichtbarkeit durch Online Marketing auf Social Media,Lifestyle,8640.0,3.99,2,35
Git: Understand it and Tame it.,IT & Software,1280.0,4.33,14,3022
Borsa Temel Ve Teknik Analiz,Finance & Accounting,2240.0,2.98,8,30
Learning and Development Methods,Business,8640.0,4.43,65,317
Basic to Semantic HTML: How to Structure Web Pages,Development,1280.0,3.38,114,6736
Learn the Basics of Urdu Calligraphy,Lifestyle,1280.0,4.8,2,45
Securing Hadoop Cluster using Kerberos and Sentry,IT & Software,8640.0,4.72,41,302
How to Write a Strategic Plan,Finance & Accounting,1280.0,3.68,142,789
5 Top Marketing Mistakes And How To Avoid Them,Business,1920.0,4.66,5,1022
UE4 Irobelly Gun Mechanics From Scratch,Development,1920.0,4.07,12,115
Comment utiliser la publicité Facebook en 2019 ?,Lifestyle,1280.0,3.82,98,715
Wirtschaftswissen: Geld und Inflation,IT & Software,1920.0,3.0,2,14
Forex Trading -  Learn to Trade Forex Like the Banks,Finance & Accounting,8640.0,4.19,331,3661
Buzzsumo: How To Create A Content Strategy That Converts,Business,8640.0,4.11,13,4013
Web Design became child's play Thanks to Weebly,Development,1920.0,4.21,14,1886
Corporate CV Guide: Land Your Dream Corporate Job!,Lifestyle,1280.0,4.16,15,2854
CIPS Level 4 Diploma - Defining Business Needs (L4M2),IT & Software,1600.0,3.74,8,35
Increase Your Profit by Understanding the Numbers,Finance & Accounting,2560.0,5.0,3,25
Start a Freelancing Career or an Agency on Upwork in 2020,Business,1920.0,3.9,17,1207
Angular 2 & TypeScript Beginner Web Development,Development,8640.0,3.89,575,5924
How to actually meditate,Lifestyle,1280.0,4.7,13,1038
Curso de opciones financieras,IT & Software,1280.0,4.0,1,7
Business Analysis & Scrum 4 Business analyst & Product Owner,Finance & Accounting,8640.0,4.27,924,5107
Getting Started - Social Business Start Up,Business,1600.0,4.43,9,65
What's New in Java 9 - Modules and More!,Development,3200.0,4.46,548,4106
The Ultimate Youtube Traffic Hack - Unlimited Free Traffic,Lifestyle,8640.0,4.09,141,18423
No Fluff YouTube Marketing,IT & Software,2560.0,4.91,5,41
"Communications, Media and Telecommunication Industry",Finance & Accounting,1280.0,3.61,5,10
Wedding planner MBA: the complete how to start 4-in-1 course,Business,2560.0,4.43,293,1564
Introduction to CMake,Development,1280.0,3.91,105,368
WordPress SEO: Easy SEO Technique For Your WordPress site,Lifestyle,8640.0,3.75,13,2871
Partial Reconfiguration with FPGA,IT & Software,8640.0,3.16,10,98
BlockChain Career Guide,Finance & Accounting,2240.0,2.97,19,95
"Boost Sales: Focus on the ""Buying"" cycle NOT the Sales cycle",Business,8640.0,4.36,6,35
The Complete Android Material Design Course™,Development,8640.0,4.04,460,16001
Membuat kue 3D Baby Husky - Edisi Natal,Lifestyle,5120.0,0.0,0,10
11 Free Ways To Get Mass Traffic To Your Website in 2020!,IT & Software,2560.0,4.3,105,17040
Introduction to Financial Management,Finance & Accounting,1600.0,3.54,11,28
Deep Learning with Python and PyTorch,Business,8640.0,4.03,6,34
Microsoft Azure: Storage and Database,Development,1600.0,3.25,28,1555
#1 Learn How To Cook The  Right - No Experience Needed!,Lifestyle,3520.0,4.06,8,1544
Cyber Security Course from Beginner to Advance 2018/2019 *,IT & Software,8640.0,3.64,52,2037
Momentum Trading for Profit - (Coronavirus Updated),Finance & Accounting,0.0,3.6,25,3756
Entrepreneurship: Financing Startups and Growing Companies,Business,8640.0,4.07,15,2759
PHP 7 - A Simple Guide to Database Connections with PHP PDO,Development,1280.0,4.56,33,97
ProShow Training Series - Volume 6,Lifestyle,1280.0,4.92,16,94
Coaching Course: Investment Planning,IT & Software,12800.0,4.07,21,65
Fiction Writing: A Complete Novel Outline Chapter by Chapter,Finance & Accounting,8640.0,4.42,392,6992
Learn Basic Accounting in 90 Minutes,Business,3200.0,2.27,18,3604
R Programming,Development,1280.0,4.2,74,14089
Bible #2 - Galatians - Sentence Block Diagram Technique,Lifestyle,6080.0,4.5,13,496
Sophisticated Executive Presentation Skills for the Busy CEO,IT & Software,6400.0,4.63,21,193
Intro to Bitcoin & Cryptos,Finance & Accounting,1280.0,4.1,48,2112
The Macroeconomics Course 2020,Business,8640.0,4.27,185,2458
Free Automated A+ Graded SSL Certificates with Let's Encrypt,Development,3840.0,3.96,203,1666
Google Sheets from Beginner to Advanced,Lifestyle,6720.0,4.2,80,3871
HOW TO FILE GSTR1 RETURN & HOW TO CALCULATE VALUE FOR GSTR-1,IT & Software,5760.0,5.0,1,8
Libérez-vous de vos dettes rapidement,Finance & Accounting,3840.0,4.23,21,95
Deploy Microsoft Dynamics 365 For Business & Start Using It,Business,8000.0,4.16,455,4104
DP-900 Azure Data Fundamentals Exam Prep In One Day,Development,1920.0,4.62,209,1130
"Excel Data Visualization, Charts and Graphs",Lifestyle,0.0,4.12,69,4050
Using Xero for your bookkeeping needs  do beautiful business,IT & Software,6080.0,3.33,19,89
Advanced Trading for Profit,Finance & Accounting,8640.0,4.89,4,45
20 easy tipps to start your own internet business,Business,8640.0,4.18,22,3980
RSLogix5000 Training Using PLC Ladder Logic. Advanced,Development,3200.0,4.23,201,1193
Excel in Microsoft Excel 4: VBA macros for Excel - an intro,Lifestyle,5120.0,4.29,43,203
Contract Management for Project Managers,IT & Software,1280.0,3.82,58,167
Orçamento Pessoal e Familiar + Renda Extra,Finance & Accounting,0.0,4.38,246,4231
Content Writing: How to Become a Freelance Writer,Business,6720.0,3.35,10,33
SOLIDITY PROGRAMMING FOR BEGINNERS,Development,1280.0,4.35,13,614
60 minutes to Total Transformation of Students,Lifestyle,4800.0,4.43,17,3332
Business Environment & Concepts (BEC) CPA Practice Test 2020,IT & Software,6400.0,5.0,1,26
Blog Post Writing Made Simple - Blogging Methods That Work,Finance & Accounting,6080.0,4.01,165,8356
First Steps Into Management Accounting,Business,1280.0,4.28,42,1763
Apache Maven: Beginner to Guru,Development,8640.0,4.54,1311,10200
The Five Minute Photoshop Rule - Interactive Photoshop,Lifestyle,1280.0,0.0,0,35
Digital Marketing Strategies to Grow your Audience,IT & Software,8640.0,4.47,18,177
Solopreneur success guide: #2 Copywriting and eBook creation,Finance & Accounting,8000.0,4.48,8,770
Adopting Agile in Your Organisation,Business,8640.0,4.68,8,20
Scraping data from Google search results,Development,8640.0,3.34,16,97
Aprende a cocinar auténticas cazuelitas y tapas Españolas,Lifestyle,3840.0,0.0,0,0
Manage Cash Flow,IT & Software,1920.0,0.0,0,2
Probability and Statistics - Practice Tests and Solutions,Finance & Accounting,8640.0,4.76,38,583
Data Analysis in Python for Lean Six Sigma Professionals,Business,3840.0,4.31,23,102
"The React Developer Course with Hooks, Context API and Redux",Development,6400.0,4.34,26,196
How to Become Extremely Smart,Lifestyle,1280.0,4.19,63,947
How to Run a Business Online: No Work Required,IT & Software,1280.0,4.01,25,507
Complete Trello Fundamentals - Beginners to Advanced,Finance & Accounting,8640.0,4.28,128,4065
Restaurant Marketing: The Secret is in the Sauce™,Business,1280.0,3.22,45,1354
"Unity : Video Ads, LeaderBoard & Achievement Unlock System",Development,8640.0,4.34,36,596
HOW TO BECOME A PRO IN ALL ASPECTS OF ACTING SKILLS,Lifestyle,3200.0,4.88,9,69
Accounting 101: Learn The Entire Accounting Cycle With Ease,IT & Software,1920.0,4.24,12,1266
Administrative Human Resources (HR) for Beginners,Finance & Accounting,4800.0,4.34,3846,9245
Wedding Management Mastery - Become A Day Of Coordinator,Business,8640.0,4.44,49,200
Google Script application Connecting to Twitter API and more,Development,8640.0,4.62,30,761
Womb Wounds,Lifestyle,1600.0,3.43,3,21
How 8 Financial Ratios Can Allow You to Analyse Any Business,IT & Software,0.0,3.92,77,2702
Тест на финансовую грамотность,Finance & Accounting,1280.0,0.0,0,1
Great Customer Service with Emotional Intelligence,Business,2240.0,4.31,47,6228
Web Building Starter Pack. Html Css and JQuery Animations,Development,1920.0,4.79,36,1092
MS PowerPoint Practice Test for all Interviews and Exams,Lifestyle,2560.0,3.75,14,5404
Bitcoin na Prática para Iniciantes,IT & Software,5440.0,4.54,224,833
Accounting - The 6 most important rules you must learn,Finance & Accounting,1280.0,4.51,25,1053
Sales Training: Value Based Selling,Business,8640.0,4.46,8,2775
Javascript Essentials for Absolute Beginners,Development,7680.0,4.25,183,12134
Time Management Hacks To Make You Insanely Productive,Lifestyle,8640.0,3.27,3,786
MS-600 Practice Test 2020,IT & Software,1280.0,3.55,12,44
How I Built An Online Business (with 6 Sources),Finance & Accounting,8640.0,3.42,47,10188
How to Write and Publish an eBook,Business,1600.0,3.24,7,90
Build a Serverless App with AWS Lambda - Hands On!,Development,3200.0,4.44,1373,11697
Macarons 2.0: baking 4 types of shells + 15 fillings!,Lifestyle,6400.0,4.52,14,87
How to Build a Computer from Scratch: The Complete Course,IT & Software,6400.0,4.61,82,1555
Hidden Secrets Of Selling - Part 3,Finance & Accounting,8640.0,4.08,19,16071
Successful Nonprofit Fundraising for Board Members & Staff,Business,6080.0,4.5,44,272
Complete Developers Guide: Ruby on Rails & React with Redux,Development,8640.0,4.08,75,563
Рисуем череп и мышцы лица,Lifestyle,2560.0,4.82,9,69
70-461 Session 6: Querying Microsoft SQL Server (SQL code),IT & Software,3200.0,4.93,196,2003
Lower College Costs!  How I Saved 50k on a Bachelor's Degree,Finance & Accounting,1280.0,3.95,9,181
The Algorithmic Trading Blueprint | Learn Algo Trading,Business,8640.0,3.74,8,66
Certified Node Course For Web Designer,Development,8640.0,3.42,37,6405
Bhagavad Gita As It Is in Sign Language,Lifestyle,1280.0,4.72,3,13
How to install a free VoIP telephone PBX system with 3CX v16,IT & Software,1280.0,4.11,8,193
Value Added Tax (VAT) - Implementation in Saudi Arabia/ Gulf,Finance & Accounting,1280.0,4.31,81,177
Options Trading for Beginners,Business,2240.0,4.36,96,341
JavaScript in Action 3 useful code components,Development,1280.0,4.44,16,3813
HTML5 and CSS3 complete course from scratch with projects.,Lifestyle,8640.0,4.68,145,2758
Guide to Building Your First YouTube Channel Efficiently,IT & Software,1280.0,4.01,45,2702
Recruiting & Business Development Hacks,Finance & Accounting,7040.0,4.11,228,4440
Logistic Regression using R in 10 easy steps!,Business,1280.0,4.4,33,76
Show And Tell: Sikuli - Pattern-Matching and Automation,Development,6400.0,4.46,66,1701
Webページに華やかな表現を！ jQueryプラグイン基礎講座（スライドショー編）,Lifestyle,1280.0,4.38,52,252
Project Management Professional (PMP),IT & Software,8640.0,4.45,45,222
IPython Interactive Computing and Visualization Cookbook,Finance & Accounting,8640.0,3.61,5,29
Learning Path: Elasticsearch and AngularJS: IntraWeb Search,Business,8640.0,3.74,10,110
Email Marketing: Send Unlimited Emails via Own Mail Server,Development,2240.0,3.57,171,4131
Introduction to Resumes & Cover Letters,Lifestyle,0.0,4.36,1561,24413
8D Problem Solving,IT & Software,1600.0,3.45,4,15
How To Develop Successful Careers And Avoid Burnout,Finance & Accounting,8640.0,3.98,13,1004
Stock Investing Masterclass - Invest like the professionals,Business,1280.0,3.81,19,113
Ionic 2 Crash Course: Learn Ionic2 Fundamentals in 1.5 Hours,Development,4800.0,4.42,235,4084
Blender : la 3D par la pratique.,Lifestyle,2880.0,3.31,13,77
Agile PM 401 - Advanced Agile Project Management,IT & Software,8640.0,4.44,807,5021
TRADING MARKET MAP,Finance & Accounting,2880.0,2.74,36,1634
GDPR: Certification for EU Small Businesses-Windows 7,Business,1280.0,3.84,16,999
PHP for Beginners: How to Build an Ecommerce Store,Development,6400.0,4.6,1383,10694
YouTube Marketing and YouTube SEO Fundamentals,Lifestyle,0.0,3.94,25,1386
SDF: Windows Prefetch Forensics,IT & Software,3200.0,4.5,106,613
Mastering Pentaho Business Intelligence tool,Finance & Accounting,8640.0,3.68,20,281
How to Utilize Squidoo and Amazon to Run an Online Business,Business,2240.0,3.44,3,130
Google Apps Script - Project Management App Project,Development,8640.0,4.66,12,2697
Conscious Business: Building Empowered Relationships,Lifestyle,12480.0,4.4,1246,3548
SAP Security Training,IT & Software,6080.0,4.02,413,1519
CFA® Level 1 2014 – Quantitative Methods,Finance & Accounting,3200.0,0.0,0,124
Microsoft Dynamics CRM 2016 Customer Service  practice exams,Business,1600.0,4.1,4,18
Getting Cozy with Unity UI,Development,1280.0,4.41,57,229
Digital Painting | Powerful Fundamentals for New Artists,Lifestyle,5120.0,4.43,79,4183
FinTech - Digital Payments (Card & POS).,IT & Software,9280.0,4.03,100,1371
Management 101: Employee Performance Scorecards In Excel,Finance & Accounting,1920.0,3.67,14,363
Fiverr Business Success Blueprint: Step-By-Step Guide + Book,Business,2880.0,3.89,17,1764
Serverless Python Application on Google Cloud,Development,3840.0,4.46,55,18996
Dog Training - Become A Professional Dog Trainer,Lifestyle,8640.0,4.13,101,1682
Freelancing for Artists: How to Build Your Business,IT & Software,1920.0,5.0,4,56
The Psychology of Investing,Finance & Accounting,8640.0,4.6,5,1288
Overview of the oil and gas industry,Business,6400.0,4.29,39,170
Oracle Java SE7 Programmer Level 1 Certification,Development,4800.0,3.63,48,819
Office 2013教材コース（Word、Excel、PowerPoint、Access、Outlook、Win10）,Lifestyle,2880.0,3.93,20,137
Network Concepts and Programming from Scratch - Academic LvL,IT & Software,1280.0,4.4,318,4350
Introduction to Digital Assets to Get You Started on Trading,Finance & Accounting,0.0,4.56,64,3876
Equity Research & Financial Modeling,Business,3840.0,4.07,133,593
Building Chatbots with Amazon Lex and IBM Watson,Development,8640.0,4.23,205,2485
"Decision Making: Mistakes, in Probability and Statistics !",Lifestyle,5120.0,4.58,201,1075
Learn How to Write Just About Anything,IT & Software,1280.0,4.48,5,1492
Fibonacci Trading Magic: Profiting From Low Risk Trades,Finance & Accounting,8640.0,4.51,36,203
How to Network & Grow Rich,Business,1280.0,3.94,39,4473
Mastering SharePoint 2019,Development,8000.0,4.37,325,1685
CBT Cognitive Behavior Life Coach Certification: Accredited,Lifestyle,9600.0,4.52,1737,8969
Gestão financeira no futebol,IT & Software,1280.0,2.81,4,10
Kindle Publishing Secrets - Start Earning Passive Income Now,Finance & Accounting,1280.0,3.76,121,2602
"A Quick, Simple Way To Look At A Stock And Know What To Do",Business,4800.0,4.53,15,2102
How neural networks work - a glimpse into math for beginners,Development,5120.0,4.14,18,199
DESIGN GRÁFICO || PHOTOSHOP: Efeitos Incríveis Vol.2,Lifestyle,1280.0,4.07,5,64
Profit from Your Art,IT & Software,1280.0,4.76,7,36
"Be Expert at Stock Trading,Stock Market, Complete course",Finance & Accounting,8640.0,0.0,0,1
How to Pick Stocks,Business,1280.0,3.77,13,179
Introduction to Generative Adversarial Networks with PyTorch,Development,1280.0,4.18,36,286
Fire Your Phone Company: Get a Free Landline,Lifestyle,1280.0,4.41,17,2169
Statistics Explained Easy 5 - STATA,IT & Software,8640.0,4.14,9,78
Management Consulting Essential Training,Finance & Accounting,8640.0,4.59,788,32942
How To Start A Business: Entrepreneurship Essentials,Business,1280.0,4.39,131,20546
Your First Steps from Programmer to Software Architect,Development,8640.0,4.35,193,4331
How To Create Brilliant Facebook Ads For Your Business,Lifestyle,2240.0,4.21,25,2581
Learn C++11 New Features in few minutes,IT & Software,1600.0,3.21,19,1974
Aprenda a alavancar sua banca nas opções binárias (AB1.0),Finance & Accounting,1600.0,3.29,11,35
Sales Skills Masterclass with Phil Hesketh,Business,6400.0,4.55,110,1632
Python - The Practical Guide,Development,8640.0,4.57,3459,19713
How to be present whilst presenting,Lifestyle,6080.0,4.7,22,671
PW0-270 Certified Wireless Analysis Professional (CWAP) Exam,IT & Software,8640.0,1.2,3,747
Business of Transcription,Finance & Accounting,1600.0,3.29,3,557
Sales Skills Mastery - An Immediate Increase In Your Results,Business,8640.0,4.14,263,1192
"Ruby on Rails 5 - BDD, RSpec and Capybara",Development,8640.0,4.53,452,3490
צילום וידאו והקמת ערוץ ביוטיוב,Lifestyle,0.0,4.81,3,69
Pre-Revenue New Venture and New Product Valuation Part 2,IT & Software,6400.0,3.7,8,92
eCommerce Store Guide,Finance & Accounting,1280.0,3.98,16,1453
Book Marketing Methods That Always Work,Business,8640.0,3.9,45,6680
Home Automation with Raspberry Pi and AWS - IoT - 2019,Development,6400.0,4.66,47,336
How To Create An Iconic Product,Lifestyle,6400.0,0.0,0,0
Borsa | Temel ve Teknik Analiz | Bitcoin - Blockchain - Defi,IT & Software,12480.0,4.72,209,421
"I Will Teach About God & Entrepreneurs,and Help You Be One",Finance & Accounting,1280.0,4.57,16,1052
Financial Planning for Businesses | Become Profitable,Business,6400.0,4.53,26,77
"Learn By Example: Hadoop, MapReduce for Big Data problems",Development,6400.0,4.39,593,6560
Microsoft Excel Formulas and Functions - Step by Step,Lifestyle,6400.0,4.67,7,26
Aprenda ECF - Escrituração Contábil Fiscal do zero,IT & Software,2560.0,4.52,10,68
Wohlstand anziehen und reich werden - Hypnose geführt,Finance & Accounting,6400.0,4.48,70,638
Stock Trading Strategies: A Formula for Personal Freedom.,Business,3200.0,3.07,17,131
Using Swift to Build an IMDb Search App,Development,1920.0,4.25,57,1068
Faire des ventes flash avec un seul email de promo,Lifestyle,1280.0,4.18,8,96
Hands-On Linux System Administration,IT & Software,8000.0,4.21,11,45
Planejamento Financeiro Completo [2019],Finance & Accounting,0.0,4.37,168,5081
UDUTU - Course Authoring Tool,Business,8640.0,3.82,7,1727
Setup A WordPress Website on GoDaddy - From Start To Finish,Development,1280.0,3.75,40,1389
Analyzing a Content Inventory,Lifestyle,0.0,3.86,22,3921
Launching Your Own Mobile App Business,IT & Software,2880.0,3.91,5,226
Identifying Procurement Fraud Risk,Finance & Accounting,3200.0,4.6,10,27
Build A Digital Online Business From Home For Passive Income,Business,8640.0,3.31,86,28750
A Gentle Introduction To JavaScript For Beginners,Development,1280.0,4.37,16,180
how to create a logo for your youtube channel in no time,Lifestyle,1280.0,3.38,102,10358
Cisco CCNA to CCNP Transition,IT & Software,2560.0,4.25,9,157
Program Management Professional (PgMP) Exam Prep Course,Finance & Accounting,8640.0,4.41,11,90
Performance: How to Give and Receive Feedback Effectively,Business,5760.0,4.66,4,12
Learn Programming in Python With the Power of Animation,Development,8640.0,4.29,562,29735
Αλλάξτε τη ζωή σας με τη βοήθεια των Αγγέλων,Lifestyle,8640.0,4.64,14,37
Learn RAID configuration using Linux,IT & Software,1280.0,4.06,11,2315
Customer Service Superstardom: Customers Will Love You,Finance & Accounting,1600.0,4.21,85,890
Global Transfer Pricing Policy Development,Business,3200.0,4.02,31,83
Visual Studio Code Extension Development,Development,8640.0,3.08,18,135
Certified Central Sterile Processing Course,Lifestyle,8640.0,4.06,54,181
Oseke Academy™ Getting Started with Electronics Design,IT & Software,1280.0,4.03,10,1611
Environment Management,Finance & Accounting,3200.0,4.93,4,313
Become a Master of Business Management,Business,8640.0,3.46,70,766
Salesforce Lightning,Development,2880.0,4.23,87,691
The easiest way to be rich 30 things,Lifestyle,2240.0,3.55,2,7
Fortinet FortiGate Firewall 5-in-1 Training Bundle,IT & Software,1920.0,4.31,495,2710
Freelance Bootcamp - The Comprehensive Guide to Freelancing,Finance & Accounting,6080.0,4.53,383,3192
Startup Financing: Fund Your Startup Instantly and Cheaply,Business,8640.0,4.13,42,3037
Learn Bootstrap 4 By Creating An Advanced Bootstrap Theme,Development,8640.0,4.68,831,3509
How to Write Your Memoirs,Lifestyle,8640.0,2.86,4,817
Why become an entrepreneur,IT & Software,1280.0,3.15,22,5906
How to Discover GIANT Stocks with Value Investing Strategies,Finance & Accounting,3200.0,0.0,0,8
Customer | How to Build a Customer Service Strategy,Business,1920.0,4.35,1015,2585
Learning Path: ArcGIS: Get Started with ArcGIS,Development,8640.0,4.08,59,344
The Complete Native Ads & Massive Profits With CPA Marketing,Lifestyle,7360.0,3.47,10,2032
Imposto de renda para day trade,IT & Software,1920.0,3.86,4,24
How to Talk Finance,Finance & Accounting,2240.0,4.84,9,42
Financial Accounting – Payroll,Business,8640.0,4.28,508,8004
Laravel Payment Processing Using the Best Payment Platforms,Development,3840.0,4.87,53,401
Grab Success Through NLP Mantras,Lifestyle,1280.0,3.01,8,1335
Learn a Framework: Planning Wall,IT & Software,1920.0,4.55,15,80
60 Minutes to Fundamental Accounting Skills,Finance & Accounting,4800.0,4.53,361,1484
Food Delivery Business: How to start a food delivery service,Business,1280.0,4.27,33,960
Double Your Coding Speed with Visual Studio and ReSharper,Development,1920.0,4.24,62,594
Master Your Mind: Mindset course for Success & Happiness,Lifestyle,1280.0,4.66,5,28
"Practice the IIBA CBAP Exam: 240 Quality Questions, 2020",IT & Software,3520.0,3.99,23,149
Financial Educators Association Master Course,Finance & Accounting,6400.0,3.42,3,12
Turn Your Passion into an Online Business in Just 30 Minutes,Business,8640.0,4.28,10,2306
CSS and CSS3 Advanced,Development,8000.0,3.63,13,1078
How To Be a Stand Up Comedian - HowExpert,Lifestyle,1920.0,0.0,0,0
Business Plans for Startups,IT & Software,2560.0,4.06,14,90
Transcription happens Automatically - with Amazon Transcribe,Finance & Accounting,1280.0,4.47,23,4954
10 Secrets How to compete with online roulette using system,Business,1280.0,3.51,20,648
Javascript Specialist,Development,8640.0,4.45,92,661
Développer votre compte Instagram en 4 étapes,Lifestyle,0.0,2.83,2,710
Beginners Guide to What Traders Do,IT & Software,1280.0,3.36,16,3022
How to Find Easy Markets to Publish Your Books In,Finance & Accounting,6080.0,4.77,354,1825
Fundamentals of Quality Management,Business,2880.0,3.97,37,95
How to Make Tile Based Platform Games in Gamemaker Studio 2,Development,8640.0,4.65,743,3268
Curso de Desenho Vetorial no Adobe Ilustrator,Lifestyle,1600.0,4.43,52,207
Writing/Editing Tips & Tricks - Writing Like A Pro,IT & Software,6400.0,4.18,162,4811
Accounting for Social Service Organisations,Finance & Accounting,8640.0,4.26,4,9
Forex Trading: The Ultimate 5 Minute Forex Scalping System,Business,8640.0,3.99,258,893
Learn Bash Shell in Linux for Beginners - Lite,Development,1280.0,4.08,247,2580
Design Thiking: Study Material and Practice Test,Lifestyle,8640.0,0.0,0,3
Monitoring Cloud Or On-Premise Infrastructure With Nagios,IT & Software,8640.0,3.34,5,34
Complete course on Consignment Accounting | Accountancy,Finance & Accounting,1280.0,3.93,3,753
Basic Fundamentals of Electricity and DC Circuit Analysis,Business,3200.0,4.58,27,142
All About Gaming Industry Careers & Game Design Fundamentals,Development,1280.0,4.26,51,819
Imágenes fotorrealistas con VRay. Interioristas Decoradores,Lifestyle,1280.0,4.5,43,3654
Practical security,IT & Software,1280.0,3.48,8,26
Patent Pending: Drafting a Provisional Patent Application,Finance & Accounting,1280.0,4.2,143,1348
"Ethereum, Litecoin & Dash CryptoCurrency Course (10 Hours)",Business,1280.0,3.79,17,4068
The Full Stack Developer Bootcamp,Development,8640.0,3.83,59,415
Learn Microsoft Excel 2016 in 1 Hour (+12 Excel Templates),Lifestyle,8640.0,4.13,47,2812
Voice Training: Discover Your Confident and Powerful Voice,IT & Software,6400.0,4.49,77,622
How to Build an Entrepreneurial Mindset for Startup Success,Finance & Accounting,3200.0,4.44,5,445
How To Build Your Own Coaching Business Online,Business,1280.0,3.71,29,193
Web Application automation using Watir - Ruby - Cucumber,Development,1280.0,4.07,99,499
Crafts and Table Settings for Autumn,Lifestyle,1280.0,3.64,6,411
Company Credit Rating and Analysis,IT & Software,6400.0,3.17,18,3939
ACCA MA1 Management Information,Finance & Accounting,3200.0,4.2,15,96
Content Creation Masterclass 2.0 [Passive Income with Video],Business,8640.0,4.25,208,25741
Basic JavaScript for Beginners,Development,1600.0,3.74,18,1082
Finding Your Own Drawing Style,Lifestyle,1280.0,3.65,4,14
Beginners guide to ethical hacking and penetration testing,IT & Software,6400.0,4.12,47,270
Compliance Training for Managers,Finance & Accounting,1280.0,4.16,32,74
Product Liability in Manufacturing,Business,3840.0,3.21,4,1024
Selenium-Python: Code Management(GIT) + Jenkins Integration,Development,1920.0,4.14,35,3197
Animal Communication and Telepathy,Lifestyle,8640.0,3.5,13,59
Day Trading and Swing Trading systems for Stocks and Options,IT & Software,9600.0,4.2,81,491
Supply Chain of Perishable Products: Inventory Management,Finance & Accounting,1280.0,4.25,97,2008
Cryptocurrency. Ethereum Blockchain. Bitcoin Smart Contracts,Business,8640.0,2.83,56,6603
Vuejs and Laravel Integration - Small Project Included,Development,3200.0,4.08,110,1369
Excel 2013: Master Sparklines in 30 min,Lifestyle,1280.0,0.0,0,0
Automation Anywhere Advanced RPA Professional - Mock Test,IT & Software,6400.0,4.67,266,1202
Apprendre le fonctionnement des CFD en moins de 15 jours,Finance & Accounting,8640.0,0.0,0,0
QuickBooks Desktop vs. Excel,Business,8640.0,4.44,24,2260
Getting interview ready - data structures,Development,1600.0,3.87,263,17498
Aprenda a programar criando arte no Processing,Lifestyle,1280.0,3.76,64,251
10 Best Government Grants to Start a Non-Profit in America,IT & Software,1280.0,4.94,22,166
Become a Virtual Assistant,Finance & Accounting,2560.0,4.25,556,2247
Start A Home Based Freelancing Business,Business,8640.0,3.94,4,68
Learn HTML 5 complete Course,Development,3200.0,3.34,15,1822
Color Therapy: Learning to Use Color to Change An Emotion,Lifestyle,1600.0,0.0,0,0
Learn Linux Terminal Command Line and Bash Shell Scripting,IT & Software,8640.0,4.51,39,240
Become a Master of Business Management,Finance & Accounting,8640.0,3.46,70,766
Create Your Own Hedge Fund: Trade Stocks Like A Fund Manager,Business,8640.0,4.3,618,7557
Excel VBA Introduction- MIS Analytics Training Series1,Development,1280.0,4.88,10,357
The Complete Bootstrap 4 Guide: Beginner to Advanced,Lifestyle,8640.0,4.7,119,664
5 Keys To Investing,IT & Software,0.0,4.17,1716,25188
Become a Consultant in 5 Steps,Finance & Accounting,8000.0,4.13,57,410
End overwhelm - plan your business' website like a pro,Business,1280.0,4.5,9,22
Python 3 Advanced Computer Vision,Development,1280.0,3.13,13,2030
Gandhian Methods to Sustainable Living and Happiness,Lifestyle,0.0,4.48,12,606
Jornada Rumo ao Milhão: Aprenda a investir seu dinheiro,IT & Software,2880.0,5.0,1,8
Creating a Manufacturing Health and Safety Program,Finance & Accounting,1280.0,4.33,32,1360
How to set up a company in the US (for foreign dropshippers),Business,8960.0,4.73,11,13
Complete Gaming Package: Learn To Code In Unity® And Unreal,Development,8640.0,3.65,158,2617
Microsoft Excel Pivot Tables - In-Depth Excel Training,Lifestyle,3200.0,4.2,71,915
Oracle Cloud Infrastructure 2019 Cloud Operations Associate,IT & Software,1280.0,4.47,3,15
Basic Algorithmic Trading Course + 3 Robots(Expert Advisors),Finance & Accounting,8640.0,4.26,75,422
U.S. Immigration 101,Business,1280.0,4.0,5,7
Let's get Firebase and Play Games in Unity - It's not easy.,Development,3520.0,4.41,27,159
ProShow Training Series - Volume 7,Lifestyle,1280.0,4.86,13,85
"Forex PAMM - Perfect Business: Fully Automated, No Marketing",IT & Software,8640.0,4.4,46,1003
Teknik Analiz: forex Bitcoin Altcoin vs. Grafik Okuma,Finance & Accounting,1280.0,2.8,7,17
Dropshipping with Wordpress: Create a Dropship Business Fast,Business,1280.0,4.12,85,20896
Learn MS SQL Server in 2018,Development,1280.0,3.24,9,37
⭐️[10.000+] Passives Einkommen mit Affiliate Seiten aufbauen,Lifestyle,4480.0,4.12,35,293
Information Security Primer,IT & Software,1600.0,4.14,12,696
"Start A Business in Reiki, Energy Healing or Natural Therapy",Finance & Accounting,8640.0,4.7,129,1054
IQ OPTION TRADING COURSE WITH PRICE ACTION AND CANDLE PSYCHO,Business,8640.0,3.81,29,88
Mastering Apache HBASE with Hands-on,Development,8640.0,2.75,43,194
Stories Animado com After Effects,Lifestyle,3200.0,3.79,33,161
Asterisk 16 Quick Start - Become Super Hero in VoIP.,IT & Software,1600.0,4.05,20,194
Hotel Management- Maximise & Analyse Restaurant Profits,Finance & Accounting,3200.0,3.52,30,210
Amazon FBA - How to Pick Profitable Products in 2 Hours,Business,7040.0,4.57,914,5424
"Node JS Cluster with PM2, RabbitMQ, Redis and Nginx",Development,3520.0,4.24,40,275
"Adobe Dimension CC: il 3D ed il 2D insieme, semplicemente",Lifestyle,2560.0,4.7,112,357
How to Build a Social Network Without Coding,IT & Software,1280.0,4.26,23,1303
Write In Steps: The Amazing Nonfiction Book Writing Formula,Finance & Accounting,8640.0,3.62,204,7542
Forex Breakout Profits: The Definitive Guide,Business,1600.0,4.71,110,713
Building Cross Platform Apps with Xamarin and C#,Development,3200.0,4.2,35,394
Psychology of Productivity,Lifestyle,1920.0,0.0,0,3
Mercari Masterclass: The Complete Guide to Mastering Mercari,IT & Software,8640.0,4.8,19,1092
SPSS Beginners: Master SPSS,Finance & Accounting,1600.0,4.32,465,1697
PMI-ACP Certification: Planning and Monitoring Iterations,Business,8640.0,4.68,40,8581
Programming Statistical Applications in R,Development,4800.0,4.31,50,1581
CorelDRAW from Scratch to Advance: 2020,Lifestyle,5760.0,4.27,84,4958
Beginner Blender Animation For Kids,IT & Software,1280.0,4.13,5,23
Designing Gamification Level 1 (Basic) + Certification,Finance & Accounting,1920.0,4.19,1192,28018
Advanced Machine Learning & Data Analysis Projects Bootcamp,Business,8640.0,4.62,226,24242
A Complete Guide to OrientDB: A NoSQL Database,Development,8640.0,2.13,10,204
Camino de la Luna - Take What You Need,Lifestyle,1280.0,0.0,0,0
Network Programming with Java Sockets,IT & Software,1280.0,3.64,23,1116
How to Prepare For Your Trading Week During The Weekend!,Finance & Accounting,8640.0,2.76,2,21
A Consultant's Guide to PowerPoint,Business,8640.0,4.49,304,1490
Bootstrap 4 Crash Course: Introduction to Building Websites,Development,4800.0,4.53,33,184
Adobe XD for application and web design,Lifestyle,3200.0,5.0,1,1
Integrated Reporting,IT & Software,2880.0,3.71,4,8
How You Can Create a Successful Online Presence,Finance & Accounting,9600.0,4.4,59,6567
Leadership Skills and Management Training,Business,8640.0,4.15,5,23
React js. From the beginning. w/ Redux and React Router,Development,3840.0,4.6,331,1557
"Less Stress, More Success",Lifestyle,1280.0,4.23,3,264
240 Questions - ITIL 4 Foundation Practice Exams (Official),IT & Software,7040.0,4.6,71,345
Forex Scam: Avoid the scam today,Finance & Accounting,1280.0,4.42,36,1108
Navigating California's Water Efficient Landscape Ordinance,Business,1920.0,4.39,4,18
MySQL Database Development for Beginners - Lite,Development,1280.0,3.94,44,2186
Design Thinking Practitioner Program,Lifestyle,8640.0,0.0,0,10
CCNP All-in-1 Video Boot Camp With Chris Bryant,IT & Software,3200.0,4.51,7596,42345
Forex Trading Strategy for Beginners - easy in use,Finance & Accounting,8640.0,4.0,1,10
Ultimate Entrepreneurs Guide to Building an E-commerce Brand,Business,8640.0,3.8,22,107
Spring 5 Core  - An Ultimate Guide,Development,2880.0,3.9,101,6393
TALLER REVIT 2020 BÁSICO-AVANZADO 500 CLASES LOD 400,Lifestyle,8640.0,3.96,26,187
Grow your business Globally through channel partners,IT & Software,5760.0,4.21,29,5597
Sales for Startups and Entrepreneurs!,Finance & Accounting,1280.0,3.99,22,1029
Home Office & Computer Productivity Hacks Organize Your Life,Business,8640.0,3.22,57,4477
Complete Unity Artificial Intelligence & Android Development,Development,8640.0,4.07,12,39
PCB designing in EAGLE,Lifestyle,1920.0,4.22,6,18
Cisco EIGRP Practical Labs 2020 - Basic to Advanced,IT & Software,1280.0,4.25,20,267
New Virtual Assistant Business - Your Blueprint to Launch,Finance & Accounting,1920.0,4.53,75,218
"Data Analytics: SQL for newbs, beginners and marketers",Business,3840.0,4.33,1313,6902
Code and Design 2 Games in Unity® & Blender from Scratch,Development,8640.0,4.62,31,385
Learn Jewelry Designing from Scratch,Lifestyle,3200.0,4.17,89,492
Learning Clojure,IT & Software,3200.0,3.52,274,1208
Practical Data Cleaning,Finance & Accounting,1280.0,3.48,39,2422
Sales Training: How To Close More Sales,Business,8640.0,4.41,809,4594
Learn To Code By Making a 2D Platformer in Unity & C#,Development,8640.0,4.59,597,2974
SLAVIC WITCHCRAFT: PURE your MIND using power of elements,Lifestyle,2560.0,4.72,7,23
Jenkins Unlocked: 4-In-One,IT & Software,8640.0,4.41,36,333
Principles of Instrumentation and Analyzers,Finance & Accounting,1280.0,4.32,3,10
eCommerce Analytics  - Introduction,Business,1280.0,4.17,13,33
"Architect Android apps with MVP, Dagger, Retrofit & RxJava",Development,8640.0,3.65,990,3775
Assertiveness:  Stand up for yourself in the right way!,Lifestyle,1600.0,4.18,13,38
VFX'n'GO - Houdini Rocks - Volume 1,IT & Software,5440.0,3.89,10,138
Effective Property Management Advanced Course Module 3,Finance & Accounting,8640.0,3.91,17,352
Learn a Framework: Sailboat,Business,1920.0,3.75,36,178
Build a Complete Youtube Video App: Swift2.2 & 3 and Xcode,Development,6400.0,3.83,17,97
Kick- Start Your Marketing Career!,Lifestyle,1280.0,0.0,0,1
Learn How to Think Like a Visionary,IT & Software,6400.0,4.28,24,155
Forex - Price action Reversal Strategy,Finance & Accounting,1280.0,4.42,12,71
Learn about Content Writing,Business,1280.0,3.65,2935,25334
Master Facial Recognition C# - EmguCV Face Recognition,Development,8640.0,4.09,18,99
Microsoft Office Word 2016,Lifestyle,1280.0,3.62,3,11
How to succeed on fiverr - Become a Fiverr Professional Now,IT & Software,8640.0,4.43,10,27
Forensic Accounting and Investigation,Finance & Accounting,4800.0,4.41,43,163
Managing People in Business,Business,8640.0,3.45,9,41
Essential SQL Server Administration Tips (Hands-On Guides),Development,6400.0,4.23,15,123
淡路島オリーヴ協会のオリーヴオイル講座,Lifestyle,1280.0,5.0,3,13
Personal Finance Hacking (US Edition),IT & Software,0.0,3.93,166,8221
I'm A Business Owner: How Should I Pay Myself?,Finance & Accounting,3200.0,4.79,5,37
Simple Customer Development - Get your first 100 customers,Business,1280.0,4.53,23,2263
Building a Single Page Web Application with KnockoutJS,Development,5440.0,3.35,19,143
Como Fazer um Cartão Digital Interativo Passo a Passo,Lifestyle,1280.0,4.36,66,171
Learn Robot Studio,IT & Software,5120.0,4.01,28,99
Learning Path: SQL: Up and Running with SQL Server 2016,Finance & Accounting,8640.0,3.85,7,88
“Selling Luxury Masterclass”,Business,1600.0,4.01,12,31
WordPress MasterClass:Complete WordPress Beginners Guide,Development,8640.0,3.79,34,1844
Advanced 3DS MAX Modeling : 3D Modeling the (MediaTech),Lifestyle,6080.0,3.42,12,1105
200-105 Adjacent Cisco Networking Devices Practice Exam,IT & Software,8640.0,3.62,6,988
PMI® PMP PMBOK6 Practice Exams: Set One for PMP Candidates,Finance & Accounting,3200.0,3.66,19,118
Get a New Job Using Twitter,Business,1600.0,3.74,4,789
Learn PHP Programming for Absolute Beginners,Development,2240.0,3.67,95,5382
Affinity Photo for Total Beginners: Photo Editing Simplified,Lifestyle,1280.0,4.16,27,688
Corporate Finance from A to Z (Theory and Practice),IT & Software,6720.0,3.41,14,556
Drawing and Analying BCG Matrix,Finance & Accounting,1280.0,4.33,12,1370
How to Develop Your Next Big Idea Into a Profitable Business,Business,1280.0,4.78,18,1085
Mastering SharePoint Framework SPFx Development,Development,3200.0,4.42,137,691
Master Your Productivity With Qigong,Lifestyle,12800.0,4.19,18,94
Grafana for Beginners: Getting Started,IT & Software,1280.0,2.82,3,6
Pro Trader Network Excel Course 2.0,Finance & Accounting,8640.0,4.32,33,164
Primavera P6: Oracle Primavera Project Scheduling Training,Business,6080.0,4.29,52,701
Build a Life Simulator Game Using Bolt & Unity - NO CODING!!,Development,3200.0,3.8,46,279
Diseña anuncios efectivos en poco tiempo para redes sociales,Lifestyle,3200.0,4.76,2,12
Learn Blogging & Affiliate Marketing in 2020,IT & Software,1280.0,4.61,99,7867
Fixed Income in Python,Finance & Accounting,0.0,4.15,6,3008
Creating a Product Listing on Amazon,Business,1280.0,2.89,40,330
Android Apps Reskinning for Beginners - A practical approach,Development,6400.0,4.42,157,2049
How to Make a Living as an Artist,Lifestyle,1280.0,4.75,3,25
Freelance Work From Home: Top 5 Freelancing Skills,IT & Software,8640.0,4.74,6,82
Build A Restaurant Website,Finance & Accounting,1600.0,3.9,7,1290
Write More With Less Stress: Project Planning for Writers,Business,3200.0,4.37,6,756
Statistics with R - Intermediate Level,Development,3200.0,4.31,246,16729
ClickFunnels Mastery In 2020: Get Sales By Building Funnels,Lifestyle,8640.0,0.0,0,0
Jira Service Desk Server for Agents,IT & Software,5440.0,4.12,10,38
Outsource your idea | Launch your business for 1/4 the price,Finance & Accounting,8640.0,4.22,410,42661
Assertiveness for Beginners,Business,2240.0,3.84,29,1055
The Complete iOS 11 Developer Course - Beginner To Advanced,Development,8640.0,4.52,577,65682
The Complete Drawing & Painting Illustration Course,Lifestyle,8640.0,4.62,900,7165
Sarbanes-Oxley (SOX) Auditing Standards,IT & Software,6400.0,3.78,81,314
Managing People: Address and Respond to Performance Issues,Finance & Accounting,2240.0,3.83,5,149
Financial Modeling for Business Analysts and Consultants,Business,6080.0,4.15,668,5404
How to create a Multiplayer FPS in Unity,Development,1280.0,3.24,18,99
Learn Release Strategy Process in SAP Materials Management,Lifestyle,4800.0,4.6,48,227
MB-330 Microsoft Dynamics 365 Supply Chain Management Exam,IT & Software,1600.0,3.97,7,44
Learn Accounting with Quicken,Finance & Accounting,1280.0,1.78,6,8
Learn Elliott Wave: Become A Professional Trader or Analyst,Business,8640.0,3.46,74,363
The Complete Web Development Bootcamp,Development,8640.0,3.35,228,18697
Mobile App Marketing at No Cost - Growth Hacking Approach,Lifestyle,0.0,4.4,367,20086
